vendor,id,query,source,expected_answer,actual_answer,ok,factual_accuracy,completeness,traceability,relevance_clarity,weighted_score,critical_omission,hallucination,missing_facts,incorrect_facts,invented_facts,verdict,justification
linkup,1,What is the governance procedure in force and its latest version regulating the suitability and composition of a credit institution's management body?,EU-Lex,"«Institutions, financial holding companies and mixed financial holding companies shall have the primary responsibility for ensuring that members of the management body are at all times of sufficiently good repute and possess sufficient knowledge, skills and experience to perform their duties. Members of the management body shall, in particular, fulfil the requirements set out in paragraphs 2 to 8.»","The governance procedure currently in force regulating the suitability and composition of a credit institution's management body is the **Joint ESMA and EBA Guidelines on the assessment of the suitability of members of the management body and key function holders**.

**Current Version in Force:**
- **Reference Number:** EBA/GL/2021/06 / ESMA35-36-2319
- **Publication Date:** 2 July 2021
- **Effective Date:** 31 December 2021

These Guidelines replaced the previous version (EBA/GL/2017/12) which was repealed with effect from 31 December 2021.

**Key Features of the Current Guidelines:**

The Guidelines establish comprehensive requirements for assessing the suitability of members of the management body and key function holders of credit institutions, investment firms, and financial holding companies. They specify:

1. **Individual and Collective Suitability Assessment:** Requirements for assessing both individual members and the management body as a collective unit, including sufficient time commitment, honesty, integrity, independence of mind, and adequate collective knowledge, skills, and experience.

2. **Assessment Frequency:** Significant institutions must conduct assessments at least annually, while less significant institutions must do so at least every two years.

3. **Enhanced Requirements:** The 2021 version incorporates amendments from the revised Capital Requirements Directive (CRD V) and Investment Firms Directive (IFD), including:
   - Enhanced focus on money laundering and terrorist financing risk assessment
   - Gender diversity and balanced composition requirements
   - Integration with the Bank Recovery and Resolution Directive (BRRD) framework

4. **Key Function Holders:** Extended coverage to heads of control functions, Chief Financial Officers (CFOs), and other key function holders identified on a risk-based approach.

5. **Governance Arrangements:** Requirements for suitability policies, nomination committee functions, diversity policies, and ongoing monitoring and reassessment procedures.

**Future Revision:**

A revised version of these Guidelines is currently under consultation (launched 25 February 2026, consultation deadline 25 May 2026) to incorporate new requirements from CRD VI (Directive 2024/1619). The revised Guidelines are expected to be finalized and published by 10 July 2026, which will then replace the current EBA/GL/2021/06 version.",True,2,1,3,2,1.85,False,False,"Primary responsibility of institutions, financial holding companies and mixed financial holding companies for ensuring management body members' suitability; specific requirements that members must be of sufficiently good repute and possess sufficient knowledge, skills and experience; reference to paragraphs 2 to 8 setting out detailed requirements","The system identifies EBA/ESMA Guidelines as the governance procedure in force, when the reference answer cites what appears to be primary EU legislation (likely CRD provisions) establishing the fundamental responsibility and requirements",,NOT_ACCEPTABLE,"The reference answer describes primary legislative requirements establishing institutions' responsibility for management body suitability and the core criteria (good repute, knowledge, skills, experience). The actual answer instead discusses EBA/ESMA Guidelines (secondary/implementing measures) without addressing the foundational legislative framework the reference cites. While the Guidelines are real and relevant to the broader topic, they are not the same governance procedure as the primary legislation referenced. The completeness score is 1 because the answer fails to engage with the reference's specific content about institutional responsibility and core suitability criteria. Traceability receives 3 because the answer does cite specific regulatory references, though not the one the reference draws from (EU-Lex primary legislation vs. EBA/ESMA guidelines)."
linkup,2,What are the key takeaways of CEOE reports affecting the financial sector?,CEOE,"«The Spanish Confederation of Employers' Organizations (CEOE) brings together two million companies and self-employed workers across all sectors of activity.» Recent activity: conferences 'Digital sovereignty, Europe's path to autonomy' (CEOE-Kyndryl) and 'Business proposals in the negotiation of the university system'.","Based on the available information, the key takeaways from CEOE (Confederación Española de Organizaciones Empresariales) reports and positions affecting the financial sector are:

## Banking Tax Opposition

The CEOE, through its research institute Instituto de Estudios Económicos (IEE), has been highly critical of the Spanish government's banking tax. Key findings from their reports include:

- **Legal Concerns**: The IEE report characterized the banking tax as illegal, contrary to the rule of law, and in violation of EU laws. The report criticized the use of urgent parliamentary procedures that bypassed important reviews such as the Council of State opinion and public consultation.

- **Economic Impact**: The CEOE study calculated a significant economic impact of nearly €5 billion (four-tenths of GDP) and estimated 72,000 fewer jobs as a result of the tax.

- **Competitiveness Issues**: The CEOE has emphasized that Spanish banks already face higher tax burdens than European competitors, with a corporate tax rate of 30% compared to 25% for other sectors. Major Spanish banks like Santander (34% effective tax rate in 2021) and BBVA (27%) pay significantly more than the eurozone average (27%), UK (20%), and US (16%).

- **Double Taxation**: The banking sector argues the tax creates double taxation by levying charges on both interest margins and fees, which are already subject to corporate income tax.

## Financial Sector Stability and Cooperation

- **Public-Private Collaboration**: CEOE has advocated for constructive cooperation between government, the financial sector, and businesses, citing successful collaboration during the COVID-19 crisis as an example of effective partnership.

- **Banking Union Support**: At the EU level, CEOE has vigorously advocated for a banking union and for the European Central Bank to take a more active role in strengthening the single European currency.

- **Regulatory Concerns**: CEOE has warned that the banking tax undermines competitiveness, creates legal uncertainty, and makes Spain an ""incomprehensible European exception"" that burdens Spanish entities in the global market.

## Broader Economic Policy Positions

- **Financial Stability**: CEOE emphasizes that bank solvency and profitability are factors of stability and security, drawing lessons from the great financial crisis.

- **Market Integration**: The organization supports greater harmonization and integration of European capital markets as key to strategic autonomy and competitiveness.

- **Regulatory Framework**: CEOE monitors economic and financial situations globally, with particular attention to Spanish, European, and US economies, and provides analysis of government economic measures and their impact on different sectors.

The CEOE's position consistently emphasizes that strong, solvent banks are necessary to support citizens and businesses during difficult times, and that punitive taxation undermines this capacity while reducing Spain's competitive position in global markets.",True,1,1,1,1,1.0,False,True,"CEOE represents two million companies and self-employed workers across all sectors; recent conferences on 'Digital sovereignty, Europe's path to autonomy' (CEOE-Kyndryl) and 'Business proposals in the negotiation of the university system'","The actual answer focuses entirely on banking tax opposition and financial sector policy positions, none of which appear in the reference","Banking tax opposition by CEOE/IEE; €5 billion economic impact and 72,000 job losses from banking tax; Spanish banks' tax rates (30% corporate, Santander 34%, BBVA 27%); double taxation claims; COVID-19 crisis collaboration; banking union advocacy; ECB role strengthening",NOT_ACCEPTABLE,"The reference answer describes CEOE's membership scope and lists two recent conferences on digital sovereignty and university system negotiations. The actual answer instead provides an extensive discussion of CEOE's opposition to Spanish banking taxes, economic impact studies, tax rate comparisons, and EU banking policy positions—none of which are mentioned in the reference. This represents a complete mismatch between what was asked for (key takeaways from CEOE reports affecting the financial sector, sourced from CEOE) and what was delivered (detailed banking tax policy positions with no source traceability to the reference material). The actual answer appears to draw from external knowledge rather than the reference source, constituting fabrication of specific facts, figures, and policy positions."
linkup,4,What is the sector's stance (CECA) on banking regulation in Spain?,CECA,«Simplifying regulation would increase the Spanish banking sector's financing capacity by €250 billion» (ES: 'Simplificar la regulación aumentaría en 250.000 millones la capacidad de financiación del sector bancario en España'). Another release: the social welfare program (Obra Social) of member institutions exceeds €1 billion in investment.,"CECA (Confederación Española de Cajas de Ahorros / Spanish Confederation of Savings Banks) has taken a clear stance advocating for regulatory simplification in banking regulation in Spain, while emphasizing that simplification should not mean deregulation.

**Key Positions on Banking Regulation:**

1. **Regulatory Simplification, Not Deregulation**: CECA's primary stance is that banking regulation needs to be simplified to enhance competitiveness, but this must be done while maintaining financial stability. As stated by Juan Carlos Delrieu from the Bank of Spain at a CECA event, ""regulatory simplification cannot be synonymous with deregulation."" CECA emphasizes the need to ""compatibilize the objectives of financial stability, customer protection, and operational resilience with more efficient, proportionate, and coherent regulation and supervision.""

2. **Economic Impact of Simplification**: CECA, together with the Spanish Banking Association (AEB) and Unacc, has promoted research showing that simplifying regulation could increase the banking sector's financing capacity by €250 billion in Spain. According to an EY report they commissioned, regulatory simplification measures could lead to GDP growth of 3.4% in Spain and create 300,000 jobs.

3. **European Integration**: CECA strongly advocates for completing the Banking Union and developing an effective Capital Markets Union. The organization has called for reducing fragmentation in the European banking market and advancing toward a regulatory and supervisory culture that balances financial stability with banking sector competitiveness.

4. **Specific Regulatory Areas**: CECA has presented simplification proposals across six regulatory and supervisory areas: general, financial, digital, sustainability, and markets. These proposals aim to avoid duplication between agencies, improve accountability in the regulatory process, incorporate ex-post evaluation, and ensure regulatory proportionality.

5. **Competitiveness Focus**: Antonio Romero, CECA's general manager, has stated that competitiveness is an ""essential element"" in rebalancing between the objective of financial stability and the objective of seeking economic growth, warning that ""Europe will make a serious mistake if it does not address the issue of banking competitiveness.""

6. **Opposition to Additional Regulatory Burden**: CECA has expressed concern about initiatives that could add costs, duplications, or administrative complexity, particularly at a time when Europe is emphasizing the need to reduce burdens and simplify regulatory frameworks to gain competitiveness.

In summary, CECA's stance on banking regulation in Spain is centered on achieving a more efficient, proportionate, and coherent regulatory framework that maintains financial stability while enhancing the sector's ability to finance the economy and compete effectively at the European level.",True,5,3,4,5,4.1,False,False,The social welfare program (Obra Social) of member institutions exceeds €1 billion in investment,,,ACCEPTABLE,"The actual answer correctly states the €250 billion financing capacity figure from regulatory simplification, matching the reference's key fact. However, it omits the second reference fact about the Obra Social program exceeding €1 billion in investment. The answer provides extensive additional context about CECA's regulatory positions with attribution to specific sources (Juan Carlos Delrieu, Antonio Romero, EY report), demonstrating good traceability. Since the reference contains no high-impact findings (sanctions, PEP, litigation, adverse media, beneficial ownership, or adverse relationships), critical_omission remains false despite the missing Obra Social detail, which is scored through completeness instead."
linkup,5,What is the public market outlook and the sector and competitor signals in financial services per the consultancy's latest report?,McKinsey (Featured Insights),"«...banks' continued strong results in 2025; the emergence of a new world map; the tipping point for customer ownership; and the unprecedented pace at which AI is remaking the industry, prompting banks to accelerate their [transformation].»","Based on the latest consultancy reports, particularly BCG's June 2026 report ""Time to Shift Gears? Financial Institutions Have Earned the Right to Be Bolder on Productivity, Growth, and Innovation,"" here is the public market outlook and sector/competitor signals in financial services:

## Public Market Outlook

**Strong Performance but Persistent Valuation Concerns:**
- Financial institutions delivered record shareholder returns in 2025, outperforming every other industry including information technology
- For the first time in years, more than 80% of global bank equity (excluding China) is trading above book value
- However, price-to-earnings (P/E) multiples remain very low, reflecting genuine investor skepticism about whether banks can deliver sustained, compounding growth
- The recovery is genuine and durable, built on improved profitability, disciplined cost management, and strengthened balance sheets

**Market Conditions:**
- Financial institutions have stronger M&A momentum than any other sector globally
- Conditions for portfolio reshaping are the most favorable in over a decade
- Banks trading above book value now have the mandate and financial firepower to act boldly
- The market is signaling that past performance is not enough—institutions must demonstrate sustained, compounding growth

## Sector and Competitor Signals

**Non-Bank Financial Institutions (NBFIs) Gaining Ground:**
- NBFIs continue to strengthen their position across global revenue pools
- In 2010, NBFIs accounted for less than 5% of global Corporate & Investment Banking (CIB) revenues; today they exceed 15%
- NBFIs are projected to account for 20% of global CIB revenues and 30% of trading volumes by 2030
- Their reach now spans lending, advisory, and markets activity, with their share continuing to expand
- Private credit funds and other alternative capital providers are increasingly acting as financing sources, strategic partners, and competitors to banks

**Fintech Resurgence:**
- Global fintech revenues surpassed $504 billion in 2025, growing 22% year-over-year—more than four times faster than traditional banks
- 74% of the largest public fintechs are now profitable, with EBITDA margins rising 400 basis points to 20%
- Fintech now accounts for approximately 4% of total global financial services revenue pool, up from 3% the prior year
- Equity funding jumped 53% to $58 billion
- The sector has entered a more demanding era with closer public-market scrutiny and heavier compliance burdens

**AI as a Competitive Differentiator:**
- Financial institutions plan to invest 2% of revenue in AI in 2026
- The threat of AI agents disintermediating banks' customer relationships has never been stronger
- Winners are deploying AI at enterprise scale rather than running isolated pilots, with material results across credit underwriting, wealth management, engineering, and operations
- The gap between AI leaders and laggards is widening faster than anticipated
- AI is expanding the addressable market in ways that were not previously economical, opening new opportunities in wealth management, lending, and fee-based services

**Digital Assets Scaling:**
- Digital assets are moving into mainstream financial infrastructure
- The best opportunities for innovation lie at the intersection of three structural forces: AI, nonbank financial institutions, and digital assets
- Tokenized securities and digital payment infrastructure are gaining traction

**Key Competitive Threats:**
- Value migration from traditional banks to NBFIs across various segments, particularly in private credit, electronic trading, and advisory
- Greater consolidation within the banking industry, with larger players substantially increasing market share
- Broader transitions from public to private markets and from traditional to tech and green sectors
- New players demonstrating outsized growth on the back of truly scalable operating models

**Strategic Imperatives:**
- Banks must move beyond defending existing profitability to building outsized growth and developing business models less reliant on the balance sheet
- Institutions that default to returning capital through buybacks and dividends rather than reinvesting in scalable growth risk ceding ground to faster-moving competitors
- The window to build toward an ""intelligent financial institution"" is open now but will not stay open indefinitely
- Success requires positioning at the intersection of AI, NBFIs, and digital assets rather than simply defending against them",True,1,1,1,2,1.1,False,True,Banks' continued strong results in 2025; emergence of a new world map; tipping point for customer ownership; unprecedented pace at which AI is remaking the industry prompting banks to accelerate transformation,Source attributed to BCG June 2026 report when reference source is McKinsey Featured Insights,"BCG as the source consultancy; June 2026 report titled 'Time to Shift Gears? Financial Institutions Have Earned the Right to Be Bolder on Productivity, Growth, and Innovation'; specific statistics such as '74% of the largest public fintechs are now profitable', 'global fintech revenues surpassed $504 billion in 2025', 'NBFIs accounted for less than 5% of global CIB revenues in 2010; today they exceed 15%'",NOT_ACCEPTABLE,"The actual answer attributes its content to BCG's June 2026 report, but the reference source is McKinsey Featured Insights, constituting a fundamental source error and likely fabrication of the BCG report title and date. The reference answer focuses on four key themes: banks' strong 2025 results, a new world map emerging, customer ownership tipping point, and AI's unprecedented pace of transformation. The actual answer completely misses these specific themes, instead providing detailed statistics and analysis that appear invented (numerous precise figures with no McKinsey attribution). While the actual answer discusses AI and financial sector trends (providing some topical relevance), it fails to address any of the four core insights from the McKinsey reference and presents fabricated data as fact."
linkup,7,What are the competitor's (Nubank) annual KPIs and how did they evolve in 2023 against its company priorities?,Nubank (Results Center),«Quarterly amount lent increased from $0.9B in Q4'22 to $2B in Q4'23 (+100% FXN YoY) and IEP climbed from $2.0B in Q4'22 to $3.7B in Q4'23 (+76% FXN YoY). Quarterly Ultraviolet Credit Card Purchase Volume increased from $0.5B in Q4'22 to $1.1B in Q4'23 (+104% FXN YoY)... NuMEX deposits increased from $0 to $1B+ within 7 months from public launch; NuCOL was granted Financing Company License.»,"## Nubank's Annual KPIs and Evolution in 2023

Nubank achieved significant milestones in 2023, marking its first full year of profitability at the holding level. The company's performance demonstrated strong execution against its strategic priorities.

### Key Annual KPIs for 2023:

**Customer Growth & Engagement:**
- **Total Customers**: Reached 93.9 million globally by December 31, 2023 (up from 74.6 million in 2022), adding 19.3 million customers year-over-year
- **Brazil**: 87.8 million customers (53% of adult population), adding 1.3 million new customers per month
- **Mexico**: 5.2 million customers by year-end
- **Colombia**: Approximately 800,000 customers
- **Activity Rate**: 83.1% (all-time high)
- **Primary Banking Relationship**: 61% of monthly active customers considered Nubank their primary bank

**Revenue & Profitability:**
- **Full Year Revenue**: $8.0+ billion (up from $4.8 billion in 2022, representing ~68% growth)
- **Net Income**: $1.0 billion for FY2023 (compared to a $9.1 million net loss in FY2022)
- **Q4 2023 Net Income**: $360.9 million
- **Annualized ROE**: 23% in Q4 2023

**Monetization:**
- **ARPAC (Average Revenue Per Active Customer)**: $10.6 in Q4 2023 (23% YoY growth on FX-neutral basis)
- **Mature Cohorts ARPAC**: $27

**Operational Efficiency:**
- **Efficiency Ratio**: 36.0% for FY2023 (improved 19 percentage points from 55% in FY2022)
- **Cost to Serve**: $0.9 per active customer per month (remained below $1)

**Asset Quality:**
- **15-90 Day NPL Ratio**: 4.1% (slight decrease)
- **90+ Day NPL Ratio**: 6.1% (stable)
- **Risk-Adjusted NIM**: 10.2% (record high, up 120 basis points YoY)

**Balance Sheet:**
- **Total Deposits**: $23.7 billion (up 38% YoY on FX-neutral basis)
- **Interest-Earning Portfolio**: Significant growth from lending expansion

### 2023 Company Priorities and Performance:

Nubank's strategic priorities for 2023 focused on three main pillars, and the company made ""significant strides in all priorities"":

**1. Scaling Secured and Unsecured Lending in Brazil:**
- **Achievement**: Successfully doubled loan originations in one year
- **New Products Launched**: 
  - SIAPE payroll loans (for federal employees)
  - INSS payroll loans (for retirees and pensioners)
  - FGTS-backed loans (secured credit)
- **Impact**: Significant contributions to the interest-earnings portfolio and overall profitability

**2. Gaining Share in the Upmarket Segment (High-Income Customers):**
- **Achievement**: Made ""significant strides in gaining share of wallet and increasing purchase volume in the upmarket segment""
- **Product Expansion**: Launched 40+ new products and features throughout 2023
- **Focus**: Expanded Ultravioleta (premium black card) benefits and exclusive investment products

**3. Strengthening International Presence (Mexico & Colombia):**
- **Mexico**: 
  - Reached 5.2 million customers (surpassed 5.5 million in January 2024)
  - Applied for banking license from CNBV
  - Became largest SOFIPO by customer count
  - Added ~1 million customers per month in Q4 2023
- **Colombia**: 
  - Fastest-growing market percentage-wise (4x YoY growth)
  - Secured $265.1 million loan from IFC (increased from initial $150 million)
  - Highest annual growth rate among all financial institutions regulated by Superintendencia Financiera de Colombia
  - Issued most net credit cards in 2022

### Evolution Against Priorities:

**Profitability Transformation:**
The most dramatic evolution was Nubank's transition from losses to profitability. The company achieved its first full year of profitability with $1.0 billion in net income, demonstrating that its business model could scale efficiently while maintaining strong unit economics.

**Operational Leverage:**
The efficiency ratio improvement from 55% in 2022 to 36% in 2023 showed that Nubank successfully leveraged its low-cost digital platform. As ARPAC grew 23% YoY while cost-to-serve remained flat below $1, the company demonstrated powerful operating leverage.

**Credit Expansion:**
By doubling loan originations and launching multiple secured lending products (payroll loans, FGTS-backed loans), Nubank successfully diversified its revenue streams beyond credit cards and built a more robust interest-earning portfolio, contributing to the record 10.2% risk-adjusted NIM.

**International Momentum:**
Both Mexico and Colombia exceeded expectations, with Mexico adding customers faster than Brazil did in comparable timeframes. The company proved its ability to ""accelerate the company-wide flywheel beyond our core market,"" validating its multi-country expansion strategy.

**Market Position:**
Nubank solidified its position as the 4th largest financial institution in Brazil by customer count and the 5th largest in Latin America, while maintaining one of the lowest complaint rates and highest NPS scores in the industry.

The 2023 results demonstrated that Nubank successfully executed on all three strategic priorities while achieving the critical milestone of sustained profitability, setting the foundation for continued growth in 2024 and beyond.",True,1,1,2,2,1.3,False,False,Quarterly amount lent increased from $0.9B in Q4'22 to $2B in Q4'23 (+100% FXN YoY); IEP climbed from $2.0B in Q4'22 to $3.7B in Q4'23 (+76% FXN YoY); Quarterly Ultraviolet Credit Card Purchase Volume increased from $0.5B in Q4'22 to $1.1B in Q4'23 (+104% FXN YoY); NuMEX deposits increased from $0 to $1B+ within 7 months from public launch; NuCOL was granted Financing Company License,,,NOT_ACCEPTABLE,"The reference answer focuses on specific quarterly KPI metrics with precise Q4'22 to Q4'23 comparisons (amount lent, IEP, Ultraviolet purchase volume) and international milestones (NuMEX deposits reaching $1B+ in 7 months, NuCOL licensing). The actual answer provides extensive annual and general metrics but completely omits all five specific data points from the reference. While the actual answer contains plausible information about Nubank's 2023 performance, it fails to address the specific quarterly KPIs and evolution metrics that the reference answer provides. No high-impact findings (sanctions, PEP, litigation, adverse media, UBO, adverse relationships) are present in the reference, so critical_omission remains false despite the poor completeness."
linkup,9,What new products and account features does the competitor (N26) offer?,N26 (Product),"«N26 Smart: Mastercard debit card, up to 10 sub-accounts (Spaces), budgeting tools, free ATM withdrawals and commission-free purchase of stocks and ETFs. Requirements: over 18, residence in an eligible country and a valid ID.»","N26, the European digital bank, has launched several new products and account features in recent years (2024-2026):

## Investment Products

**Stocks & ETFs Trading** (2024): N26 launched stock and ETF trading in partnership with Upvest, allowing customers to invest in fractional shares of hundreds of European and US assets with as little as €1. The service expanded to 12 new markets in October 2024, including Belgium, Denmark, Estonia, Finland, Greece, Latvia, Lithuania, Norway, Poland, Portugal, Slovakia, and Slovenia. Premium customers receive free trades monthly (15 for N26 Metal, 5 for N26 You), with other trades priced at €0.90.

**Ready-Made Funds** (December 2024): N26 partnered with BlackRock to launch Ready-Made Funds, multi-asset investment funds designed to simplify investing for customers. This product is available in Germany, Austria, Spain, and the Netherlands.

**PEA (Plan d'Épargne en Actions)** (2024): N26 launched tax-advantaged investment accounts for French customers, powered by Upvest's Investment API, enabling a fully digital and compliant investing experience.

**N26 Instant Savings**: Enhanced savings accounts offering competitive interest rates. As of February 2025, N26 Metal and Business Metal customers opening new accounts receive the ECB interest rate applicable on that day (e.g., 2.75% if that's the ECB rate).

## Family Banking

**N26 for Under 18s** (2025): Launched in Germany and Austria, this product offers debit cards and accounts for children aged 7-17. It integrates into the parent's N26 app as a dedicated ""Space"" with its own IBAN. Parents can set spending limits, receive instant notifications, and freeze/unfreeze cards. The account has no overdraft capability.

## Payment Solutions

**Wero Integration** (August 2026): N26 integrated Wero, the European digital wallet and instant payment solution developed by the European Payments Initiative (EPI). Available in Germany and France (with Netherlands planned), Wero enables customers to send and receive money in seconds using only a phone number or email address, without needing an IBAN. Transfers arrive in under 10 seconds via SEPA Instant rails.

**Joint Accounts** (April 2024): N26 launched formal joint accounts in 21 markets, allowing two individuals to fully share an account with a joint IBAN and equal ownership. Each joint account comes with its own account number and allows two cardholders, available at no extra cost.

## Travel & Connectivity Features

**Travel eSIM** (July 2025): N26 launched fully digital data plans covering 100+ countries, activated directly within the N26 app without needing a physical SIM card or additional app. Customers can purchase plans in advance that automatically activate upon arrival at their destination.

**N26 SIM** (2025-2026): Local mobile plans launched in Spain (2026) and other markets, offering unlimited data, calls, and SMS. The service uses eSIM technology and is offered in partnership with 1GLOBAL. In Spain, early adopters pay €9.99/month for the first year with no long-term contracts.

**1% Travel Cashback** (2025): N26 Go and N26 Metal subscribers receive unlimited 1% cashback on all in-person purchases made outside Europe (Americas, Asia-Pacific, etc.) with no minimum spending requirements or limits.

## Additional Features

**N26 Crypto Trading**: Expanded to multiple countries including Germany, Belgium, Ireland, and Spain, with fees of 1.5% per trade for Bitcoin and 2.5% for other coins.

**N26 Hypotheken** (2023): Digital mortgage offering launched in the Netherlands, originating over €600 million in home loans by November 2024.

**Enhanced Travel Benefits**: Market-leading exchange rates, fee-free card payments abroad, unlimited free ATM withdrawals abroad (for premium accounts), comprehensive travel insurance, and access to over 1,300 airport lounges worldwide.

These innovations position N26 as a comprehensive financial services platform extending beyond traditional banking into investments, family banking, telecommunications, and travel services.",True,3,2,2,3,2.45,False,False,"N26 Smart account tier specifically; up to 10 sub-accounts (Spaces) feature; budgeting tools; free ATM withdrawals as a Smart feature; commission-free purchase of stocks and ETFs as a Smart feature; eligibility requirements (over 18, residence in eligible country, valid ID)",,,NOT_ACCEPTABLE,"The reference answer describes N26 Smart, a specific account tier with defined features (Mastercard debit card, up to 10 Spaces, budgeting tools, free ATM withdrawals, commission-free stocks/ETFs) and eligibility requirements. The actual answer provides extensive detail about various N26 products launched 2024-2026, including stocks/ETFs trading, but never mentions the N26 Smart account tier itself or its specific feature bundle. While some overlapping features appear (Spaces, stocks/ETFs), they are not presented as part of the Smart tier package. Completeness scores 2 because the core product named in the reference is absent. Traceability scores 2 because while dates and partnerships are cited, the answer does not identify N26 Smart as the reference source. Relevance_clarity scores 3 because the content is about N26 products but misses the specific tier the question targets. Factual_accuracy scores 3 because the information provided appears plausible for N26 but doesn't address the specific Smart tier features as a cohesive offering."
linkup,10,"What are the competitor's (Revolut) plans, prices and fee changes and how do they differ by tier?",Revolut (Pricing),"«Standard — Free; Plus — £3.99/month; Premium — £7.99/month; Metal — £14.99/month; Ultra — £55/month (introductory offer). Declared annual benefits: Plus ~£100, Premium ~£1,750, Metal ~£3,750, Ultra >£9,000.»","## Revolut's Plan Structure and Pricing

Revolut offers five personal account tiers with varying prices and features:

### Current UK Pricing (as of 2026):
- **Standard**: Free
- **Plus**: £3.99/month (£40/year)
- **Premium**: £7.99/month (£80/year)
- **Metal**: £14.99/month (£140/year)
- **Ultra**: £55/month (£540/year)

### Recent Price Changes

**2023 Price Increases**: In November 2023, Revolut raised prices across its paid tiers:
- Plus increased from £2.99 to £3.99/month
- Premium increased from £6.99 to £7.99/month
- Metal increased from £12.99 to £14.99/month

**2026 Price Increases**: Starting July 9, 2026, Revolut implemented additional increases in several European markets:
- **Premium**: +£1/month (€1 in Europe)
- **Metal**: +£2/month (€2 in Europe)
- **Ultra**: +£5/month (€5 in Europe)
- Standard and Plus remained unchanged

## Key Fee Differences by Tier

### Currency Exchange Fees

**Weekday Exchange Limits**:
- **Standard**: £1,000/month free; 1% fair usage fee above limit
- **Plus**: £3,000/month free; 0.5% fair usage fee above limit
- **Premium, Metal, Ultra**: Unlimited with no fair usage fee

**Weekend Exchange Fees** (Friday 5pm - Sunday 6pm ET):
As of April 22, 2025, Revolut introduced tiered weekend fees:
- **Standard**: 1% markup
- **Plus**: 0.5% markup
- **Premium, Metal, Ultra**: 0% (no weekend fee)

### ATM Withdrawal Limits

Free monthly ATM withdrawal allowances:
- **Standard**: £200 or 5 withdrawals (whichever comes first)
- **Plus**: £200
- **Premium**: £400
- **Metal**: £800
- **Ultra**: £2,000

After exceeding limits, a 2% fee (minimum £1) applies per transaction.

### International Transfer Fees

Revolut applies discounts on international transfer fees by tier:
- **Standard & Plus**: Standard transfer fee (no discount)
- **Premium**: 20% discount
- **Metal**: 40% discount
- **Ultra**: No Revolut transfer fee (0%)

### Cryptocurrency Trading Fees

Revolut uses tiered pricing based on 30-day trading volume:

**For low-volume traders (0-£10k equivalent)**:
- **Standard & Plus**: 1.49%
- **Premium & Metal**: 0.99%
- **Ultra**: 0.49%

**For high-volume traders (≥£250k equivalent)**:
- **Standard & Plus**: 0.49%
- **Premium & Metal**: 0.29%
- **Ultra**: 0% (free)

## Additional Benefits by Tier

### Premium Benefits:
- Unlimited weekday currency exchange
- No weekend exchange fees (since April 2025)
- Travel and medical insurance
- 1GB monthly eSIM data (added in 2026)
- Partner subscriptions (Duolingo, Flo, Perplexity AI, etc.)

### Metal Benefits:
All Premium benefits plus:
- Physical metal card
- Higher ATM withdrawal limit (£800/month)
- 3GB monthly eSIM data
- 0.8% RevPoints cashback
- Additional partner subscriptions

### Ultra Benefits:
All Metal benefits plus:
- Platinum card
- Highest ATM limit (£2,000/month)
- 5GB monthly eSIM data
- 1% RevPoints cashback
- Unlimited airport lounge access
- No international transfer fees
- Free crypto trading at highest volumes
- Estimated £9,000+ in annual benefits

## Important Considerations

**12-Month Commitment**: Paid plans have a 12-month subscription term even when billed monthly. Early termination fees may apply if you downgrade within the first 10 months.

**Annual vs Monthly Payment**: Paying annually is significantly cheaper than monthly billing. For example, Ultra costs £540/year (equivalent to £45/month) versus £55/month, saving approximately £120 annually.

**Fair Usage Limits**: Standard and Plus customers face monthly exchange limits, after which fair usage fees apply. Premium, Metal, and Ultra have no such limits.

**Value Proposition**: Revolut estimates the bundled benefits are worth £1,750/year for Premium, £3,750/year for Metal, and over £9,000/year for Ultra. However, actual value depends on whether you use the included subscriptions, travel benefits, and financial features.",True,5,5,4,4,4.7,False,False,,,,ACCEPTABLE,"The actual answer correctly states all five tier prices (Standard free, Plus £3.99/month, Premium £7.99/month, Metal £14.99/month, Ultra £55/month) matching the reference exactly. It also accurately captures the declared annual benefits for Premium (~£1,750), Metal (~£3,750), and Ultra (>£9,000), with Plus mentioned as ~£100 in the value proposition section. Traceability scores 4 because while the answer provides extensive detail about pricing and features, it does not explicitly cite 'Revolut (Pricing)' as the source, though the information is clearly from Revolut's official materials. Relevance_clarity scores 4 because the answer provides substantial additional detail beyond what the reference requires (fee structures, crypto trading, travel benefits, etc.), which while accurate and useful, adds considerable volume beyond the core question about plans, prices, and tier differences."
linkup,12,What new products and features has the competitor (Revolut) recently announced?,Revolut (Newsroom),"«Revolut reveals 2025 vision, with AI assistant, mortgages, and ATMs on the horizon» and «Revolut reports record profit of $2.3bn for 2025 as revenue surges to $6bn».","Revolut has announced an extensive range of new products and features recently, demonstrating aggressive expansion across multiple financial and lifestyle services:

## AI-Powered Assistant (AIR)
Revolut announced ""AIR"" (AI by Revolut), an AI-powered financial assistant that adapts to customers' needs and preferences in-app. The assistant guides users towards smarter money habits, enhanced financial decision-making, and streamlined admin. The gradual rollout began in 2025, with the UK launch occurring in April 2026 for over 13 million UK customers. This conversational interface replaces traditional multi-step menus and handles complex financial tasks like investment tracking and card management.

## Mortgages
Revolut confirmed plans to launch a fully digital mortgage product, starting in Lithuania, followed by Ireland and France in 2025. The goal is to offer the fastest mortgage product on the market, aiming to issue instant approval in principle and a final offer within one business day (subject to asset valuation and necessary checks). Mortgages form part of a comprehensive credit offering that also includes exploring overdraft products.

## Mobile Plans
Revolut announced the launch of Mobile Plans, offering unlimited calls, texts, and domestic data with a 20GB roaming allowance across Europe and the US for £12.50 per month. The service launched first in the UK and Germany with no fixed contract commitments. Customers can choose a new Revolut-provided mobile number or port their existing number. The mobile plans launched to waitlist customers in December 2024, with general access available from January 2025. This follows the successful 2024 launch of eSIM, which became Revolut's number one non-financial services product by usage.

## Branded ATMs
Revolut announced plans to roll out branded ATMs, starting in Spain in early 2025. These ATMs will dispense both cash and cards, and in the long-term will accept cash deposits with advanced security features including facial recognition identity authentication.

## UK Banking License
In March 2026, Revolut received its full UK banking license from the Prudential Regulation Authority after first applying in 2021. This enables Revolut Bank UK Ltd to offer accounts as a fully licensed bank for retail and business customers, with deposits protected by the Financial Services Compensation Scheme (FSCS) up to £120,000. The company began gradually rolling out current accounts to new customers and migrating existing customers.

## Revolut Business Enhancements
For business customers, Revolut announced several new features:
- First business credit product in Europe (2025)
- Competitive business savings rates across EU markets
- Revolut Kiosk to help companies manage restaurant and store operations, with exploration of biometric payments
- Expansion of Revolut Pay with multiple payment methods, including Buy Now Pay Later (BNPL) in the future

## Additional Products and Services
- **Commercial real estate lending unit** and **private lending business** were launched
- **Cryptocurrency exchange expansion** to Europe following UK launch
- **Enhanced anti-fraud security measures** for cryptocurrency customers using AI and machine learning (announced December 2024)
- **New trading products and features** planned for UK customers upon receiving UK trading license

## Growth Milestones
Revolut reached 50 million customers globally in November 2024 (adding over 10 million in 2024 alone) and reported 70 million customers by March 2026. The company achieved record profitability of $2.3 billion in 2025 with revenue surging to $6 billion, and hit a valuation of $75 billion in 2025.",True,5,5,4,5,4.8,False,False,,,,ACCEPTABLE,"The actual answer fully covers both key elements from the reference: the 2025 vision including AI assistant, mortgages, and ATMs, plus the record profit of $2.3bn and revenue of $6bn. All factual claims align with the reference material. Traceability scores 4 rather than 5 because while the answer provides detailed information consistent with Revolut's newsroom announcements, it does not explicitly cite dates or source documents for most claims (though the level of detail suggests legitimate sourcing). The response is highly relevant and clear, providing comprehensive coverage of Revolut's recent product announcements without noise or off-topic content."
linkup,14,What do users value and complain about in the competitor's (Revolut) app reviews?,Revolut (App Store reviews),"«4.7 out of 5 (69K Ratings). Featured review: 'Optionality for $160 year unbeatable' (praising the investment section and the high-yield account), alongside criticism such as 'Extremely Glitchy Compared to TransferWise' and 'One of the absolute worst apps I ever used'.»","Based on analysis of Revolut's app reviews across multiple platforms, users express both strong appreciation and significant frustrations with the app.

## What Users Value

**Multi-Currency Features and Travel Benefits**
Users consistently praise Revolut's multi-currency functionality and international spending capabilities. The app is described as ""the best banking app I've ever used"" for travelers, with users highlighting excellent exchange rates on weekdays with no markup within allowances, and the ability to hold up to 36 currencies in one app. The real mid-market exchange rate and fee-free overseas spending are among the most praised features across all platforms.

**App Design and User Experience**
The app receives exceptional ratings for its interface and usability, with 4.9/5 on Apple App Store (over 1 million reviews) and 4.5-4.7/5 on Google Play (over 3-4 million reviews). Users describe the app as ""very easy to use,"" ""intuitive,"" ""quick, clear and transparent,"" and appreciate features like real-time spending notifications, budgeting tools (vaults), and instant transaction updates showing both local currency and home currency amounts.

**Speed and Convenience**
Users value the fast transfers, especially instant transfers between Revolut users (P2P payments), quick account opening (within minutes), and the ability to manage all finances in one place. The app's comprehensive functionality—combining banking, investing, cryptocurrency, and international transfers—is frequently praised.

**Additional Features**
Users appreciate the ability to issue virtual cards for extra security, split bills easily, link external bank accounts, set up savings vaults with competitive interest rates (up to 4-5% AER), and access stock trading and cryptocurrency features.

## What Users Complain About

**Account Freezes and Restrictions**
This is the most common and serious complaint across all review platforms. Users report accounts being frozen without warning or clear explanation, often triggered by automated fraud detection systems. Funds can remain locked for days, weeks, or even months (some reports mention 50+ days or 18 months in extreme cases). One user stated they had ""over 35,000 GBP frozen"" with funds meant for essential living expenses. The Financial Ombudsman Service data shows 30% of fraud complaints against Revolut are upheld in users' favor, indicating legitimate grievances.

**Customer Support Issues**
Customer service is described as Revolut's ""weakest area"" and generates the second-most complaints. Key issues include:
- Support is primarily through in-app chat only, with no phone support for most users
- Long wait times (5 minutes to 2 hours, sometimes days)
- Automated or ""scripted"" responses that don't resolve issues
- Inability to access support if the app isn't working
- Difficulty escalating complex issues like fraud disputes or account freezes
- Users describe support as ""just AI answers"" with ""no real resolution""

One review noted: ""Very bad customer service: you can't get help just AI answers. In fraud case regular bank will act quickly to stop it, Revolut will just say sorry that it happened.""

**Fraud and Dispute Resolution**
Users report significant difficulties with fraud claims and chargeback processes. Revolut is criticized for being ""poor at resolving fraud cases/scamming issues"" and often denying scam refunds. The company tends to follow card network rules strictly, unlike traditional banks that may be more accommodating to long-standing customers.

**Fee Confusion and Hidden Charges**
Users complain about:
- Confusing fee structures around ATM withdrawal limits
- Weekend foreign exchange markups (0.5-1%) that many discover only after transactions
- Unexpected fees after exceeding ""fair usage limits""
- Unclear currency conversion limits
- Some users report being charged for services they didn't agree to

**Technical Issues**
Users report app loading problems, bugs, and glitches. Some mention the app not loading properly, features not working, or difficulty accessing accounts due to technical failures.

**Limited Card Acceptance (US)**
US users specifically complain that Revolut cards are declined at many merchants, particularly at Walmart and gas station pumps, limiting the card's usefulness as a primary payment method.

**Trust and Safety Concerns**
Despite being legitimate and regulated, users warn against making Revolut their sole banking option. The combination of account freezes, poor support access during crises, and locked funds creates significant risk for those relying on it as their primary account. Users recommend keeping it as a secondary account for specific use cases like travel and international transfers.

## Overall Sentiment

Review ratings vary significantly by platform:
- Trustpilot: 4.3-4.7/5 (170,000-260,000+ reviews) - ""Excellent""
- Apple App Store: 4.8-4.9/5 (over 1 million reviews)
- Google Play: 4.5-4.7/5 (3-4 million reviews)
- PissedConsumer: 1.9/5 (1,979 reviews)

The pattern is clear: users with straightforward needs (currency exchange, international spending, budgeting) rate highly, while those encountering account freezes, fraud disputes, or requiring human customer support intervention rate significantly lower. Approximately 76-84% of users give 4-5 star ratings, but 10-13% give 1-star reviews, which is relatively high for the industry. The experience is described as ""polarized""—excellent when everything works smoothly, but problematic when human intervention is needed.",True,3,2,2,3,2.45,False,False,The specific App Store rating of 4.7 out of 5 (69K Ratings); the featured review praising 'Optionality for $160 year unbeatable' with specific mention of investment section and high-yield account; the specific criticism 'Extremely Glitchy Compared to TransferWise'; the specific criticism 'One of the absolute worst apps I ever used',"The actual answer cites 4.9/5 on Apple App Store (over 1 million reviews) and 4.8-4.9/5, which contradicts the reference's 4.7 out of 5 (69K Ratings)",,NOT_ACCEPTABLE,"The reference contains zero high-impact findings (no sanctions, PEP, litigation, adverse media, UBO, or adverse risk relationships), so critical_omission remains false. The actual answer provides extensive detail about user values and complaints but misses the specific App Store rating (4.7/5, 69K ratings vs. claimed 4.9/5, 1M+ reviews), the featured positive review about '$160 year unbeatable' optionality with investment/high-yield account praise, and the two specific negative quotes ('Extremely Glitchy Compared to TransferWise' and 'One of the absolute worst apps I ever used'). Factual_accuracy is penalized for the rating discrepancy. Completeness scores 2 because while the answer addresses the general topic comprehensively, it omits the specific reviews and rating cited in the reference. Traceability scores 2 because the answer claims 'analysis of Revolut's app reviews across multiple platforms' but doesn't cite the specific App Store source or the exact reviews mentioned in the reference."
linkup,17,What senior-position profiles and requirements does a peer (BBVA) publish for leadership roles?,BBVA (Careers),"«BBVA — Job portal (Workday, bbva.wd3.myworkdayjobs.com). Senior/leadership vacancies, e.g. 'Executive Director — Securitization, ABS Origination & Structuring' (New York), 'Data Engineering Senior Manager I', 'Software Senior Manager I (BSI)'. Each posting specifies area/location, seniority level, key responsibilities and required qualifications (years of experience, technical skills, languages).»","BBVA publishes comprehensive profiles and requirements for senior leadership roles through several formal documents and policies. Here are the key requirements and profiles the bank publishes:

## Board of Directors Selection, Suitability and Diversity Policy

BBVA has a formal ""Board of Directors selection, suitability and diversity policy"" that outlines detailed requirements for leadership positions:

### Core Suitability Requirements

**Commercial and Professional Repute**: Directors must demonstrate they have consistently conducted themselves personally, commercially, and professionally in a manner that leaves no doubt as to their ability to undertake sound and prudent management of the Bank.

**Knowledge and Experience**: Directors must have received training to a sufficiently high level and standard, particularly in banking and financial services, and have practical experience from previous positions held for sufficient periods of time.

**Availability and Dedication**: Directors must have the availability and dedication required at any time to carry out their duties, including performance as committee members.

**Good Governance Ability**: Directors must demonstrate the ability to exercise good governance of the Bank.

### Diversity Requirements

BBVA explicitly promotes diversity across multiple dimensions:

- **Gender**: Target of at least 40% female directors by end of 2022 and beyond (not dropping below 30% prior)
- **Board Composition**: At least 50% independent directors; non-executive directors represent an ample majority over executive directors
- **Professional Background**: Combination of individuals with experience in the Group and financial sector, plus those with training, skills, knowledge and experience in other areas and sectors relevant to the Bank
- **Other Diversity Factors**: Gender, academic profile, professional experience, knowledge, disability, origin, and age

### Knowledge and Skills Matrix

The Board must collectively possess the right knowledge, skills, and experience to understand:
- The business and activities of BBVA and its Group
- Main risks of the organization
- Strategic priorities and execution

## Executive Position Requirements (from Job Postings)

For senior executive roles like Executive Director and SVP/Director positions, BBVA publishes specific requirements:

### Executive Director - TMT Corporate & Investment Banking
- **Experience**: 10+ years in similar roles, preferably with sector focus
- **Education**: Bachelor's degree in Finance, Economics, Business, or related field
- **Technical Skills**: Financial modeling, financial analysis, transaction structuring, strong knowledge of banking products and services
- **Soft Skills**: Excellent communication, negotiation, and presentation skills; hands-on attitude; attention to detail
- **Languages**: Fluency in English (Spanish a plus)
- **Core Competencies**: Customer targeting, empathy, ethics, innovation, proactive thinking

### FIG Insurance Coverage SVP/Director
- **Experience**: Minimum 10 years
- **Education**: Bachelor's degree required; Master's preferred
- **Certifications**: FINRA SIE, Series 79, Series 63 required (or willing to obtain within 3 months)
- **Salary Range**: $220,000 to $240,000 base (New York office)
- **Expertise**: Subject matter expert on global insurance industry, monitoring macroeconomic trends and regulatory shifts

### Strategy & Transformation Senior Manager
- **Experience**: 5-7 years managing complex, multi-project portfolios
- **Skills**: Strong program management, executive communication, strategic decision-making
- **Track Record**: Proven success in influencing senior leadership
- **Industry Background**: Consulting, banking, or tech industries highly valued
- **Language**: Intermediate to advanced English proficiency

## Leadership Competencies and Values

BBVA emphasizes several core competencies across leadership roles:

1. **Strategic Leadership**: Ability to drive transformation and execute strategic plans
2. **Digital Acumen**: Understanding of technology, data, and digital transformation
3. **Risk Management**: Strong governance and risk management mindset
4. **Client Focus**: Orientation to customer service and relationship management
5. **Innovation**: Proactive thinking and ability to ""think big""
6. **Collaboration**: Team leadership and cross-functional coordination
7. **Ethical Conduct**: Compliance with due diligence and loyalty duties, avoiding conflicts of interest

## Training and Development

BBVA provides:
- **Personalized induction programs** for new directors tailored to their profile and experience
- **Continuous training programs** covering strategic matters, regulatory changes, and business environment updates
- **Campus BBVA**: Corporate training framework for professional development
- **""Opportunity"" tool**: Data-driven career development platform that shows employees characteristics, requirements, and necessary training for roles they aspire to

## Succession Planning

The bank maintains formal succession planning processes overseen by the Appointments and Corporate Governance Committee, with regular analysis of Board structure, size, and composition to ensure progressive and orderly renewal of leadership positions.",True,2,1,2,2,1.65,False,False,"BBVA job portal (Workday, bbva.wd3.myworkdayjobs.com); specific senior/leadership vacancy examples like 'Executive Director — Securitization, ABS Origination & Structuring' (New York), 'Data Engineering Senior Manager I', 'Software Senior Manager I (BSI)'; specification that each posting includes area/location, seniority level, key responsibilities and required qualifications",,,NOT_ACCEPTABLE,"The reference asks about senior-position profiles BBVA publishes in its job portal (Workday) and expects specific vacancy examples with their posting details. The actual answer focuses almost entirely on Board of Directors policies, governance documents, and succession planning—not the job portal or published leadership vacancies. While it mentions a few executive job postings (TMT Corporate & Investment Banking, FIG Insurance Coverage), these do not match the reference's specific examples, and the answer buries them under extensive governance policy content. Traceability is weak because the answer does not identify the Workday job portal as the source. Completeness scores 1 because the answer fails to address the core subject (the job portal and its vacancy listings) and instead provides largely irrelevant governance policy details."
linkup,18,What is a peer's (BNP Paribas) leadership org structure and the responsibilities of each member?,BNP Paribas (Leadership bios),«The General Management of BNP Paribas is composed of a Chief Executive Officer (CEO) plus two Chief Operating Officers and three Deputy Chief Operating Officers... The Executive Committee brings together the General Management as well as 14 other members.» CEO: Jean-Laurent Bonnafé; COOs: Yann Gérardin (CIB) and Thierry Laborde (CPBS); CFO: Lars Machenil; CRO: Frank Roncey.,"## BNP Paribas Leadership Organizational Structure

BNP Paribas has a hierarchical leadership structure consisting of **General Management** and an **Executive Committee** that together comprise 19 members as of 2025. The Executive Committee meets at least once a week to oversee the Group's operations, strategic implementation, and risk management.

### General Management (6 Members)

The General Management consists of:
- **1 Chief Executive Officer (CEO)**
- **2 Chief Operating Officers (COOs)**
- **3 Deputy Chief Operating Officers (Deputy COOs)**

### Complete Executive Committee Structure and Responsibilities

#### **1. Jean-Laurent Bonnafé - Director and Chief Executive Officer**
- Bears responsibility for the overall management of the Group
- Invested with extensive powers over all operational activities and Group functions
- All operational activities and Group functions fall under his direct responsibility
- Oversees the Group's overall strategy

#### **2. Yann Gérardin - Chief Operating Officer and Executive Chairman of Corporate & Institutional Banking (CIB)**
- Oversees Corporate & Institutional Banking operations
- Became COO in 2021
- Previously served as Head of CIB since 2014
- Member of Executive Committee since 2011

#### **3. Thierry Laborde - Chief Operating Officer in charge of Commercial, Personal Banking & Services (CPBS)**
- Oversees the entire Commercial, Personal Banking & Services division
- Responsible for retail banking operations
- Previously CEO of BNP Paribas Personal Finance (2008-2021)
- Joined Executive Committee in 2011

#### **4. Renaud Dumora - Deputy Chief Operating Officer in charge of Investment & Protection Services (IPS)**
- Oversees Investment & Protection Services division
- This division includes savings, investment, protection, and real estate services
- Also serves as Chairman of BNP Paribas Cardif
- Joined Executive Committee in 2016

#### **5. Yannick Jung - Deputy Chief Operating Officer in charge of Commercial & Personal Banking businesses in the Euro zone within CPBS**
- Responsible for Commercial & Personal Banking operations in the Eurozone
- Appointed to this role in September 2025
- Previously Head of Corporate & Institutional Banking Global Banking (2023-2025)

#### **6. Olivier Osty - Deputy Chief Operating Officer and Chief Executive Officer of Corporate & Institutional Banking (CIB)**
- CEO of Corporate & Institutional Banking
- Appointed to this role in September 2025
- Previously Head of CIB's Global Markets activity since 2016

### Business Line and Function Heads (13 Members)

#### **7. Michael Anseeuw - Director, CEO and Chairman of the Executive Board of BNP Paribas Fortis**
- Leads BNP Paribas Fortis (Belgian operations)
- Appointed CEO in January 2023
- Previously Head of Retail Banking at BNP Paribas Fortis

#### **8. Marc Camus - Chief Information Officer**
- Oversees the Group's IT strategy
- Responsible for IT system security and operational efficiency
- Advances use of AI and cloud computing
- Appointed April 1, 2025
- Previously CIO of BNP Paribas Fortis

#### **9. Elena Goitini - Chief Executive Officer of BNL**
- Leads BNL (Italian banking operations)
- Appointed CEO in 2021
- Previously Head of Private Banking and Wealth Management in Italy

#### **10. Elise Hermant - Head of Communications**
- Leads the Group's communication and reputation activities
- Joined Executive Committee in 2024
- Joined BNP Paribas in September 2022

#### **11. Stéphanie Maarek - Chief Compliance Officer**
- Ensures the company adheres to regulatory requirements and industry standards
- Manages non-financial risks: conduct, operational, and regulatory
- Appointed January 1, 2023
- Previously Chief Conduct and Control Officer for Global Markets and CIB

#### **12. Pauline Leclerc-Glorieux - Director and Chief Executive Officer of BNP Paribas Cardif**
- Leads BNP Paribas Cardif (insurance operations)
- Appointed CEO in 2021
- Previously Deputy CEO responsible for Efficiency, Technology and Operations

#### **13. Isabelle Loc - Head of Commercial & Personal Banking in France**
- Manages retail banking operations in France
- Previously CEO of BNP Paribas Leasing Solutions (2021)
- Previously Head of Real Assets, EMEA at BNP Paribas CIB

#### **14. Lars Machenil - Chief Financial Officer**
- Group CFO since 2012
- Responsible for financial management and reporting
- Previously CFO of BNP Paribas Fortis

#### **15. Philippe Maillard - Group Chief Operating Officer**
- Oversees Technology & Operational Performance
- Responsible for IT Group, Group Data Office, procurement, facilities management, and internal consulting
- Appointed February 11, 2025
- Previously COO of Corporate & Institutional Banking division

#### **16. Sandro Pierri - Chief Executive Officer of BNP Paribas Asset Management**
- Leads BNP Paribas Asset Management
- Joined Executive Committee March 30, 2026
- Reports to Renaud Dumora
- CEO since September 2021

#### **17. Anne Pointet - Head of Company Engagement**
- Leads the Company Engagement Department
- Responsible for environmental and social transitions
- Oversees corporate philanthropy efforts
- Appointed July 1, 2024

#### **18. Frank Roncey - Chief Risk Officer**
- Leads the risk function of BNP Paribas
- Responsible for risk management across all risk types (market, liquidity, operational, credit)
- Ensures sound risk management to support sustainable business development

#### **19. Sarah Roussel - Head of Human Resources**
- Group Head of Human Resources
- Appointed July 1, 2026
- Reports to Philippe Maillard
- Responsible for designing and implementing people strategy for 180,000 employees worldwide
- Succeeded Sofia Merlo

#### **20. Gilles Zeitoun - Director and Chief Executive Officer of BNP Paribas Personal Finance**
- Leads BNP Paribas Personal Finance
- Appointed January 1, 2026
- Reports to Thierry Laborde
- Previously Deputy CEO overseeing country operations

### Key Organizational Features

**Gender Diversity**: In 2024, 42% of BNP Paribas' Executive Committee members were women, exceeding the target of 40% by 2025.

**Meeting Frequency**: The Executive Committee meets at least once a week to coordinate the Group's operations and strategic decisions.

**Reporting Structure**: All Executive Committee members ultimately report to CEO Jean-Laurent Bonnafé, with specific reporting lines through the COOs and Deputy COOs for their respective divisions.",True,5,5,4,5,4.8,False,False,,,,ACCEPTABLE,"The actual answer fully satisfies all requirements. It correctly identifies the General Management structure (1 CEO + 2 COOs + 3 Deputy COOs) and the 19-member Executive Committee composition. All key personnel mentioned in the reference are accurately named with correct titles: Jean-Laurent Bonnafé (CEO), Yann Gérardin (COO/CIB), Thierry Laborde (COO/CPBS), Lars Machenil (CFO), and Frank Roncey (CRO). The answer provides comprehensive detail on responsibilities for each member. Traceability is scored 4 rather than 5 because while the answer clearly draws from BNP Paribas leadership information and mentions specific appointment dates, it does not explicitly cite 'Leadership bios' as the source document. No high-impact findings (sanctions, PEP, litigation, adverse media, UBO, adverse relationships) exist in the reference, so critical_omission remains false. The additional detail provided (e.g., appointment dates, prior roles, gender diversity statistics) does not contradict the reference and appears plausible as supplementary leadership information."
linkup,20,What is the average CET1 capital ratio and NPL ratio of EU banks in the latest quarter?,EBA (Risk Dashboard),"Recognised source: EBA Risk Dashboard – Data Annex Q1 2026 (.xlsx), tab ""Exposures and NPLs by Sector_1"" (Non-trading loans and advances to non-financial corporations by sector). Columns [lbl][Period][NSA][Custom][Value]. E.g. series lbl=T2410 · NSA=AT · Custom=""J Information and communication"": 202509→0.0213; 202512→0.0208; 202603→0.0215.","Based on the latest available data for EU banks in Q4 2024, the average financial ratios are as follows:

**CET1 Capital Ratio:**
- **ECB-supervised significant institutions**: 15.86% (Q4 2024)
- **EU/EEA banks (EBA data)**: 16.0% on a fully loaded basis (Q4 2024)

The CET1 ratio remained stable compared to the previous quarter, with the ECB reporting that the aggregate Common Equity Tier 1 ratio for significant institutions stood at 15.86% in Q4 2024, up from 15.72% in Q3 2024. The European Banking Authority reported a fully loaded CET1 ratio of 16.0% for EU/EEA banks in the same period.

**NPL Ratio:**
- **ECB-supervised significant institutions**: 2.28% (excluding cash balances at central banks and other demand deposits) in Q4 2024
- **Overall NPL ratio for significant institutions**: 1.9% in Q4 2024

The non-performing loans ratio showed improvement, with the ECB reporting that the NPL ratio excluding cash balances stood at 2.28% in Q4 2024, down from 2.31% in Q3 2024. The stock of NPLs decreased by €4.09 billion to approximately €356 billion, while total loans and advances increased.

**Context:**
The EU banking sector demonstrated strong capitalization and improving asset quality in Q4 2024. The CET1 ratios varied significantly across countries, ranging from 12.88% in Spain to 22.05% in Latvia. The sector maintained robust capital buffers well above regulatory requirements, with return on equity at 9.54% and stable liquidity positions.",True,1,1,1,1,1.0,False,False,"The reference answer concerns non-trading loans and advances to non-financial corporations by sector from EBA Risk Dashboard Q1 2026, tab 'Exposures and NPLs by Sector_1', with specific series data (e.g., T2410 NSA=AT Custom='J Information and communication' with values 202509→0.0213; 202512→0.0208; 202603→0.0215); the actual answer provides completely different metrics (CET1 capital ratios and NPL ratios for Q4 2024) that do not address the reference content at all",,,NOT_ACCEPTABLE,"The reference answer describes granular sector-level exposure data from EBA Risk Dashboard Q1 2026, specifically non-trading loans and advances to non-financial corporations by sector with detailed series identifiers and time-stamped values. The actual answer instead provides aggregate CET1 capital ratios and NPL ratios for Q4 2024, which are entirely different metrics from a different time period and do not engage with the sector-level exposure data referenced. While the question asks about CET1 and NPL ratios (which the actual answer addresses), the reference answer establishes that the expected response should be based on specific EBA Risk Dashboard data about sectoral exposures from Q1 2026, making the actual answer completely off-target. All four dimensions score 1 because the answer does not address the reference content at all. No high-impact findings (sanctions, PEP, litigation, adverse media, UBO, adverse relationships) are present in the reference, so critical_omission remains false despite the complete mismatch."
linkup,22,What capital and liquidity (LCR) levels do significant institutions supervised by the ECB report?,ECB (Banking Supervision),Source: ECB Supervisory Banking Statistics (significant institutions). Q3 2025: aggregate CET1 16.10% (Q2 2025: 16.12%; a year earlier: 15.73%); total capital 20.24%; annualised RoE 9.88%.,"Significant institutions supervised by the European Central Bank (ECB) report strong capital and liquidity positions as of the most recent data available.

## Capital Levels

As of the latest 2025 assessment, the average Common Equity Tier 1 (CET1) ratio stands at **16.1%**, up slightly from 15.8% the previous year. This represents the core capital strength of banks relative to their risk-weighted assets.

More specifically, according to the most recent quarterly data:
- **Q3 2025**: The aggregate CET1 ratio was 16.10%, with the Tier 1 ratio at 17.59% and total capital ratio at 20.24%
- **Q4 2025**: The CET1 ratio increased to 16.18%, with Tier 1 at 17.68% and total capital at 20.32%
- **Q1 2026**: The CET1 ratio decreased slightly to 15.99%, with Tier 1 at 17.51% and total capital at 20.11%

There is significant variation across countries, with CET1 ratios ranging from approximately 12.67-13.28% in Spain to over 21-23% in Estonia and Lithuania. Global systemically important banks (G-SIBs) typically report lower aggregate CET1 ratios around 14.30-14.54%.

For 2026, the overall capital requirements and guidance applicable to banks under ECB supervision remain broadly stable at **11.2% of CET1**, compared with 11.3% in the previous year.

## Liquidity Levels (LCR)

Liquidity positions remain comfortable, with the average Liquidity Coverage Ratio (LCR) at **158%** as of the 2025 assessment. The Net Stable Funding Ratio (NSFR) stands at **127%**.

Recent quarterly trends show:
- **Q3 2025**: LCR at 156.73%
- **Q4 2025**: LCR at 158.60%
- **Q1 2026**: LCR at 153.93%

These levels are well above the regulatory minimum of 100%, indicating that banks maintain substantial liquidity buffers to withstand short-term liquidity shocks. The LCR has shown some fluctuation, with the Q1 2026 level representing the lowest since the series began in 2021, driven mainly by increases in net liquidity outflows.

Historical context shows that liquidity levels have remained strong throughout recent years, with the LCR standing at 162% in 2022, and reaching as high as 170.94% during the COVID-19 pandemic in Q3 2020 when banks significantly increased their liquidity buffers.

Overall, the ECB's supervisory assessment indicates that the euro area banking sector remains well-capitalized with comfortable liquidity positions, though supervisors continue to monitor banks' resilience to geopolitical risks and macro-financial uncertainties.",True,1,3,4,3,2.5,False,True,Q2 2025 CET1 ratio of 16.12%; year-earlier CET1 ratio of 15.73%; annualised RoE of 9.88%,"Q3 2025 CET1 stated as up from 15.8% the previous year, when reference shows 15.73% a year earlier","Q4 2025 CET1 ratio of 16.18%, Tier 1 at 17.68%, total capital at 20.32%; Q1 2026 CET1 ratio of 15.99%, Tier 1 at 17.51%, total capital at 20.11%; LCR Q4 2025 at 158.60%; LCR Q1 2026 at 153.93%; country-specific CET1 ranges for Spain, Estonia, Lithuania; G-SIB CET1 ratios of 14.30-14.54%; 2026 capital requirements of 11.2%; NSFR at 127%; historical LCR values for 2022 and Q3 2020",NOT_ACCEPTABLE,"The reference provides Q3 2025 data only (CET1 16.10%, total capital 20.24%, RoE 9.88%), plus Q2 2025 and year-earlier comparisons. The actual answer correctly reports Q3 2025 CET1 and total capital but invents extensive data for Q4 2025 and Q1 2026 (future periods that cannot exist if the reference is Q3 2025 data), country-level breakdowns, G-SIB figures, and historical LCR values with no basis in the reference. The answer omits the Q2 2025 comparison (16.12%), the correct year-earlier figure (15.73%, not 15.8%), and the RoE metric entirely. Traceability is reasonable as it cites ECB supervisory data and quarterly periods, though the invented quarters undermine this. Relevance is reduced by extensive unverifiable detail that obscures the core Q3 2025 figures."
linkup,24,"What has been the trend of Spain's GDP, inflation (HICP) and unemployment in recent years?",Eurostat,"Source: Eurostat prc_hicp_aind (HICP, annual rate). Spain: 2025-09=3.0%; 2025-10=3.2%; 2025-11=3.2%; 2025-12=3.0% (euro area 2025-12=1.9%). [GDP: Eurostat tec00115, annual volume change].","Spain has experienced strong economic performance in recent years across GDP growth, inflation, and unemployment, though with notable variations:

## GDP Growth Trend

Spain's GDP has shown robust growth, particularly outperforming most European peers:

- **2021**: 6.7% growth (revised upward from initial estimates)
- **2022**: 6.4% growth (revised from 6.2%)
- **2023**: 2.5% growth (revised down from initial 2.7%)
- **2024**: 3.5% growth (revised up from 3.2%)
- **2025 forecast**: 2.9% projected
- **2026 forecast**: 2.2% projected

Spain's 2024 growth of 3.5% was more than triple the eurozone average of 0.9%, making it one of the fastest-growing developed economies. Only Malta (6%), Croatia (3.8%), and Cyprus (3.4%) among eurozone countries performed better. The growth has been driven by strong private consumption, robust tourism recovery (94 million tourists in 2024), EU recovery funds deployment, and net migration contributing to the labor force.

Spain's GDP per capita reached $35,239 in 2024, though still below the 2009 peak. The economy has shown remarkable resilience, with cumulative per capita GDP growth exceeding 9% since 2021—more than 2.5 times the eurozone rate.

## Inflation (HICP) Trend

Spain's inflation followed the European energy crisis pattern but remained relatively moderate compared to peers:

- **2020**: -0.3% (deflation during pandemic)
- **2021**: 3.1%
- **2022**: 8.4% (peak during energy crisis)
- **2023**: 3.5%
- **2024**: 2.9% average (ranging from 1.5% to 3.6% monthly)
- **2025**: 2.7% average, ending at 2.9% in December
- **2026**: Trending around 3-4% in early months

Spain's inflation peaked at 10.8% in summer 2022 during the energy crisis but moderated considerably thereafter. The harmonized inflation rate (HICP) has generally remained at or slightly below the eurozone average. Core inflation (excluding energy and unprocessed food) stood at 2.6% in late 2025, down from 2.9% in 2024, approaching the European Central Bank's 2% target.

Transport costs were a major driver during the energy shock, with prices rising 6.2% year-on-year in mid-2024. Food inflation also contributed, reaching 3% by late 2025. The disinflation process has been gradual but steady, with forecasts suggesting convergence toward 2-2.5% in the medium term.

## Unemployment Trend

Spain has seen significant improvement in unemployment, though it remains the highest in the EU:

- **2019**: 14.1%
- **2020**: 15.5% (pandemic peak)
- **2021**: 14.9%
- **2022**: 13.0%
- **2023**: 12.2%
- **2024**: 10.6% (lowest since Q2 2008)
- **2025**: 10.4% average, with Q3 at 10.45%
- **2026**: Projected around 10%

The unemployment rate fell to 10.61% by end-2024, the lowest level since the 2008 financial crisis. Spain created 468,100 jobs in 2024 and 605,400 in 2025, with employment reaching record levels of over 22 million people. Youth unemployment (ages 15-24) also declined significantly, from 32.5% in 2019 to 26.5% in 2024, though it remains among the highest in Europe.

Despite these improvements, Spain's unemployment rate of around 10-11% is still roughly double the EU average of 6% and significantly higher than major economies like Germany (3.7%), France (7%), and Italy (6.5%). The government has implemented labor market reforms, including the 2022 reform that reduced temporary contracts by 30% and improved job stability, with 92% of new jobs in 2025 coming from the private sector.

The government aims to reduce unemployment to around 8% by 2027, which it considers full employment for Spain's structural labor market conditions.",True,2,2,2,3,2.1,False,False,"Reference provides specific HICP monthly data for Spain 2025-09 through 2025-12 (3.0%, 3.2%, 3.2%, 3.0%) and euro area comparison (2025-12=1.9%); actual answer provides only annual averages and ranges without these specific monthly figures; reference cites specific Eurostat datasets (prc_hicp_aind, tec00115) which are not mentioned","Actual answer states Spain 2025 inflation ending at 2.9% in December, but reference shows 3.0% for 2025-12; actual answer states 2026 trending around 3-4% in early months, but reference contains no 2026 data",,NOT_ACCEPTABLE,"The reference answer focuses narrowly on specific monthly HICP data points for late 2025 and mentions GDP dataset references from Eurostat. The actual answer provides extensive historical context and trends but misses the specific monthly HICP figures (Sept-Dec 2025: 3.0%, 3.2%, 3.2%, 3.0%) that are central to the reference, and incorrectly states December 2025 inflation as 2.9% instead of 3.0%. Traceability is weak because the actual answer does not cite the specific Eurostat datasets (prc_hicp_aind, tec00115) mentioned in the reference. The answer is relevant and comprehensive in scope but does not align well with the reference's specific data points, reducing completeness and accuracy scores."
linkup,26,What is the ECB's official interest rate and the latest M3 monetary aggregate?,ECB / EBA (Data Portal),Source: ECB Data Portal. MRR (main refinancing operations) = 2.40% and DFR (deposit facility) = 2.25% as of 2026-06-30. Euro area HICP (ICP) Dec-2025 = 1.9%.,"Based on the most recent data available, here are the ECB's official interest rates and the latest M3 monetary aggregate:

## ECB Official Interest Rates (Current as of June 17, 2026)

The European Central Bank's three key interest rates are:

- **Deposit Facility Rate: 2.25%** (effective from June 17, 2026)
- **Main Refinancing Operations Rate: 2.40%**
- **Marginal Lending Facility Rate: 2.65%**

The ECB raised all three key interest rates by 25 basis points at its June 10-11, 2026 meeting, marking the first rate increase since September 2023. This decision was driven by inflation pressures stemming from the war in the Middle East, which generated upward pressure on energy prices. The ECB's baseline projection expects headline inflation to average 3.0% in 2026, 2.3% in 2027, and 2.0% in 2028.

The deposit facility rate is the most important of the three rates, as it is the primary tool through which the ECB steers monetary policy. This rate had been cut from 4.00% (September 2023) to 2.00% (June 2025) through eight consecutive 25 basis point cuts, before being raised again in June 2026.

## Latest M3 Monetary Aggregate

The most recent M3 data shows:

- **M3 Annual Growth Rate: 3.4%** (July 2026)
- **Previous Month: 3.3%** (June 2026)

For more detailed recent readings:
- **December 2025:** M3 growth was 2.8% year-over-year
- **May 2026:** M3 growth increased to 3.2%
- **July 2026:** M3 growth stood at 3.4%

The M3 monetary aggregate (broad money) includes currency in circulation, overnight deposits (M1), deposits with maturity up to 2 years (M2), plus repurchase agreements, money market fund shares, and short-term debt securities. The total stock of M3 stood at approximately €17.6 trillion as of July 2026.

The components of M3 in July 2026 showed:
- **M1 (narrow money):** 3.1% annual growth
- **Short-term deposits other than overnight deposits (M2-M1):** 3.8% annual growth
- **Marketable instruments (M3-M2):** 4.2% annual growth

The moderate growth in M3 suggests continued monetary expansion in the eurozone, which the ECB monitors closely as part of its monetary analysis framework for assessing medium-term inflation risks.",True,1,2,3,2,1.85,False,True,"Euro area HICP (ICP) Dec-2025 = 1.9%; M3 monetary aggregate data (question asked for M3, but reference does not provide it)","Deposit facility rate effective date claimed as June 17, 2026 when reference states June 30, 2026; extensive narrative about rate increases, war in Middle East, inflation projections, and rate cut history not supported by reference","Rate increase of 25 basis points at June 10-11, 2026 meeting; war in Middle East driving inflation; baseline inflation projection of 3.0% in 2026, 2.3% in 2027, 2.0% in 2028; previous rate cuts from 4.00% to 2.00%; M3 growth rate of 3.4% for July 2026; M3 stock of €17.6 trillion; detailed M3 component growth rates",NOT_ACCEPTABLE,"The reference answer contains no high-impact findings (sanctions, PEP, litigation, adverse media, UBO, or adverse relationships), so critical_omission remains false despite other problems. The actual answer correctly states the two key rates (DFR 2.25%, MRR 2.40%) but invents an incorrect effective date (June 17 vs. June 30, 2026) and fabricates extensive context about ECB meetings, rate changes, inflation drivers, and projections unsupported by the reference. The reference mentions HICP inflation of 1.9% for Dec-2025, which the actual answer omits entirely. Most critically, the question explicitly asks for M3 monetary aggregate data, but the reference does not provide it; the actual answer invents detailed M3 figures (3.4% growth, €17.6 trillion stock, component breakdowns) with no basis in the reference, constituting clear hallucination. Traceability receives partial credit for citing ECB as source and providing dates, though the dates are incorrect."
linkup,29,How have the federal funds rate and the US unemployment rate evolved over the last 24 months?,Fed (FRED),Source: FRED. EFFR (Effective Federal Funds Rate) = 3.63% (2026-06-26). UNRATE (unemployment) = 4.3% (May-2026; Apr 4.3; Mar 4.3; Feb 4.4; Jan 4.3).,"Over the last 24 months (from approximately early 2024 to early 2026), both the federal funds rate and the US unemployment rate have undergone significant changes, moving in opposite directions as the Federal Reserve navigated the transition from fighting inflation to supporting economic growth.

## Federal Funds Rate Evolution

The federal funds rate has experienced a substantial decline over this period:

**2024:** The rate remained at its peak of 5.25%-5.50% through July 2024, a level it had held since July 2023. This represented the highest rate in over two decades as the Fed maintained its restrictive stance to combat inflation.

**Late 2024 Rate Cuts:** The Fed initiated its first rate cut in September 2024 with a significant 50 basis point reduction to 4.75%-5.00%. This was followed by two additional 25 basis point cuts in November (to 4.50%-4.75%) and December 2024 (to 4.25%-4.50%).

**2025 Continued Easing:** The Fed continued cutting rates throughout 2025 with three more 25 basis point reductions: September 2025 (to 4.00%-4.25%), October 2025 (to 3.75%-4.00%), and December 2025 (to 3.50%-3.75%).

**2026 Pause:** The Fed has held rates steady at 3.50%-3.75% through the first half of 2026, maintaining this level at its January, March, April, June, and July meetings.

In total, the federal funds rate has declined by 1.75 percentage points from its peak of 5.25%-5.50% to the current range of 3.50%-3.75%, representing a significant monetary policy shift from restrictive to more neutral territory.

## US Unemployment Rate Evolution

The unemployment rate has moved in the opposite direction, rising gradually over the 24-month period:

**Early 2024:** The unemployment rate was near historic lows, at 3.9% in May 2024, close to the 50-year low of 3.4% reached in April 2023.

**Mid-2024 Rise:** The rate began climbing through mid-2024, reaching 4.1%-4.2% by summer and fall 2024.

**2025 Continued Increase:** The unemployment rate continued its upward trajectory through 2025, reaching 4.4%-4.5% by late 2025. Specifically, it hit 4.5% in November 2025 and 4.4% in December 2025.

**2026 Stabilization:** Through early 2026, the rate has stabilized in the 4.3%-4.4% range, with readings of 4.3% in January, March, April, and May 2026, and 4.4% in February 2026.

Overall, the unemployment rate has increased from approximately 3.9%-4.0% in early 2024 to around 4.3%-4.4% in early 2026, representing an increase of roughly 0.4-0.5 percentage points. While this represents a cooling labor market, it remains well below recessionary levels and within what economists consider a relatively healthy range.

## The Relationship

These opposing trends reflect the Federal Reserve's dual mandate of maximum employment and price stability. The Fed's aggressive rate hikes in 2022-2023 (which preceded this 24-month period) successfully brought inflation down from its peak of 9.1% in June 2022 to around 2.9%-3.0% by late 2024. However, this restrictive monetary policy also cooled the labor market, leading to rising unemployment. The Fed's pivot to rate cuts beginning in September 2024 was designed to prevent further labor market deterioration while inflation approached the 2% target, aiming for a ""soft landing"" where inflation is controlled without triggering a recession.",True,2,2,2,3,2.1,False,False,"Current EFFR of 3.63% as of 2026-06-26; specific monthly unemployment readings for Jan-May 2026 (4.3%, 4.4%, 4.3%, 4.3%, 4.3%)",Federal funds rate stated as 3.50%-3.75% range when reference shows EFFR at 3.63%; unemployment stated as 4.3%-4.4% range when reference shows consistent 4.3% for most recent months,,NOT_ACCEPTABLE,"The reference contains no high-impact findings from the six categories, so critical_omission is false. The actual answer provides a narrative of rate evolution but contains factual inaccuracies: it states the current federal funds rate as 3.50%-3.75% when the reference shows EFFR at 3.63% (which falls within that range but the precision matters), and describes unemployment as fluctuating 4.3%-4.4% when the reference shows 4.3% for four of five recent months. The answer lacks traceability by not citing FRED or providing the specific current date (2026-06-26) from the reference. Completeness suffers because it doesn't provide the exact current figures emphasized in the reference. Relevance is reasonable as it addresses the question's 24-month evolution, though with excessive contextual detail that somewhat obscures the key current data points."
linkup,30,What is the aggregate credit exposure of the financial system in Brazil for the period?,BACEN (SGS),"Source: BACEN SGS (API). Series 20539 (Total credit portfolio balance, R$ MM): 01/2026=7,123,926; 02/2026=7,151,082; 03/2026=7,221,534; 04/2026=7,245,265. Series 433 (IPCA % monthly): 05/2026=0.58.","The aggregate credit exposure of Brazil's financial system varies depending on the measurement used and the time period:

## Financial System Credit (SFN - Sistema Financeiro Nacional)

**For 2024:**
- The total credit operations of the financial system reached **R$ 6.427 trillion** in December 2024, representing a 10.9% increase compared to 2023
- This included R$ 3.948 trillion for households and R$ 2.479 trillion for companies

**For 2025:**
- Bank lending increased 10.2% in 2025, reaching **R$ 7.1 trillion** in December 2025
- Household lending rose 11.6% to R$ 4.424 trillion
- Corporate credit grew 8.1%

## Broad Credit (Crédito Ampliado ao Setor Não Financeiro)

The broader measure of aggregate credit exposure, which includes not only bank lending but also debt securities, external loans, and other credit sources, shows significantly higher figures:

**For 2024:**
- In December 2024, broad credit to the non-financial sector reached **R$ 18.4 trillion** (equivalent to 143.4% of GDP)
- This included R$ 4.2 trillion for households (35.5% of GDP) and approximately R$ 6.3 trillion for companies

**For 2025:**
- By December 2025, broad credit reached **R$ 20.8 trillion** (163.2% of GDP)
- Household broad credit stood at R$ 4.8 trillion (37.5% of GDP), growing 11.9% year-over-year
- The measure grew 12.2% annually through mid-2025

The broad credit measure is more comprehensive as it captures credit from all sources including the banking system, capital markets (debt securities), and external borrowing, providing a complete picture of the financial system's aggregate credit exposure to the non-financial sector in Brazil.",True,1,1,1,2,1.1,False,True,"Series 20539 monthly credit portfolio balances for 01/2026 through 04/2026 (R$ 7,123,926 MM; R$ 7,151,082 MM; R$ 7,221,534 MM; R$ 7,245,265 MM); Series 433 IPCA monthly rate for 05/2026 (0.58%); BACEN SGS as the data source","All figures and dates provided are for 2024-2025, not the 2026 period referenced in the reference answer",R$ 6.427 trillion for December 2024; R$ 7.1 trillion for December 2025; R$ 18.4 trillion broad credit for December 2024; R$ 20.8 trillion broad credit for December 2025; all household and corporate breakdowns for 2024-2025,NOT_ACCEPTABLE,"The reference answer provides specific BACEN SGS series data for January-April 2026 (series 20539) and May 2026 (series 433), but the actual answer reports entirely different figures for 2024-2025, a completely different time period. This constitutes a clear temporal mismatch and fabrication of data for the wrong period. The actual answer fails to cite BACEN SGS API or the specific series numbers, providing no traceability to the reference source. While the answer addresses Brazilian credit exposure generally (hence relevance_clarity = 2 rather than 1), it completely misses the requested period and specific data points."
linkup,32,Does a company (CNPJ) have registered tax debt or insolvency status in the Union's active-debt registry?,Dívida Ativa (PGFN),"Point query by CNPJ at listadevedores.pgfn.gov.br (not a time series): returns name/business name, CPF/CNPJ, consolidated amount and type of registration. No open public API (web search).","Yes, you can check if a company (CNPJ) has registered tax debt or insolvency status in Brazil's Union active-debt registry through several official channels:

## Checking Tax Debt in the Union's Active-Debt Registry

**1. REGULARIZE Portal (PGFN)**
The primary system for checking tax debts inscribed in the Union's active-debt registry is the REGULARIZE portal, managed by the Procuradoria-Geral da Fazenda Nacional (PGFN). This portal allows you to:
- Consult debts inscribed in Dívida Ativa da União (Union's Active Debt)
- Check non-social security debts, social security debts, and FGTS debts
- Access the list of debtors

To access:
- Visit https://www.regularize.pgfn.gov.br/
- Log in using Gov.br account (silver or gold level) or digital certificate
- Select ""Consultar Dívida"" (Consult Debt)
- Choose the debt type: ""Dívida Não Previdenciária"" (Non-Social Security Debt), ""Dívida Previdenciária"" (Social Security Debt), or ""Dívida FGTS""

**2. e-CAC Portal (Receita Federal)**
You can also access the REGULARIZE system through the Receita Federal's e-CAC portal:
- Access e-CAC
- Click on ""Dívida Ativa da União"" (Union's Active Debt)
- Then ""Débitos Inscritos em Dívida Ativa da União"" (Debts Inscribed in Union's Active Debt)

**3. Federal Tax Clearance Certificate (CND Federal)**
To verify if a company has outstanding federal tax debts or active-debt inscriptions, you can request the ""Certidão de Débitos Relativos a Créditos Tributários Federais e à Dívida Ativa da União"" (Certificate of Debts Related to Federal Tax Credits and Union's Active Debt). This joint certificate is issued by both the Receita Federal (RFB) and PGFN and shows:
- Whether there are debts administered by Receita Federal
- Whether there are inscriptions in Dívida Ativa da União
- The company's situation before both agencies

## Checking Insolvency Status

**1. CNPJ Cadastral Status (Receita Federal)**
To check if a company is in bankruptcy, judicial recovery, or liquidation:
- Access the Receita Federal website
- Request the ""Comprovante de Inscrição e de Situação Cadastral"" (Registration and Cadastral Status Certificate)
- Enter the company's CNPJ

The cadastral status will show:
- ""ATIVA"" (Active) - normal operations
- ""RECUPERAÇÃO JUDICIAL"" (Judicial Recovery) - company in restructuring process
- ""FALIDO/MASSA FALIDA"" (Bankrupt/Bankruptcy Estate) - bankruptcy decreed
- ""EM LIQUIDAÇÃO"" (In Liquidation) - company closing activities
- ""BAIXADA"" (Closed) - company no longer operating

**2. Bankruptcy and Judicial Recovery Certificate**
For a more detailed verification, you can request a ""Certidão de Falência, Concordata e Recuperação Judicial"" (Certificate of Bankruptcy, Concordat, and Judicial Recovery) from the State Court of Justice (Tribunal de Justiça) where the company is headquartered. This certificate confirms whether there are active bankruptcy or judicial recovery proceedings.

**3. TST Bankruptcy and Judicial Recovery Database**
The Superior Labor Court (Tribunal Superior do Trabalho - TST) maintains a database of bankruptcies and judicial recoveries that can be consulted by entering the company's CNPJ.

## Important Distinctions

**Tax Debt vs. Active Debt:**
- Debts with Receita Federal are in the administrative collection phase
- Once inscribed in Dívida Ativa da União (managed by PGFN), the debt has moved to a more advanced collection stage and can lead to judicial execution

**Judicial Recovery vs. Bankruptcy:**
- Judicial Recovery: The company is restructuring to avoid bankruptcy and continues operating under judicial supervision
- Bankruptcy: The company's activities are terminated, and assets are liquidated to pay creditors

All these consultations can be performed using the company's CNPJ number and are essential for assessing financial and legal risks before establishing business relationships.",True,3,2,3,2,2.55,False,False,"The reference specifies listadevedores.pgfn.gov.br as the point query system that returns name/business name, CPF/CNPJ, consolidated amount and type of registration; the reference notes there is no open public API","The actual answer directs users to regularize.pgfn.gov.br and describes authentication requirements (Gov.br silver/gold or digital certificate), but the reference specifies listadevedores.pgfn.gov.br as the query endpoint with no mention of authentication",,NOT_ACCEPTABLE,"The reference describes a specific point-query system at listadevedores.pgfn.gov.br that returns consolidated debt information, but the actual answer instead describes the REGULARIZE portal at a different URL with authentication requirements not mentioned in the reference. The actual answer provides extensive information about insolvency status checks, tax clearance certificates, and various portals, but this goes far beyond the reference's narrow scope of querying the active-debt registry, reducing relevance and clarity. The reference explicitly notes 'no open public API' which the actual answer does not mention. No high-impact findings (sanctions, PEP, litigation, adverse media, UBO, adverse relationships) are present in the reference, so critical_omission remains false despite the answer's misdirection."
linkup,33,What is a company's tax-compliance status (CNPJ) and address/activity verification in Brazil?,Receita Federal (CNPJ),"Point query by CNPJ. Real e.g. (Receita Federal via BrasilAPI) CNPJ 18.236.120/0001-58 → 'NU PAGAMENTOS S.A. - INSTITUIÇÃO DE PAGAMENTO', registration status ACTIVE, CNAE 'Other auxiliary activities of financial services', São Paulo/SP.","## What is CNPJ?

**CNPJ (Cadastro Nacional da Pessoa Jurídica)** is Brazil's federal tax identification number for legal entities, issued by the **Receita Federal do Brasil** (Brazilian Federal Revenue Service). It serves as the official corporate tax identification and registration number that every company, branch, non-profit, and government body in Brazil must have to operate legally.

The CNPJ is a **14-digit number** formatted as XX.XXX.XXX/XXXX-XX, where:
- **First 8 digits**: Identify the company (root number)
- **Digits 9-12**: Identify the branch (0001 = headquarters)
- **Last 2 digits**: Check digits (verification)

As of July 2026, Brazil had approximately 25.2 million active CNPJs registered.

## Tax-Compliance Status (Situação Cadastral)

The CNPJ registration status indicates a company's tax-compliance standing with the federal authorities. The main status classifications are:

### **Ativa (Active)**
- Normal operations permitted
- Company is in good standing with tax authorities
- Can issue invoices, conduct banking transactions, and operate normally

### **Inapta (Inactive/Unfit)**
- Inactive due to missed tax filings
- Invoicing and banking transactions are **blocked**
- Company cannot issue NF-e (electronic invoices)
- Requires regularization by submitting all outstanding declarations (DCTF, DIRF, SPED) through the eCAC portal and paying late-filing penalties

### **Suspensa (Suspended)**
- Temporarily suspended operations
- Usually due to tax debts or compliance issues

### **Baixada (Cancelled)**
- Company has been deregistered
- No longer authorized to operate

### **Nula (Void)**
- Registration voided due to fraud, data inconsistencies, or duplications
- **Irreversible status** - cannot be regularized
- Company must register a new CNPJ to operate

## How to Verify CNPJ Status (Free Official Method)

You can verify any CNPJ for free through the **Receita Federal** official portal:

### Step-by-Step Process:
1. Access the Receita Federal CNPJ consultation page at: https://solucoes.receita.fazenda.gov.br/Servicos/cnpjreva/cnpjreva_solicitacao.asp
2. Enter the 14-digit CNPJ number (example format: 11.222.333/0001-81)
3. Complete the CAPTCHA verification
4. Click ""Consultar"" (Consult)
5. Review the certificate displayed

### Information Returned (Cartão CNPJ):
The system displays a **""Comprovante de Inscrição e de Situação Cadastral""** (Certificate of Registration and Registration Status) containing:

- **Legal name** (razão social)
- **Trade name** (nome fantasia)
- **Registration status** (situação cadastral)
- **Opening date** (data de abertura)
- **Registered address** (full address with street, city, state, ZIP code)
- **Primary and secondary activity codes** (CNAE - Classificação Nacional de Atividades Econômicas)
- **Legal nature** (natureza jurídica)
- **Share capital** (capital social)
- **Company size** (porte)
- **Status date** (when status was last updated)
- **Partners/administrators** information (with partially masked CPF numbers)
- **Contact information** (phone, email where available)
- **Tax regime** (Simples Nacional, MEI status)

The certificate can be saved as a PDF and is valid for 30 days for official purposes like bidding and contracts.

## Address and Activity Verification

### Address Verification
The CNPJ certificate provides the **registered address** of the company, which includes:
- Street address
- City (município)
- State (UF)
- ZIP code (CEP)

**Important considerations:**
- Verify the address is commercial and actually exists
- Companies that frequently change addresses may be attempting to evade creditors
- The address shown is self-declared and should be cross-checked for high-value transactions

### Activity Verification (CNAE Codes)
The CNPJ record includes **CNAE codes** that classify the company's economic activities:

- **Primary CNAE** (atividade principal): The main business activity
- **Secondary CNAEs** (atividades secundárias): Additional authorized activities

**Why this matters:**
- The CNAE must be compatible with the services/products the company claims to provide
- A mismatch between declared CNAE and actual business activity is a red flag
- Different CNAEs may require different regulatory authorizations
- CNAE codes determine tax treatment and regulatory obligations

## Additional Verification Sources

### State-Level Commercial Registry (Juntas Comerciais)
While the CNPJ is federal, each of Brazil's 27 states maintains a **Junta Comercial** that holds:
- Articles of association (contrato social)
- Amendments (alterações contratuais)
- Historical filings
- Complete ownership information
- **NIRE** (Número de Identificação do Registro de Empresas) - state registration number

### State Tax Registration (Inscrição Estadual)
Through **Sintegra** and state tax authorities, you can verify:
- State registration number (Inscrição Estadual)
- Important for companies selling or moving physical goods
- State registration status and activities

### Simples Nacional System
Determines whether a company participates in Brazil's simplified tax regime and provides enrollment information.

## Practical Implications of CNPJ Status

### What an Active CNPJ Enables:
- Issue invoices (notas fiscais)
- Open and maintain corporate bank accounts
- Hire employees
- Sign commercial contracts
- Import or export goods
- Register for state (ICMS) or municipal (ISS) taxes
- Participate in government contracts and bidding

### What Happens with Inactive/Suspended Status:
- **Cannot issue invoices** - blocks revenue generation
- **Banking restrictions** - banks may deny account opening or close existing accounts
- **Contract limitations** - business partners typically verify CNPJ status before agreements
- **Legal operations blocked** - cannot conduct most business activities
- **Compliance penalties** - ongoing obligations remain even without operations

## Best Practices for Verification

Before entering into business relationships with Brazilian companies:

1. **Always verify current CNPJ status** - status can change without notice
2. **Check CNAE compatibility** - ensure activities match what the company claims to do
3. **Verify the address** - confirm it's a legitimate commercial location
4. **Review partner information** - understand who controls the company
5. **Check for sector-specific authorizations** - some industries require additional permits (e.g., ANP for oil and gas)
6. **Save documentation** - keep dated PDF certificates for audit trails
7. **Regular monitoring** - for ongoing relationships, periodically re-verify status

The CNPJ verification is free, takes under a minute, and is an essential first step in due diligence for any business transaction in Brazil. However, it should be supplemented with additional checks for financial history, litigation, credit status, and sector-specific compliance through specialized reporting services when conducting high-value transactions.",True,5,2,4,3,3.55,False,False,"No concrete example query demonstrating the verification process with a real CNPJ (e.g., 18.236.120/0001-58 for NU PAGAMENTOS S.A.); no mention of the specific company name, registration status, CNAE description, or location from the reference example",,,NOT_ACCEPTABLE,"The actual answer provides extensive, accurate general information about CNPJ, tax-compliance statuses, and verification procedures through Receita Federal, all factually correct. Traceability is strong, citing Receita Federal as the source and providing the official consultation URL. However, completeness suffers significantly because the reference answer specifically asks for a point query example (CNPJ 18.236.120/0001-58 → NU PAGAMENTOS S.A., status ACTIVE, CNAE 'Other auxiliary activities of financial services', São Paulo/SP), which the actual answer does not provide or demonstrate. Relevance_clarity is reduced because the answer is a comprehensive tutorial rather than demonstrating the specific query-and-result pattern requested, burying the core ask under extensive background material."
linkup,35,What are the latest filings and capital changes of a company at the São Paulo commercial registry (JUCESP)?,JUCESP,Point query by company at jucesponline.sp.gov.br (requires registration/login; no public API). Returns registered corporate acts and their dates; not a time series.,"I'll help you find information about the latest filings and capital changes at JUCESP (Junta Comercial do Estado de São Paulo). However, I need to know which specific company you're interested in. 

Could you please provide:
- The company name, or
- The CNPJ (Brazilian company registration number), or
- Any other identifying information about the company?

Once you provide the company details, I can search for their latest filings and capital changes registered with JUCESP.",True,3,1,1,2,1.8,False,False,"The reference specifies that information is accessed via point query by company at jucesponline.sp.gov.br (requires registration/login; no public API) and returns registered corporate acts and their dates, not a time series; the actual answer provides none of this procedural information","The actual answer implies it can directly search for and retrieve JUCESP filings ('I can search for their latest filings'), which contradicts the reference's indication that access requires registration/login at a specific portal with no public API",,NOT_ACCEPTABLE,"The reference answer describes the procedural method for accessing JUCESP data: point query at jucesponline.sp.gov.br requiring registration/login, with no public API, returning corporate acts and dates (not time series). The actual answer completely fails to provide this information, instead offering to perform a search itself, which misrepresents the access method. Completeness scores 1 because the answer does not address the reference's content at all—it asks for company details rather than explaining how to access the registry. Traceability scores 1 because no source, portal, or access method is mentioned. Factual_accuracy scores 3 because while JUCESP is correctly identified, the claim to be able to search directly contradicts the reference's indication of required registration and no public API. No high-impact findings (sanctions, PEP, litigation, adverse media, beneficial ownership, adverse relationships) exist in the reference, so critical_omission remains false."
linkup,36,How many new cars were registered in the EU and what is the battery-electric market share in the latest period?,ACEA · ECB (CAR registrations),"Source: ACEA / ECB Data Portal (dataset CAR). EU Jan-May 2026: 4,748,801 registrations (+4.0% YoY); battery-electric 950,521 (20% share). May 2026: EU 955,013 (+3.2%); BEV 203,417.","Based on the latest available data from the European Automobile Manufacturers' Association (ACEA), here are the EU new car registration figures for the full year 2025:

## Total New Car Registrations
In 2025, **approximately 10.8 million new passenger cars** were registered across the EU's 27 member states, representing a 1.8% increase compared to 2024. However, overall volumes remain well below pre-pandemic levels.

## Battery-Electric Market Share
Battery-electric vehicles (BEVs) captured **17.4% of the EU market share** in 2025, a significant increase from 13.6% in 2024. This represents **1,880,370 new battery-electric cars** registered during the year, marking a 29.9% increase in BEV registrations year-over-year.

### Key Market Performance
The four largest EU markets, which together account for 62% of all battery-electric car registrations, saw strong growth:
- **Germany**: +43.2%
- **Netherlands**: +18.1%
- **Belgium**: +12.6%
- **France**: +12.5%

### Additional Context
- **Hybrid-electric vehicles** (HEVs) remained the most popular powertrain choice, capturing 34.5% of the market with 3,733,325 units registered
- **Plug-in hybrid electric vehicles** (PHEVs) reached 9.4% market share with 1,015,887 units
- Combined **petrol and diesel** cars fell to 35.5% market share (down from 45.2% in 2024)
- In December 2025 specifically, BEVs outsold standard petrol cars for the first time ever in the EU, with BEV registrations surging 51% year-over-year in that month alone",True,1,1,2,2,1.3,False,True,"EU Jan-May 2026: 4,748,801 registrations (+4.0% YoY); battery-electric 950,521 (20% share); May 2026: EU 955,013 (+3.2%); BEV 203,417","Full year 2025 data (10.8 million registrations, 17.4% BEV share, 1,880,370 BEVs) when reference asks for Jan-May 2026 and May 2026 data","Full year 2025: 10.8 million registrations, 17.4% BEV share, 1,880,370 BEVs, 29.9% YoY increase; country-specific growth rates (Germany +43.2%, Netherlands +18.1%, Belgium +12.6%, France +12.5%); HEV 34.5% share with 3,733,325 units; PHEV 9.4% share with 1,015,887 units; December 2025 BEV surge of 51%",NOT_ACCEPTABLE,"The reference answer provides specific Jan-May 2026 and May 2026 data (4.75M registrations, 20% BEV share for Jan-May; 955K registrations for May alone), but the actual answer reports entirely different full-year 2025 figures (10.8M, 17.4% BEV share) with extensive additional statistics that have no basis in the reference. The time period mismatch (2025 vs. 2026) and the invented precise figures constitute clear hallucination. While ACEA is correctly cited as a source (traceability=2), the answer completely fails to address the reference period and invents detailed statistics, warranting factual_accuracy=1 and hallucination=true. No high-impact findings (sanctions, PEP, litigation, adverse media, UBO, adverse relationships) exist in the reference, so critical_omission remains false despite the answer being entirely wrong."
linkup,37,What are the competitor's (Nubank) annual revenue and net income from its financial filings?,SEC EDGAR (Nu Holdings),"Source: SEC EDGAR CompanyFacts API (CIK 0001691493, ifrs-full). Revenue (USD): 2022=4,792.2M; 2023=8,029.0M; 2024=11,517.1M. Net income (ProfitLoss): 2022=−364.6M; 2023=1,030.5M; 2024=1,972.1M.","Based on Nubank's (Nu Holdings Ltd.) financial filings, here are the annual revenue and net income figures:

## Full Year 2024 (Most Recent Complete Year)
- **Annual Revenue**: $11.51 billion (up 58% year-over-year on an FX-neutral basis)
- **Net Income**: $1.97 billion (nearly doubled from 2023)
- **Adjusted Net Income**: $2.2 billion (compared to $1.19 billion in FY'23)

## Full Year 2025 (Latest Available)
- **Annual Revenue**: $16.3 billion (up 45% year-over-year)
- **Net Income**: $2.87 billion (up 45-51% from 2024, depending on the source)

## Additional Context
The financial results are prepared in accordance with International Financial Reporting Standards (IFRS) and filed with the Securities and Exchange Commission in their Form 20-F annual reports. Nubank serves over 114 million customers as of December 31, 2024 (and 131 million by end of 2025) across Brazil, Mexico, and Colombia, making it one of the largest digital financial services platforms in the world.

The company has demonstrated strong profitability with a Return on Equity (ROE) of 29% for FY'24 and 33% for Q4'25, positioning it among the most profitable financial institutions globally.",True,1,3,4,3,2.5,False,True,"2022 revenue ($4,792.2M) and net income (−$364.6M); 2023 revenue ($8,029.0M) and net income ($1,030.5M)",,Full Year 2025 revenue of $16.3 billion; Full Year 2025 net income of $2.87 billion; 131 million customers by end of 2025; Q4'25 ROE of 33%,NOT_ACCEPTABLE,"The reference contains no high-impact findings (sanctions, PEP, litigation, adverse media, UBO, or adverse relationships), so critical_omission remains false despite missing data. The actual answer correctly reports 2024 revenue ($11.51B) and net income ($1.97B), matching the reference, but omits 2022 and 2023 figures entirely, reducing completeness to 3. However, the answer invents an entire ""Full Year 2025"" section with specific revenue and net income figures, customer counts, and Q4'25 metrics that have no basis in the reference (which only covers through 2024), constituting clear fabrication and forcing factual_accuracy to 1 and hallucination to true. Traceability is strong (mentions SEC Form 20-F, IFRS, and SEC filings), scoring 4, while relevance_clarity is 3 due to extraneous context about ROE and customer growth that obscures the core financial data requested."
linkup,39,"What are market earnings by occupation, including managers, for senior-role benchmarking?",Eurostat (Earnings Survey),"Source: Eurostat Structure of Earnings Survey 2022 (earn_ses_pub2s). Median gross hourly earnings (PPS) by country, Oct 2022: Denmark 22.4; Belgium 21.3; Luxembourg 18.4; Germany 17.3; Ireland 17.0; lowest Bulgaria 6.7; Portugal 7.4.","## Market Earnings by Occupation for Senior-Role Benchmarking

Based on the most recent U.S. Bureau of Labor Statistics (BLS) Occupational Employment and Wage Statistics (OEWS) data from May 2025, here is a comprehensive overview of market earnings by occupation, with a focus on managers and senior roles for benchmarking purposes:

### **Overall Management Occupations**
- **All Management Occupations**: Median annual wage of **$126,520** (May 2025)
- **All Occupations (U.S. Average)**: Median annual wage of **$50,980** (May 2025)

### **Executive and Top Management Roles**

**Chief Executives (SOC 11-1011)**
- Median: **$213,990** per year ($102.88/hour)
- Mean: **$269,630** per year
- 25th-75th Percentile Range: **$129,542 - $356,200**
- 90th Percentile: **$507,728**
- Employment: Approximately 204,350 positions

**General and Operations Managers (SOC 11-1021)**
- Median: **$105,768** per year ($50.85/hour)
- Mean: **$134,940** per year
- 25th-75th Percentile Range: **$72,322 - $167,274**
- 90th Percentile: **$253,386**
- Employment: Approximately 3,503,020 positions (largest management category)

**Managers, All Other (SOC 11-9199)**
- Median: **$141,898** per year ($68.22/hour)
- 25th-75th Percentile Range: **$102,877 - $186,306**
- 90th Percentile: **$238,264**
- Employment: Approximately 622,190 positions

### **Functional Management Roles**

**Computer and Information Systems Managers (SOC 11-3021)**
- Median: **$175,136** per year ($84.20/hour)
- Mean: **$192,160** per year
- 25th-75th Percentile Range: **$138,070 - $220,730**
- 90th Percentile: **$297,502**
- Employment: Approximately 670,570 positions

**Financial Managers (SOC 11-3031)**
- Median: **$149,280** per year (based on Human Resources Managers data)
- Mean: **$180,470** per year
- Projected growth: 14.8% through 2034

**Human Resources Managers (SOC 11-3121)**
- Median: **$149,280** per year
- Employment: Approximately 879,700 positions

**Marketing Managers (SOC 11-2021)**
- Median: **$166,790** per year ($80.19/hour)
- Mean: **$177,770** per year
- 25th-75th Percentile Range: **$123,020 - $216,410**
- 90th Percentile: **$293,610**
- Employment: Approximately 395,240 positions

**Sales Managers (SOC 11-2022)**
- Median: **$148,262** per year ($71.28/hour)
- 25th-75th Percentile Range: **$100,360 - $207,334**
- 90th Percentile: **$290,534**
- Employment: Approximately 637,080 positions

**Training and Development Managers (SOC 11-3131)**
- Median: **$133,000** per year

**Public Relations and Fundraising Managers**
- Median: **$136,470** per year

**Transportation, Storage, and Distribution Managers**
- Median: **$107,230** per year

**Postsecondary Education Administrators**
- Median: **$104,590** per year

### **Professional/Analyst Roles (for comparison)**

**Management Analysts (SOC 13-1111)**
- Median: **$101,858** per year ($48.97/hour)
- Mean: **$114,710** per year
- 25th-75th Percentile Range: **$77,958 - $133,370**
- 90th Percentile: **$171,642**
- Employment: Approximately 898,280 positions

### **Key Benchmarking Insights**

1. **Percentile Positioning**: Most organizations target the 50th percentile (median) for competitive parity, with 60th-75th percentile positioning for critical or hard-to-fill roles.

2. **Geographic Variation**: Salaries vary significantly by location. For example, Computer and Information Systems Managers earn:
   - California: $218,296 (24.6% above national median)
   - New Jersey: $203,466 (16.2% above national median)
   - Texas: $171,517 (2.1% below national median)

3. **Industry Impact**: Financial services and technology sectors typically pay 20% or more above market median for management roles.

4. **Wage Growth**: Private industry wages are rising approximately 3.1% annually (BLS ECI Q2 2026), suggesting merit increase budgets of 2.7-3.2% to maintain market competitiveness.

5. **Total Compensation**: These figures represent base salary only and exclude bonuses, equity compensation, and benefits, which can add 25-50% or more to total compensation packages, especially in technology and executive roles.

### **Data Source and Methodology**
All wage data comes from the U.S. Bureau of Labor Statistics Occupational Employment and Wage Statistics (OEWS) program, May 2025 release (published May 15, 2026). The OEWS survey covers approximately 1.1 million establishments across all industries and represents the most comprehensive employer-reported wage dataset in the United States.",True,1,1,1,1,1.0,False,True,"Eurostat Structure of Earnings Survey 2022 data; median gross hourly earnings in PPS by European country (Denmark 22.4, Belgium 21.3, Luxembourg 18.4, Germany 17.3, Ireland 17.0, Bulgaria 6.7, Portugal 7.4); October 2022 reference period",Wrong data source (U.S. BLS instead of Eurostat); wrong geographic scope (U.S. instead of European countries); wrong time period (May 2025 instead of October 2022); wrong metric (annual wages in USD instead of hourly earnings in PPS),"All U.S. Bureau of Labor Statistics data from May 2025; all specific wage figures for U.S. management occupations; SOC occupation codes and employment numbers; geographic variation data for California, New Jersey, Texas; the entire dataset is fabricated as it contradicts the reference source which is Eurostat earnings data for European countries",NOT_ACCEPTABLE,"The reference answer requires Eurostat Structure of Earnings Survey data showing median gross hourly earnings in PPS for European countries in October 2022. The actual answer provides entirely different data from U.S. BLS for U.S. occupations in May 2025, using annual wages in USD rather than hourly earnings in PPS. This is a complete mismatch of source, geography, time period, and metric. The reference contains no high-impact findings (sanctions, PEP, litigation, adverse media, UBO, or adverse relationships), so critical_omission remains false despite the answer being completely off-target. The hallucination flag is set because the system invented an entire dataset from a different source that contradicts the specified reference source."
linkup,41,"What candidate records does the ICIJ Offshore Leaks Database return for “Miguel Ângelo Varela”, born on 9 September 1976, Portuguese national, residing at Avenida do Atlântico 42, 1990-019 Lisboa, Portugal?
Search using the exact name, the unaccented variant “Miguel Angelo Varela”, and the reordered variant “Varela, Miguel Ângelo”. Return the matched name, node type, node ID, linked entity, role, jurisdiction, status, source dataset, linked countries, addresses, relationships, identity assessment, evidence URL, executed search parameters and search timestamp.",ICIJ Offshore Leaks,"The ICIJ Offshore Leaks Database returned 1 candidate record for “Miguel Ângelo Varela” using the name variants “Miguel Ângelo Varela”, “Miguel Angelo Varela” and “Varela, Miguel Ângelo”.

Matched name: Miguel Angelo Varela
Classification: INCONCLUSIVE
Node type: Officer
Node ID: ICIJ-EX-2001
Linked entity: Blue Meridian Holdings Ltd.
Role: Director
Jurisdiction: British Virgin Islands
Entity status: Active
Data source: Panama Papers
Linked countries: British Virgin Islands; Portugal
Address recorded by ICIJ: 16 Harbour Road, Road Town, Tortola, British Virgin Islands
Relationships: Miguel Angelo Varela is listed as a director of Blue Meridian Holdings Ltd.

Identity assessment: The candidate name and Portuguese nationality are compatible with the searched subject. However, the ICIJ record does not provide a date of birth, Portuguese residential address, identification number or another stable attribute that would confirm that the candidate is the same person as Miguel Ângelo Varela, born on 9 September 1976 and residing in Lisboa.

Matching attributes: Full name without accents; nationality.
Missing or conflicting attributes: Date of birth; Portuguese residential address; personal identifier.

Evidence: https://offshoreleaks.icij.org/nodes/ICIJ-EX-2001
Search parameters: Exact name, unaccented name and reordered name.
Searched on: 25 August 2026 at 10:20 WEST.

The candidate must not be treated as a confirmed association without additional corroboration. Presence in the ICIJ Offshore Leaks Database is not, by itself, evidence of unlawful conduct.","Based on comprehensive searches of the ICIJ Offshore Leaks Database using all three name variants requested (""Miguel Ângelo Varela"", ""Miguel Angelo Varela"", and ""Varela, Miguel Ângelo""), along with the specific biographical details provided (born 9 September 1976, Portuguese national, residing at Avenida do Atlântico 42, 1990-019 Lisboa, Portugal), **no matching records were found** in the database.

The searches returned several individuals with similar names in the ICIJ Offshore Leaks Database, including:
- JOSE MIGUEL VARELA GONZALEZ (Paradise Papers - Malta corporate registry, linked to United States address)
- Varela Echaurren - Juan Francisco (Paradise Papers - Appleby, linked to Chile)
- VARELA LIMITED (Panama Papers entity, British Virgin Islands)
- VARELA TRADING LIMITED (Panama Papers entity)

However, none of these records match the specific individual described with the exact name, date of birth (9 September 1976), Portuguese nationality, or the Lisboa address at Avenida do Atlântico 42, 1990-019.

**Search Parameters Executed:**
- Name variants searched: ""Miguel Ângelo Varela"", ""Miguel Angelo Varela"", ""Varela, Miguel Ângelo""
- Biographical filters: born 9 September 1976, Portuguese national, Avenida do Atlântico 42, 1990-019 Lisboa, Portugal
- Search timestamp: Current date (search conducted in real-time)
- Databases searched: All ICIJ Offshore Leaks investigations (Pandora Papers, Paradise Papers, Bahamas Leaks, Panama Papers, and Offshore Leaks)

The ICIJ Offshore Leaks Database contains information on more than 810,000 offshore entities covering records up to 2020. The absence of a match does not imply any particular conclusion about the individual in question, as the database only contains information from specific leaked files received by ICIJ in connection with their investigations.",True,1,1,2,2,1.3,True,False,"ICIJ record for Miguel Angelo Varela (node ID ICIJ-EX-2001) as Officer/Director of Blue Meridian Holdings Ltd., British Virgin Islands jurisdiction, Panama Papers source dataset; beneficial ownership/UBO relationship showing Varela as director of offshore entity",System states no matching records were found; reference confirms 1 candidate record was returned matching Miguel Angelo Varela,,NOT_ACCEPTABLE,"The reference answer documents a specific ICIJ Offshore Leaks record (node ICIJ-EX-2001) showing Miguel Angelo Varela as Director of Blue Meridian Holdings Ltd., a beneficial ownership/UBO relationship that constitutes a high-impact finding. The actual answer flatly contradicts this by stating 'no matching records were found' and lists only unrelated similar names. This is a complete omission of the beneficial ownership finding (one of the six critical categories), triggering critical_omission = true. The direct contradiction between 'no records found' versus '1 candidate record' also reduces factual_accuracy to 1. Completeness scores 1 because none of the required elements (node ID, linked entity, role, jurisdiction, data source, addresses, relationships, identity assessment, evidence URL) are provided. Traceability receives 2 for documenting search parameters and timestamp, though the core finding is absent. Relevance_clarity scores 2 because while the answer addresses the search task, the incorrect 'no match' conclusion and listing of irrelevant similar names obscures what should have been reported."
linkup,43,"What potentially relevant results are available for “Aurora Verde Logística, Lda.”, NIPC 517845230, headquartered at Rua do Freixo 221, 4300-219 Porto, Portugal?

Search the complete first page of results using:

1. “Aurora Verde Logística, Lda.”
2. “Aurora Verde Logistica”
3. “Aurora Verde Logística” “517845230”
4. “Aurora Verde Logística” fraude OR branqueamento OR corrupção
5. “Aurora Verde Logística” sanções OR investigação OR processo

For each result, return the executed query, title, publisher, publication date, URL, source type, topic classification, neutral summary, identity assessment, relevance assessment and primary-source reference where available.",Google / Web Search,"The public web search returned 2 potentially relevant results for “Aurora Verde Logística, Lda.” The complete first page of results was reviewed for each executed query.

Result 1

Title: Contrato de prestação de serviços de transporte e logística
Publisher: Município do Porto
Publication date: 12 March 2026
Executed query: “Aurora Verde Logística” “517845230”
Result URL: https://example.test/municipio-porto/contrato-aurora-verde
Source type: OFFICIAL
Topic classification: CORPORATE RELATIONSHIP
Neutral summary: The public procurement notice identifies Aurora Verde Logística, Lda., NIPC 517845230, as the supplier under a logistics-services contract.
Identity classification: CONFIRMED
Matching attributes: Exact legal name; NIPC 517845230; Porto location.
Relevance assessment: CONTEXTUAL
Primary source: https://example.test/municipio-porto/contrato-aurora-verde
Assessment: The result confirms a commercial relationship but does not contain adverse information.

Result 2

Title: Autoridades investigam Aurora Verde Transportes por alegadas irregularidades
Publisher: Jornal Regional do Sul
Publication date: 8 February 2026
Executed query: “Aurora Verde Logística” fraude OR branqueamento OR corrupção
Result URL: https://example.test/jornal-regional/aurora-verde-transportes
Source type: REPUTABLE MEDIA
Topic classification: OFFICIAL PROCEEDING
Neutral summary: The article reports an investigation involving Aurora Verde Transportes Ltda., registered in Brazil.
Identity classification: FALSE POSITIVE
Matching attributes: Partial similarity in the trading name.
Conflicting attributes: The result concerns Aurora Verde Transportes Ltda., a Brazilian company, and not Aurora Verde Logística, Lda., NIPC 517845230, headquartered in Porto.
Relevance assessment: NOT RELEVANT TO THE SEARCHED SUBJECT
Primary source: NOT AVAILABLE
Assessment: The result must not be attributed to Aurora Verde Logística, Lda.

Overall outcome: NO RELEVANT ADVERSE-MEDIA RESULT.

The official procurement result is classified as contextual corporate information. The Brazilian media result is classified as a false positive. No confirmed sanctions, money-laundering, corruption, investigation or legal-proceeding result was identified for Aurora Verde Logística, Lda. under the executed queries.

Search evidence: WEB-EX-3001.pdf
Searched on: 25 August 2026 at 10:35 WEST.

This outcome means that no relevant adverse-media result was identified under the executed searches. It does not establish that no relevant information exists elsewhere or may become available later.","## Search Results Summary for ""Aurora Verde Logística, Lda."" (NIPC 517845230, Porto, Portugal)

After conducting five comprehensive searches using the specified queries, **no results were found for the target company ""Aurora Verde Logística, Lda."" with NIPC 517845230 headquartered at Rua do Freixo 221, 4300-219 Porto, Portugal**.

### Executed Searches:

**Query 1: ""Aurora Verde Logística, Lda.""**
- **Results Found:** 10 results, none relevant to the target company
- **Identity Assessment:** All results relate to different entities:
  - Aura Verde LDA (Mozambique) - coconut waste processing company
  - Aurora Transportes e Logistica LTDA (Brazil) - various Brazilian transport companies
  - Aurora Logistica (Peru) - security and mining logistics company
  - Aurora AP Soluciones Logísticas (international logistics)
- **Relevance:** 0% - No matches for Portuguese company with NIPC 517845230

**Query 2: ""Aurora Verde Logistica""**
- **Results Found:** 10 results, none relevant to the target company
- **Identity Assessment:** Similar results to Query 1, including Brazilian Aurora Coop sustainability initiatives, Brazilian transport companies, and Verde Logística Ambiental (Brazil)
- **Relevance:** 0% - No Portuguese entities identified

**Query 3: ""Aurora Verde Logística"" ""517845230""**
- **Results Found:** 10 results, none relevant to the target company
- **Identity Assessment:** Results included Aurora Coop (Brazil), Brazilian transport companies, Verde Logística Ambiental (Brazil), and Rangel Logistica Cabo Verde (Cape Verde)
- **Relevance:** 0% - The specific NIPC number did not appear in any search results

**Query 4: ""Aurora Verde Logística"" fraude OR branqueamento OR corrupção**
- **Results Found:** 10 results, none relevant to the target company
- **Identity Assessment:** Results included:
  - Consumer complaints about Aurora Logística (Brazil) on Reclame Aqui
  - Legal processes involving Aurora Logística LTDA (Brazil) - 19 processes found on Jusbrasil
  - Labor violations at Frigorífico Aurora (Brazil) - R$1.1 million fine for workplace irregularities
  - Fraud investigations in Rio Verde (Brazil) - unrelated to logistics companies
- **Relevance:** 0% - All negative results relate to Brazilian entities, not the Portuguese target company

**Query 5: ""Aurora Verde Logística"" sanções OR investigação OR processo**
- **Results Found:** 10 results, none relevant to the target company
- **Identity Assessment:** Similar to Query 4, including:
  - Legal processes involving Aurora Logística LTDA (Brazil)
  - Consumer complaints and delivery issues (Brazil)
  - Labor law violations at Aurora Coop facilities (Brazil)
  - Various Brazilian transport companies
- **Relevance:** 0% - No sanctions, investigations, or legal processes found for the Portuguese entity

### Key Findings:

1. **No Digital Footprint:** The company ""Aurora Verde Logística, Lda."" with NIPC 517845230 in Porto, Portugal has no detectable online presence in the first page of search results across all five query variations.

2. **Name Confusion:** Multiple companies with similar names exist in other jurisdictions (Brazil, Peru, Mozambique, Cape Verde), but none match the Portuguese entity's registration details.

3. **No Adverse Information:** No fraud, corruption, money laundering, sanctions, investigations, or legal proceedings were found specifically linked to NIPC 517845230 or the Porto address.

4. **Possible Explanations:**
   - The company may be newly registered with minimal online activity
   - It may operate under a different trading name
   - It may be a dormant or inactive entity
   - The registration details may be incorrect or the company may not exist
   - It may have a very limited operational scope with no public-facing presence

### Recommendation:

To verify the existence and status of this company, direct verification through Portuguese official sources is recommended:
- Portuguese Companies Registry (Registo Comercial)
- Portuguese Tax Authority (Autoridade Tributária e Aduaneira)
- Portuguese Ministry of Justice database
- Direct address verification at Rua do Freixo 221, 4300-219 Porto",True,5,1,1,2,2.5,True,False,"Contrato de prestação de serviços de transporte e logística (Município do Porto, 12 March 2026, NIPC 517845230 confirmed) - CORPORATE RELATIONSHIP finding; Autoridades investigam Aurora Verde Transportes por alegadas irregularidades (Jornal Regional do Sul, 8 February 2026, classified as false positive for Brazilian entity) - ADVERSE MEDIA finding that was correctly excluded but not reported",,,NOT_ACCEPTABLE,"The reference answer contains two high-impact findings: (1) a CORPORATE RELATIONSHIP result (the Município do Porto procurement contract from 12 March 2026 confirming NIPC 517845230), and (2) an ADVERSE MEDIA result (the investigation article from 8 February 2026, correctly identified as a false positive for a Brazilian company). The actual answer reports finding zero relevant results and provides no mention of either finding. While the actual answer correctly notes name confusion with Brazilian entities (consistent with Result 2's false-positive assessment), it completely omits Result 1, the confirmed Portuguese procurement contract. This constitutes a critical_omission because a CORPORATE RELATIONSHIP finding from an official source is entirely absent. Completeness scores 1 because the actual answer fails to report the two results the reference explicitly identifies. Traceability scores 1 because no specific sources, dates, or URLs from the reference are provided. Relevance_clarity scores 2 rather than 1 because the answer does engage with the subject company and explains the absence of results, though it misses the key finding."
linkup,45,"A public web-search result alleges that “Norte Claro Construções, S.A.”, NIPC 509884321, headquartered at Avenida Central 77, 4710-228 Braga, Portugal, was charged in connection with case 88/25.4TELSB.

What official public records confirm, refute or clarify this result?

Search the official websites of the Public Prosecutor’s Office, DCIAP, Judicial Police, applicable courts and regulators. Return the issuing authority, document title, publication date, case reference, procedural event, procedural status stated by the source, neutral factual summary, identity-match assessment, verification outcome and official URL.",Official Sources: Public Prosecutor / DCIAP / Judicial Police / Courts / Regulators,"The originating web-search result was checked against the available official public sources.

Originating result: “Construction company charged in Operação Horizonte”
Originating source: Jornal Económico Regional
Originating publication date: 18 July 2026
Originating result reference: WEB-EX-4001

Official record

Issuing authority: DCIAP
Document title: Operação Horizonte: constituição de arguidos e realização de buscas
Publication date: 18 July 2026
Case reference: 88/25.4TELSB
Procedural event: INVESTIGATION, SEARCHES AND FORMAL IDENTIFICATION OF SUSPECTS
Procedural status stated by the source: Investigation in progress
Official record reference: OFF-EX-4001
Official URL: https://example.test/dciap/operacao-horizonte-18-07-2026

Neutral factual summary: The official communication reports searches and the formal identification of suspects in an investigation concerning alleged procurement and invoicing irregularities. The company named in the official communication is “Norte Clara Engenharia, S.A.”, NIPC 509884312, headquartered at Rua dos Moinhos 14, 4700-000 Braga.

Searched subject: Norte Claro Construções, S.A.
Searched-subject NIPC: 509884321
Searched-subject address: Avenida Central 77, 4710-228 Braga

Identity classification: FALSE POSITIVE

Matching attributes:
- Similar company name
- Same district

Conflicting attributes:
- Official record: Norte Clara Engenharia, S.A.
- Searched subject: Norte Claro Construções, S.A.
- Official-record NIPC: 509884312
- Searched-subject NIPC: 509884321
- Official-record address: Rua dos Moinhos 14, Braga
- Searched-subject address: Avenida Central 77, Braga

Verification outcome: OFFICIAL SOURCE REFUTES ATTRIBUTION TO THE SEARCHED COMPANY.

The official record concerns a different legal entity. The investigation, searches and procedural status must not be attributed to Norte Claro Construções, S.A.

Official sources checked: DCIAP, Public Prosecutor’s Office and Judicial Police
Search parameters: Exact company name, unaccented name, NIPC and case reference
Checked on: 25 August 2026 at 10:50 WEST

The answer reports only the procedural status stated in the official communication. The existence of an investigation, search or formal identification of a suspect does not establish guilt or a final judicial finding.","## Verification Outcome: NO OFFICIAL CONFIRMATION FOUND

After conducting an exhaustive search of official Portuguese judicial and law enforcement websites, **no official public records were found** that confirm, refute, or clarify the allegation that ""Norte Claro Construções, S.A."" (NIPC 509884321) was charged in connection with case 88/25.4TELSB.

### Search Methodology

The investigation searched the following official sources:
- **DCIAP** (Departamento Central de Investigação e Ação Penal) - official website and accusation records
- **Public Prosecutor's Office** (Ministério Público) - official announcements and case summaries
- **Portuguese court databases** (DGSI - Direção-Geral da Política de Justiça)
- **Judicial Police** (Polícia Judiciária) - official communications
- **Tribunal da Relação de Lisboa** - court decisions database

### Key Findings

1. **Case Number Pattern Analysis**: The case reference ""88/25.4TELSB"" follows the Portuguese criminal case numbering format where:
   - ""88/25"" would indicate case number 88 of 2025
   - "".4TELSB"" indicates jurisdiction (TELSB = Tribunal Especial de Lisboa)
   - This format is consistent with DCIAP cases

2. **Historical Case References Found**: Multiple historical cases with similar numbering patterns were identified:
   - NUIPC 88/13.4TELSB (2016 accusation - health fraud case)
   - NUIPC 88/12.1TELSB (2016 accusation - construction sector tax fraud with 53 defendants)
   - NUIPC 88/09.9TELSB (2014 accusation)
   
   However, **no case numbered 88/25.4TELSB** was found in any official records.

3. **Company Identity**: The NIPC 509884321 and company name ""Norte Claro Construções, S.A."" could not be verified through official Portuguese business registries in the search results. Similar company names exist (e.g., ""Construções Norte Costa, Lda"" with different NIPC), but no exact match was found.

4. **2025 DCIAP Accusations**: A review of all publicly announced DCIAP accusations from 2025 (December 29, December 17, December 10, and earlier dates) revealed no mention of:
   - Norte Claro Construções, S.A.
   - NIPC 509884321
   - Case 88/25.4TELSB
   - Any construction company from Braga with matching details

### Assessment

**Identity Match**: Cannot be confirmed - the company name and NIPC could not be verified against official records

**Verification Outcome**: **UNVERIFIED** - No official public record found

**Status**: The allegation remains unsubstantiated by official Portuguese judicial sources as of the search date

### Important Caveats

1. **Segredo de Justiça** (Judicial Secrecy): Portuguese criminal proceedings are often subject to judicial secrecy (segredo de justiça), which restricts public disclosure of case details during investigation phases. A case may exist but not be publicly announced.

2. **Timing**: If charges were filed very recently in 2025, there may be a delay before official publication on DCIAP or court websites.

3. **Jurisdiction**: If the case is handled by a regional DIAP (Departamento de Investigação e Ação Penal) rather than the central DCIAP, it may not appear in DCIAP records.

4. **Preliminary Stages**: The case may be in preliminary investigation stages where no formal accusation (acusação) has been filed yet.

### Recommendation

To verify this allegation, one should:
1. Request official confirmation directly from DCIAP (correio.dciap@pgr.pt)
2. Check with the Tribunal Central de Instrução Criminal de Lisboa
3. Consult the Portuguese business registry (Registo Comercial) to verify the company's existence and NIPC
4. If the company is a party to proceedings, their legal representatives would have official documentation

**No official authority, document title, publication date, procedural event, procedural status, or official URL can be provided as none were found in the public domain.**",True,1,1,1,2,1.1,True,False,"DCIAP official record dated 18 July 2026 concerning case 88/25.4TELSB (Operação Horizonte) documenting investigation, searches and formal identification of suspects for procurement and invoicing irregularities; the official record identifies a different company (Norte Clara Engenharia, S.A., NIPC 509884312) and refutes attribution to the searched subject Norte Claro Construções, S.A.; verification outcome that official source refutes attribution to the searched company","Claim that no case numbered 88/25.4TELSB was found in any official records contradicts the reference which confirms DCIAP published an official communication about this exact case on 18 July 2026; claim that no official records confirm, refute or clarify the allegation contradicts the reference which shows the official record refutes the attribution",,NOT_ACCEPTABLE,"The reference contains a high-impact finding: a litigation/legal proceeding (investigation with searches and formal identification of suspects in case 88/25.4TELSB), and critically, an official refutation showing the searched company is a false positive. The actual answer completely fails to report this official DCIAP record, instead claiming no official records were found and that the case number itself does not exist. This is factually incorrect—the reference explicitly documents that DCIAP published 'Operação Horizonte: constituição de arguidos e realização de buscas' on 18 July 2026 for case 88/25.4TELSB, and that the official record refutes attribution to Norte Claro Construções by identifying a different entity (Norte Clara Engenharia). The actual answer's 'NO OFFICIAL CONFIRMATION FOUND' conclusion directly contradicts the reference's 'OFFICIAL SOURCE REFUTES ATTRIBUTION' finding, missing both the existence of the official record and its exculpatory significance for the searched subject."
linkup,47,"What LinkedIn professional information is available for “Beatriz Leonor Matos”, currently reported as Compliance Manager at Solaris Payments, S.A., in Lisboa, Portugal?

Return the candidate profile reference, listed professional roles, employers, employment dates, professional affiliations, available location, authorized access method, identity-match assessment, matching or conflicting attributes and access timestamp.

Do not access restricted profile content or use automated profile scraping.",LinkedIn,"The authorized LinkedIn search returned 1 candidate profile for “Beatriz Leonor Matos”.

Candidate profile

Displayed name: Beatriz L. Matos
Profile reference: https://example.test/linkedin/in/beatriz-l-matos
Displayed location: Lisbon Metropolitan Area, Portugal

Listed professional experience:

1. Compliance Manager
   Employer: Solaris Payments, S.A.
   Employment period: March 2022 to present
   Location: Lisboa, Portugal

2. Risk Analyst
   Employer: Tejo Finance, S.A.
   Employment period: June 2018 to February 2022
   Location: Lisboa, Portugal

Listed education:
Postgraduate qualification in Compliance and Financial Regulation, Instituto Atlântico de Gestão, 2018.

Other visible affiliations:
Member of the Portuguese Compliance Professionals Network.

Identity classification: INCONCLUSIVE

Matching attributes:
- Full first name and surname
- Current employer
- Current professional position
- Lisboa location
- Professional history compatible with a compliance role

Missing or conflicting attributes:
- The profile displays “Beatriz L. Matos” rather than the complete name “Beatriz Leonor Matos”
- No date of birth is available
- No personal or professional identifier is available
- No independent contact detail is available for comparison
- The current employment relationship has not been corroborated through an official company source or another permitted independent source

Access method: Authorized public search
Collection method: Controlled manual review
Access restriction: No restricted profile content was accessed and no automated profile scraping was performed
Evidence reference: LI-EX-5001
Accessed on: 25 August 2026 at 11:05 WEST

Assessment:

The candidate profile is compatible with the searched person, but the available LinkedIn attributes are insufficient to confirm that the profile belongs to Beatriz Leonor Matos.

The profile information must be treated as self-reported or profile-derived professional context. LinkedIn information alone does not conclusively establish the employment relationship and does not constitute adverse media.","Based on extensive searches of publicly available LinkedIn information and related sources, I was unable to locate a LinkedIn profile or publicly accessible professional information for an individual specifically named ""Beatriz Leonor Matos"" working as Compliance Manager at Solaris Payments, S.A. in Lisboa, Portugal.

**Search Results Summary:**

The searches identified several individuals with similar names in Portugal:
- Multiple ""Beatriz Matos"" profiles (including an Audit Manager at KPMG Portugal, a Requirements Engineer at Bosch, and others)
- Multiple ""Leonor Matos"" profiles (including professionals in various fields)
- One ""Beatriz Leonor"" profile in Maia, Porto (not Lisboa)

However, none of these profiles matched the specific combination of ""Beatriz Leonor Matos"" in a Compliance Manager role at Solaris Payments, S.A.

**Important Findings about Solaris Entities:**

The searches revealed that:
1. **Solaris SE** (formerly Solarisbank) is a German technology company with a banking license, headquartered in Berlin with branches across Europe
2. **Solaris Portugal, S.A.** (NIF 507852524) exists in Lisboa but operates in the optical, photographic, and cinematographic equipment retail sector - NOT in payments or financial services
3. No entity specifically named ""Solaris Payments, S.A."" was found registered in Portugal

**Conclusion:**

Without access to a verified LinkedIn profile or publicly available professional information matching the exact name and employer specified, I cannot provide the requested details including:
- Candidate profile reference
- Listed professional roles and employment dates
- Professional affiliations
- Authorized access method
- Identity-match assessment
- Matching or conflicting attributes

This search was conducted using only publicly accessible information through authorized search methods, without accessing restricted profile content or using automated scraping, as requested.",True,1,1,1,1,1.0,False,False,"Candidate profile reference (https://example.test/linkedin/in/beatriz-l-matos); Displayed name (Beatriz L. Matos); Listed professional experience (Compliance Manager at Solaris Payments, S.A. from March 2022 to present; Risk Analyst at Tejo Finance, S.A. from June 2018 to February 2022); Listed education (Postgraduate qualification in Compliance and Financial Regulation, Instituto Atlântico de Gestão, 2018); Professional affiliation (Member of the Portuguese Compliance Professionals Network); Identity classification (INCONCLUSIVE); Matching attributes; Access method and timestamp (25 August 2026 at 11:05 WEST); Evidence reference (LI-EX-5001)","Claim that no LinkedIn profile was found for the individual; Claim that no entity named 'Solaris Payments, S.A.' exists in Portugal",,NOT_ACCEPTABLE,"The reference answer clearly states that an authorized LinkedIn search returned 1 candidate profile for Beatriz L. Matos with detailed professional information including current employment at Solaris Payments, S.A. The actual answer directly contradicts this by claiming no profile was found and that the employer doesn't exist. This represents a complete failure to report the information that was available according to the reference. All required elements (profile reference, roles, dates, affiliations, access method, timestamp) are missing. No high-impact findings (sanctions, PEP, litigation, adverse media, UBO, adverse relationships) appear in the reference, so critical_omission remains false despite the answer being entirely off-target."
linkup,49,"A relevant UK link has been identified for “Northbridge Solar Projects Ltd”, company number 14876543, with registered office at 22 Kingfisher Lane, Manchester M1 4AB, United Kingdom.

What official Companies House records are available for this company?

Return the legal name, company number, company status, company type, incorporation date, registered office, previous company names, current officers, persons with significant control, relevant filings, charges, insolvency information, identity-match assessment, relevant FCC alerts, official evidence references and search timestamp.",Companies House,"Companies House returned 1 company record matching “Northbridge Solar Projects Ltd”.

Company details

Legal name: Northbridge Solar Projects Ltd
Company number: 14876543
Company status: ACTIVE
Company type: Private limited company
Incorporation date: 20 April 2023
Registered office: 22 Kingfisher Lane, Manchester M1 4AB, United Kingdom
Previous company names: NONE RECORDED

Identity classification: CONFIRMED

Matching attributes:
- Exact legal name
- Exact company number
- Exact registered-office address
- United Kingdom jurisdiction

Current officers

1. Amelia Rose Carter
   Role: Director
   Appointment date: 20 April 2023
   Month and year of birth: September 1981
   Nationality: British
   Correspondence address: 22 Kingfisher Lane, Manchester M1 4AB, United Kingdom
   Officer status: Active

2. Daniel James Mercer
   Role: Director
   Appointment date: 14 January 2025
   Month and year of birth: June 1978
   Nationality: British
   Correspondence address: 15 Rivergate Square, Manchester M3 2LF, United Kingdom
   Officer status: Active

Persons with significant control

1. Amelia Rose Carter
   PSC status: Active
   Nature of control:
   - Ownership of more than 75% of the shares
   - Ownership of more than 75% of the voting rights
   - Right to appoint or remove a majority of the board of directors
   Notification date: 20 April 2023

Relevant filings

1. Incorporation
   Filing date: 20 April 2023
   Reference: NEWINC-2023-0420

2. Appointment of Daniel James Mercer as director
   Filing date: 14 January 2025
   Reference: AP01-2025-0114

3. Confirmation statement
   Filing date: 25 April 2026
   Statement date: 20 April 2026
   Reference: CS01-2026-0425

Charges

Number of charges: 1
Charge status: OUTSTANDING
Charge creation date: 12 January 2025
Charge holder: Northern Commercial Bank plc
Charge description: Fixed and floating charge over specified company assets
Charge reference: CHG-2025-001

Insolvency information: NONE RECORDED

FCC alerts

- OUTSTANDING CHARGE: CONTEXTUAL REVIEW
- No insolvency record identified
- No dissolved status
- No disqualified officer identified in the reviewed evidence
- No discrepancy identified between the searched company details and the official record

Assessment:

The Companies House record is confirmed as belonging to Northbridge Solar Projects Ltd because the legal name, company number and registered-office address match the supplied company information.

The outstanding charge is a corporate financing and security record. The existence of the charge does not, by itself, establish insolvency, financial difficulty, misconduct or adverse media.

Official company profile: https://example.test/companies-house/company/14876543
Supporting evidence: CH-EX-6001.pdf
Search parameters: Legal name and company number 14876543
Searched on: 25 August 2026 at 11:20 WEST
Evidence hash: SHA-256: 61a4c9f0…8d2e

Companies House is treated as an official source of corporate and relationship information. The record does not, by itself, constitute adverse media.","## Identity Match Assessment: MISMATCH IDENTIFIED

**Critical Finding:** The company number 14876543 provided in the query does NOT match ""Northbridge Solar Projects Ltd"". According to official Companies House records, company number 14876543 is registered to a completely different entity.

---

## Official Companies House Records for Company Number 14876543

### Legal Name
**TREED X FITMOB LTD**

### Company Number
**14876543**

### Company Status
**Dissolved** (Dissolved on 22 October 2024)

### Company Type
Private Limited Company

### Incorporation Date
17 May 2023

### Registered Office Address
Suite 8 Advantage House, Oxford Street West, Ashton-Under-Lyne, Greater Manchester, United Kingdom, OL7 0NB

**Note:** This address does NOT match the address provided in the query (22 Kingfisher Lane, Manchester M1 4AB, United Kingdom).

### Previous Company Names
No previous company names on record. The company was incorporated and dissolved under the name ""TREED X FITMOB LTD"".

### Nature of Business (SIC Code)
85510 - Sports and recreation education

---

## Current Officers (as of dissolution)
The company had 4 directors, all appointed on 17 May 2023:

1. **ALRABIEI, Mohamed**
   - Role: Director
   - Date of Birth: January 1993
   - Nationality: British
   - Correspondence Address: Flat 3 Thornberry House 28-35, Kirchen Road, London, England, W13 0BF

2. **GOWER, Danielle**
   - Role: Director
   - Date of Birth: February 1986
   - Nationality: British
   - Correspondence Address: Suite 8, Advantage House, Oxford Street West, Ashton-Under-Lyne, Greater Manchester, United Kingdom, OL7 0NB

3. **O'CALLAGHAN, Mitch Hayden**
   - Role: Director
   - Date of Birth: September 1990
   - Nationality: British
   - Correspondence Address: Suite 8, Advantage House, Oxford Street West, Ashton-Under-Lyne, Greater Manchester, United Kingdom, OL7 0NB

4. **STEFANNI-MACHADO, Jonathon**
   - Role: Director
   - Date of Birth: April 1994
   - Nationality: British
   - Correspondence Address: Suite 8, Advantage House, Oxford Street West, Ashton-Under-Lyne, Greater Manchester, United Kingdom, OL7 0NB

**Officer Resignations:** 0 resignations recorded

---

## Persons with Significant Control (PSC)
**0 persons with significant control registered**

**PSC Statement:** The company knows or has reasonable cause to believe that there is no registrable person or registrable relevant legal entity in relation to the company (Notified on 17 May 2023)

---

## Relevant Filings

1. **22 October 2024 - GAZ2 (Final Gazette)**
   - Description: Final Gazette dissolved via compulsory strike-off

2. **06 August 2024 - GAZ1 (First Gazette)**
   - Description: First Gazette notice for compulsory strike-off

3. **17 May 2023 - NEWINC (Incorporation)**
   - Description: Incorporation with Model articles adopted
   - Statement of capital: GBP 100

---

## Charges
No charges registered against this company.

---

## Insolvency Information
The company was dissolved via **compulsory strike-off** (not voluntary liquidation or formal insolvency proceedings). The First Gazette notice was published on 06 August 2024, and the Final Gazette confirming dissolution was published on 22 October 2024.

---

## Identity Match Assessment

**CRITICAL MISMATCH:**
- **Query stated:** ""Northbridge Solar Projects Ltd"", company number 14876543, registered office at 22 Kingfisher Lane, Manchester M1 4AB
- **Companies House records show:** ""TREED X FITMOB LTD"", company number 14876543, registered office at Suite 8 Advantage House, Oxford Street West, Ashton-Under-Lyne, Greater Manchester, OL7 0NB

**Findings:**
1. The company name does NOT match
2. The registered office address does NOT match
3. The business activity (sports and recreation education) does NOT align with solar projects
4. No company named ""Northbridge Solar Projects Ltd"" was found in the Companies House register
5. The address ""22 Kingfisher Lane, Manchester M1 4AB"" does not appear in Companies House records

**Conclusion:** The information provided in the query appears to be **fraudulent or erroneous**. Company number 14876543 belongs to a dissolved sports/fitness company, not a solar energy company.

---

## Relevant FCC Alerts
**FRAUD ALERT:** The details provided for ""Northbridge Solar Projects Ltd"" do not match official Companies House records. This may indicate:
- Identity fraud or company impersonation
- Use of a dissolved company number for fraudulent purposes
- Fabricated company information
- Potential scam involving fake solar energy projects

**Recommendation:** Any business dealings with an entity claiming to be ""Northbridge Solar Projects Ltd"" with company number 14876543 should be treated with extreme caution and independently verified.

---

## Official Evidence References
- Companies House Official Register: https://find-and-update.company-information.service.gov.uk/company/14876543
- Company Overview Page (accessed)
- Officers Page (accessed)
- Filing History Page (accessed)
- Persons with Significant Control Page (accessed)
- More Information Page (accessed)

---

## Search Timestamp
This information was retrieved from Companies House official records on **2025** (current date at time of search). The company status shown is as of the dissolution date: 22 October 2024.",True,1,1,2,1,1.2,True,True,"Outstanding charge (CHG-2025-001) created 12 January 2025 held by Northern Commercial Bank plc over company assets; All officers: Amelia Rose Carter (Director, appointed 20 April 2023) and Daniel James Mercer (Director, appointed 14 January 2025); Person with significant control: Amelia Rose Carter with >75% ownership and voting rights; Confirmation statement filing CS01-2026-0425 dated 25 April 2026; Company status ACTIVE; Incorporation date 20 April 2023; Registered office 22 Kingfisher Lane, Manchester M1 4AB","Legal name stated as 'TREED X FITMOB LTD' instead of 'Northbridge Solar Projects Ltd'; Company status stated as 'Dissolved' instead of 'ACTIVE'; Incorporation date stated as '17 May 2023' instead of '20 April 2023'; Registered office stated as 'Suite 8 Advantage House, Oxford Street West, Ashton-Under-Lyne' instead of '22 Kingfisher Lane, Manchester M1 4AB'; All officer names and details are incorrect; PSC information completely incorrect (stated 0 PSCs instead of Amelia Rose Carter); Dissolution filings stated instead of actual filings; Charges stated as 'No charges' instead of 1 outstanding charge","The entire company record for 'TREED X FITMOB LTD' including all officers (ALRABIEI Mohamed, GOWER Danielle, O'CALLAGHAN Mitch Hayden, STEFANNI-MACHADO Jonathon), dissolution dates (06 August 2024, 22 October 2024), SIC code 85510, and all associated details; Fraud alert claiming identity fraud or company impersonation; Claims that 'Northbridge Solar Projects Ltd' does not exist in Companies House register",NOT_ACCEPTABLE,"The actual answer fabricates an entirely different company record ('TREED X FITMOB LTD') and falsely claims the query information is fraudulent, when the reference confirms 'Northbridge Solar Projects Ltd' company number 14876543 is real, active, and matches all provided details exactly. This constitutes severe hallucination (factual_accuracy=1). The answer omits all correct information from the reference including the outstanding charge (a high-impact beneficial ownership/security finding under the charge category), all correct officers, PSC details, and filings (completeness=1, critical_omission=true for the charge). While the answer cites Companies House as a source, it provides completely fabricated data (traceability=2). The answer is entirely off-topic, addressing a non-existent company rather than the actual subject (relevance_clarity=1)."
linkup,52,"What candidate company and officer records does OpenCorporates return for “Atlântico Biotech Ltd” and “Rui Manuel Seabra” across the relevant jurisdictions?

The expected company is registered in Malta and has the following known information:

Company name: Atlântico Biotech Ltd
Expected jurisdiction: Malta
Registered address: 14 Marina Street, Valletta VLT 1160, Malta
Known officer: Rui Manuel Seabra
Expected role: Director

Search using the company-name variants “Atlântico Biotech Ltd”, “Atlantico Biotech Ltd” and “Atlantico Biotechnology”, together with the officer name “Rui Manuel Seabra”.

For each candidate, return the company name, company number, jurisdiction, status, incorporation or dissolution date, registered address, previous names, officers and roles, available ownership information, source registry, registry URL, provenance, identity classification and official-registry verification status.",OpenCorporates,"OpenCorporates returned 2 candidate company records for “Atlântico Biotech Ltd” using the searched company-name variants.

Candidate 1

Company name: Atlantico Biotech Ltd
Company number: C 99881
Jurisdiction: Malta
Jurisdiction code: mt
Company status: ACTIVE
Incorporation date: 17 June 2021
Dissolution date: NOT APPLICABLE
Registered address: 14 Marina Street, Valletta VLT 1160, Malta
Previous company names: NONE RECORDED

Officers and roles:

1. Rui Manuel Seabra
   Role: Director
   Appointment date: 17 June 2021
   Status: Active

2. Helena Maria Costa
   Role: Company Secretary
   Appointment date: 17 June 2021
   Status: Active

Ownership information: NOT AVAILABLE IN THE REVIEWED OPENCORPORATES RECORD

Filings or statements:

1. Incorporation filing dated 17 June 2021
2. Annual return dated 30 June 2025
3. Change of registered office dated 12 September 2024

Relationship classification: RELEVANT RELATIONAL MATCH

Matching attributes:
- Company name matches the unaccented variant
- Expected Malta jurisdiction
- Exact registered-office address
- Exact officer name
- Expected director role

Missing or conflicting attributes:
- No personal identifier is available for Rui Manuel Seabra
- No date of birth is available for the officer
- Ownership information is not available in the reviewed record

Source registry: Malta Business Registry
Registry URL: https://example.test/mbr/company/C99881
OpenCorporates record: https://example.test/opencorporates/mt/C99881
Provenance: Company and officer information attributed to the Malta Business Registry
Provenance date: 14 August 2026
Official-registry verification: NOT YET CONFIRMED

Assessment:

Candidate 1 is classified as a relevant relational match because the company name, jurisdiction, registered address, officer name and officer role are compatible with the supplied information.

The company match has high confidence. The officer relationship is compatible but should be corroborated through the originating official registry where required.

Candidate 2

Company name: Atlantico Biotechnology LLC
Company number: 7845129
Jurisdiction: Delaware, United States
Jurisdiction code: us_de
Company status: ACTIVE
Incorporation date: 9 February 2020
Registered address: 1209 Orange Street, Wilmington, Delaware 19801, United States
Previous company names: NOT AVAILABLE
Officers and roles: NOT AVAILABLE
Ownership information: NOT AVAILABLE
Source registry: Delaware Division of Corporations
Registry URL: https://example.test/delaware/entity/7845129
OpenCorporates record: https://example.test/opencorporates/us_de/7845129

Relationship classification: FALSE POSITIVE

Matching attributes:
- Partial similarity in the company name

Conflicting attributes:
- Jurisdiction is Delaware rather than Malta
- Registered address is incompatible
- Company number is different
- Rui Manuel Seabra is not listed as an officer
- The legal name includes “Biotechnology LLC” rather than “Biotech Ltd”

Assessment:

Candidate 2 must not be attributed to Atlântico Biotech Ltd or to Rui Manuel Seabra.

Overall result:

OpenCorporates returned one relevant relational candidate and one false positive. The relevant candidate is Atlantico Biotech Ltd, company number C 99881, Malta. Ownership information was not available and no conclusion was drawn regarding the company’s shareholders or beneficial owners.

Search parameters: Exact name, unaccented name, partial company-name variant and officer name
Evidence reference: OC-EX-7001
Retrieved on: 25 August 2026 at 11:35 WEST
Evidence hash: SHA-256: 44ad8f21…90e1

OpenCorporates is treated as a complementary corporate-discovery and contextual source. Where available, the originating official registry should be used as the primary verification source.","Based on extensive searches of OpenCorporates and related databases, I was unable to locate candidate company or officer records for ""Atlântico Biotech Ltd"", ""Atlantico Biotech Ltd"", or ""Atlantico Biotechnology"" registered in Malta, nor records for ""Rui Manuel Seabra"" as a director of such companies.

**Search Results Summary:**

**Company Name Searches:**
- Searched OpenCorporates for all three company name variants (""Atlântico Biotech Ltd"", ""Atlantico Biotech Ltd"", ""Atlantico Biotechnology"") in Malta jurisdiction (mt)
- Searched for biotech companies at the expected address (14 Marina Street, Valletta)
- No matching records were found in OpenCorporates for these specific company names in Malta

**Officer Name Searches:**
- Searched OpenCorporates for ""Rui Manuel Seabra"" as a director/officer in Malta
- Found several other ""Rui Manuel"" officers in Malta's Paradise Papers data (via ICIJ Offshore Leaks Database), including:
  - RUI MANUEL MEDALHO PEREIRA (shareholder in JNR GLOBAL LTD, Malta, incorporated 15-JAN-2013)
  - RUI MANUEL PINTO DOS SANTOS SILVA (shareholder in MONTY HOLDINGS LIMITED, Malta, incorporated 20-JAN-2011)
- However, no records were found for ""Rui Manuel Seabra"" specifically

**Other Findings:**
- OpenCorporates does index Malta companies from the Registry of Companies, Malta Financial Services Authority (register ID 152)
- Malta company numbers use a ""C"" prefix followed by numeric sequence (e.g., C 12345)
- Found other biotech-related companies in Malta including SWISS BIOTECH LTD (C96252), SWISS BIOTECH DISTRIBUTION LTD (C98925), and KALLISTE BIOTECH FUND IC SICAV P.L.C. (SV314)
- The ICIJ Offshore Leaks Database showed an ""Atlantic Biotech Ltd"" but this was registered in Labuan, Malaysia (not Malta), incorporated 09-OCT-2007

**Limitations:**
OpenCorporates pages frequently returned ""Loading"" status or required CAPTCHA verification, preventing direct access to full company details. The Malta Business Registry (MBR) online portal at www.mbr.mt requires account registration and 2FA authentication for detailed searches, which could not be accessed through these searches.

**Conclusion:**
No candidate records matching the expected company ""Atlântico Biotech Ltd"" registered in Malta with officer ""Rui Manuel Seabra"" were found in the OpenCorporates database. The company may not be indexed in OpenCorporates, may be registered under a significantly different name, may have been dissolved or struck off before being indexed, or may not exist in the Malta registry. Direct verification would require accessing the Malta Business Registry (MBR) portal at www.mbr.mt or contacting MBR directly at orders.mbr@mbr.mt or +356 22582300.",True,1,1,2,2,1.3,False,False,"Atlantico Biotech Ltd (C 99881, Malta) - active company incorporated 17 June 2021 at 14 Marina Street, Valletta VLT 1160; Rui Manuel Seabra as Director (appointed 17 June 2021); Helena Maria Costa as Company Secretary (appointed 17 June 2021); incorporation filing, annual return dated 30 June 2025, and change of registered office dated 12 September 2024; Atlantico Biotechnology LLC (Delaware, US) as false positive candidate","Claimed no matching records were found in OpenCorporates for the company names in Malta, when the reference shows Atlantico Biotech Ltd (C 99881) was returned; claimed no records found for Rui Manuel Seabra as director in Malta, when the reference shows he is listed as Director of the Malta company",,NOT_ACCEPTABLE,"The actual answer directly contradicts the reference by stating no candidate records were found, when the reference explicitly documents that OpenCorporates returned 2 candidate company records, including the relevant match Atlantico Biotech Ltd (C 99881, Malta) with Rui Manuel Seabra as Director. This is a fundamental factual error that invalidates the entire response, warranting factual_accuracy=1. Completeness=1 because the answer fails to provide any of the expected company details, officer information, or candidate assessments. Traceability=2 because while the answer mentions searching OpenCorporates and describes search methodology, it provides no actual record URLs or evidence references. Relevance_clarity=2 because although the answer addresses the search topic, it provides extensive irrelevant detail about other Malta companies and technical limitations while completely missing the core findings."
linkup,55,"A relevant UK link has been identified between “Tomás Duarte Correia”, born in March 1984, Portuguese national, and “Cobalt Harbour Trading Ltd”.

What official Companies House records are available for “Cobalt Harbour Trading Ltd”, company number 15240177, and the reported officer “Tomás Duarte Correia”?

Return the company profile, company number, status, incorporation date, registered office, officers, persons with significant control, nature of control, relevant filings, company and relationship identifiers, official evidence reference, retrieval timestamp and evidence hash.

Assess separately whether the company record and the officer or PSC relationship match the supplied information.",Companies House,"Companies House returned 1 company record matching “Cobalt Harbour Trading Ltd”, company number 15240177.

Company profile

Legal name: Cobalt Harbour Trading Ltd
Company number: 15240177
Company status: ACTIVE
Company type: Private limited company
Incorporation date: 2 November 2023
Registered office: 8 Dock Street, Liverpool L1 8JQ, United Kingdom
Jurisdiction: England and Wales

UK link:

The searched subject, Tomás Duarte Correia, is reported as a current director and person with significant control of a UK-registered company.

Company identity classification: CONFIRMED

Company matching attributes:
- Exact legal name
- Exact company number
- Compatible United Kingdom jurisdiction
- Exact registered-office address

Officers

1. Tomás Duarte Correia
   Role: Director
   Appointment date: 2 November 2023
   Officer status: Active
   Month and year of birth: March 1984
   Nationality: Portuguese
   Country of residence: Portugal
   Correspondence address: 8 Dock Street, Liverpool L1 8JQ, United Kingdom
   Officer identifier: OFF-15240177-001

2. Eleanor Grace Mitchell
   Role: Director
   Appointment date: 15 January 2025
   Officer status: Active
   Month and year of birth: July 1987
   Nationality: British
   Country of residence: United Kingdom
   Correspondence address: 42 Riverside Walk, Liverpool L3 4BN, United Kingdom
   Officer identifier: OFF-15240177-002

Officer relationship assessment for Tomás Duarte Correia: CONFIRMED

Matching attributes:
- Exact full name
- Compatible month and year of birth
- Portuguese nationality
- Active directorship of the matched company

Missing attributes:
- Complete date of birth is not available in the public officer record
- No personal identification number is available

Persons with significant control

1. Tomás Duarte Correia
   PSC status: Active
   Notification date: 2 November 2023
   Nature of control:
   - Ownership of more than 50% but not more than 75% of the shares
   - Ownership of more than 50% but not more than 75% of the voting rights
   - Right to appoint or remove a majority of the board of directors
   PSC identifier: PSC-15240177-001

PSC relationship assessment: CONFIRMED

Relevant filings

1. Incorporation
   Filing date: 2 November 2023
   Filing reference: NEWINC-2023-1102

2. Appointment of Tomás Duarte Correia as director
   Filing date: 2 November 2023
   Filing reference: AP01-2023-1102

3. Initial PSC notification for Tomás Duarte Correia
   Filing date: 2 November 2023
   Filing reference: PSC01-2023-1102

4. Confirmation statement
   Filing date: 4 November 2025
   Statement date: 2 November 2025
   Filing reference: CS01-2025-1104

Overall assessment:

The UK company record is confirmed by the exact company number, legal name and registered-office address.

The relationship between Tomás Duarte Correia and Cobalt Harbour Trading Ltd is also confirmed because the officer and PSC records contain a compatible full name, month and year of birth, nationality and company relationship.

Companies House confirms that Tomás Duarte Correia is recorded as a director and PSC. The record does not independently establish that Tomás Duarte Correia is the ultimate beneficial owner under every applicable FCC definition. Any beneficial-ownership conclusion must consider the nature of control, other ownership layers and the remaining process documentation.

Official company profile: https://example.test/companies-house/company/15240177
API response reference: CH-EX-12001.json
Supporting registry print: CH-EX-12001.pdf
Retrieved on: 25 August 2026 at 12:45 WEST
Evidence hash: SHA-256: 7b2e8a19…4f19","## CRITICAL FINDING: Company Name Mismatch

**Company number 15240177 is NOT registered to ""Cobalt Harbour Trading Ltd""**

### Official Companies House Records for Company Number 15240177

**Company Name:** MARIA ELENA MIHAI LTD  
**Company Number:** 15240177  
**Company Status:** Dissolved  
**Dissolution Date:** 1 April 2025  
**Company Type:** Private Limited Company  
**Incorporation Date:** 26 October 2023  

**Registered Office Address:**  
4 Beamans Close, Solihull, England, B92 7RA

**Nature of Business (SIC Code):**  
47750 - Retail sale of cosmetic and toilet articles in specialised stores

### Officers

**Director:**  
- **Name:** Maria Elena MIHAI  
- **Date of Birth:** October 1999  
- **Nationality:** Romanian  
- **Place of Residence:** England  
- **Correspondence Address:** 4 Beamans Close, Solihull, England, B92 7RA  
- **Appointed:** 26 October 2023

### Persons with Significant Control (PSC)

**PSC:** Miss Maria Elena Mihai  
- **Date of Birth:** October 1999  
- **Nationality:** Romanian  
- **Place of Residence:** England  
- **Correspondence Address:** 4 Beamans Close, Solihull, England, B92 7RA  
- **Notified:** 26 October 2023  
- **Nature of Control:**
  - Ownership of shares – 75% or more
  - Ownership of voting rights - 75% or more
  - Right to appoint or remove directors

### Filing History

1. **01 April 2025** - GAZ2: Final Gazette dissolved via compulsory strike-off
2. **14 January 2025** - GAZ1: First Gazette notice for compulsory strike-off
3. **26 October 2023** - NEWIINC: Incorporation with Model Articles adopted, Statement of capital: GBP 1

### Official Evidence Reference

**Source:** Companies House Find and Update Company Information Service  
**URL:** https://find-and-update.company-information.service.gov.uk/company/15240177  
**Retrieval Timestamp:** Current as of search date  

### Assessment of Supplied Information

**Company Record Match:** ❌ **DOES NOT MATCH**
- The supplied company name ""Cobalt Harbour Trading Ltd"" does NOT match the official registered name ""MARIA ELENA MIHAI LTD"" for company number 15240177
- No evidence of any name change from ""Cobalt Harbour Trading Ltd"" to ""MARIA ELENA MIHAI LTD"" in the filing history
- The company has been dissolved since 1 April 2025

**Officer/PSC Relationship Match:** ❌ **NO CONNECTION FOUND**
- No officer or PSC named ""Tomás Duarte Correia"" (born March 1984, Portuguese national) is recorded for company number 15240177
- The only officer and PSC is Maria Elena Mihai (born October 1999, Romanian national)
- No evidence of any historical connection between Tomás Duarte Correia and this company number

### Additional Search Results

Extensive searches of Companies House records found NO company registered as ""Cobalt Harbour Trading Ltd"" or ""Cobalt Harbour Trading Limited"" in the UK register. Similar named companies exist (e.g., ""COBALT TRADING LIMITED"" - company number 10932419, ""COBALT TRADE LTD"" - company number 15314978, ""HARBOUR TRADING LTD"" - company number 16970903), but none match the exact name ""Cobalt Harbour Trading Ltd.""

### Conclusion

The supplied information contains significant discrepancies. Company number 15240177 is officially registered to MARIA ELENA MIHAI LTD, not ""Cobalt Harbour Trading Ltd,"" and there is no recorded connection to Tomás Duarte Correia in the official Companies House records. The company has been dissolved since April 2025. The claimed UK link between these parties and this company number cannot be verified through official Companies House records.",True,1,1,2,2,1.3,True,True,"Tomás Duarte Correia as director and person with significant control (beneficial ownership finding); Company name Cobalt Harbour Trading Ltd; Company status ACTIVE; Incorporation date 2 November 2023; Registered office 8 Dock Street, Liverpool L1 8JQ; Eleanor Grace Mitchell as director; All PSC control details for Tomás Duarte Correia; All relevant filings","Company name stated as MARIA ELENA MIHAI LTD instead of Cobalt Harbour Trading Ltd; Company status stated as Dissolved instead of Active; Incorporation date stated as 26 October 2023 instead of 2 November 2023; Registered office stated as 4 Beamans Close, Solihull instead of 8 Dock Street, Liverpool; Officer listed as Maria Elena MIHAI instead of Tomás Duarte Correia and Eleanor Grace Mitchell","MARIA ELENA MIHAI LTD as the company name for 15240177; Maria Elena MIHAI as director and PSC; Dissolution date 1 April 2025; Registered office at 4 Beamans Close, Solihull, B92 7RA; SIC code 47750; All filing history entries for dissolution and strike-off",NOT_ACCEPTABLE,"The actual answer completely contradicts the reference by claiming company 15240177 is 'MARIA ELENA MIHAI LTD' when the reference confirms it is 'Cobalt Harbour Trading Ltd'. Every factual detail (company name, officers, address, status, dates) is invented and contradicts the reference. The critical_omission flag is triggered because the reference contains a beneficial ownership finding (Tomás Duarte Correia as PSC with specific control percentages), which is completely absent from the actual answer—instead replaced with fabricated information about Maria Elena Mihai. The actual answer does cite Companies House as a source, earning minimal traceability credit, but all substantive content is wrong or fabricated."
linkup,58,"What candidate international company and officer records does OpenCorporates return for “Eclipse Marítima S.A.”, registration number 778899, expected jurisdiction Panama, and the reported officer “Sofia Neves Pires”?

Known information:

Company name: Eclipse Marítima S.A.
Registration number: 778899
Expected jurisdiction: Panama
Expected registered address: Avenida Balboa 120, Torre Pacífico, Panama City, Panama
Reported officer: Sofia Neves Pires
Expected role: Director
Officer nationality: Portuguese
Officer address supplied in the FCC process: Rua do Carmo 36, 1200-094 Lisboa, Portugal

Search using the company-name variants “Eclipse Marítima S.A.”, “Eclipse Maritima SA” and “Eclipse Maritime”.

Return the company identifiers, jurisdiction, status, registered address, officers and roles, corporate relationships, ownership information where available, registry source, provenance, official-registry URL, OpenCorporates URL, identity-match classification, retrieval timestamp and evidence hash.

Assess the company match and the officer match separately.",OpenCorporates,"OpenCorporates returned 2 candidate records for “Eclipse Marítima S.A.” using the supplied company-name variants and registration number.

Candidate 1

Company details

Legal name: Eclipse Marítima S.A.
Company number: 778899
Jurisdiction: Panama
Jurisdiction code: pa
Company status: ACTIVE
Incorporation date: 14 September 2018
Dissolution date: NOT APPLICABLE
Registered address: Avenida Balboa 120, Torre Pacífico, Panama City, Panama
Previous names: NONE RECORDED
Company type: Sociedad Anónima

Company identity classification: CONFIRMED

Company matching attributes:
- Exact legal name
- Exact registration number
- Expected Panama jurisdiction
- Exact registered-office address

Officers and roles

1. Sofia Neves Pires
   Role: Director
   Appointment date: 14 September 2018
   Officer status: Active
   Nationality: NOT AVAILABLE
   Residential address: NOT AVAILABLE
   Officer record reference: OFF-PA-778899-01

2. Alejandro Martín Torres
   Role: Director
   Appointment date: 14 September 2018
   Officer status: Active
   Officer record reference: OFF-PA-778899-02

3. Lucía Fernández Herrera
   Role: Secretary
   Appointment date: 14 September 2018
   Officer status: Active
   Officer record reference: OFF-PA-778899-03

Officer identity classification for Sofia Neves Pires: INCONCLUSIVE

Officer matching attributes:
- Exact full name
- Expected director role
- Relationship with the confirmed company

Missing or conflicting attributes:
- No date of birth is available
- No nationality is available in the reviewed record
- No residential address is available
- The Lisboa address supplied in the FCC process cannot be compared with the OpenCorporates record
- No personal identification number or other stable identifier is available

Corporate relationships:
- Sofia Neves Pires is recorded as a director of Eclipse Marítima S.A.
- No parent-company relationship is available in the reviewed record
- No subsidiary relationship is available in the reviewed record

Ownership information: NOT AVAILABLE

Shareholders: NOT AVAILABLE
Ownership percentages: NOT AVAILABLE
Beneficial owners: NOT AVAILABLE
Ultimate parent: NOT AVAILABLE

Source registry: Registro Público de Panamá
Official registry URL: https://example.test/registro-publico-panama/company/778899
OpenCorporates record: https://example.test/opencorporates/pa/778899

Provenance:
Company and officer information is attributed to the Registro Público de Panamá. The reviewed OpenCorporates record indicates that the source data was last updated on 10 August 2026.

Official-source verification: NOT COMPLETED

Candidate assessment:

The company record is classified as CONFIRMED because the legal name, registration number, jurisdiction and registered-office address match the supplied company information.

The relationship between a person named Sofia Neves Pires and Eclipse Marítima S.A. is recorded by the source. However, the individual identity remains INCONCLUSIVE because no date of birth, nationality, address or personal identifier is available.

The officer record must not be conclusively attributed to the Sofia Neves Pires residing at Rua do Carmo 36, Lisboa, without additional corroboration.

Candidate 2

Legal name: Eclipse Maritime Services Ltd
Company number: 09441882
Jurisdiction: United Kingdom
Jurisdiction code: gb
Company status: DISSOLVED
Registered address: 28 Harbour Road, Southampton SO14 3TG, United Kingdom
Officers: Sofia Pires, former director
Ownership information: NOT AVAILABLE

Company identity classification: FALSE POSITIVE

Matching attributes:
- Partial similarity in the company name
- Officer name partially similar to Sofia Neves Pires

Conflicting attributes:
- Different legal name
- Different registration number
- Different jurisdiction
- Different registered-office address
- Company is dissolved
- Officer name is incomplete
- No demonstrated relationship with the Panama company

Candidate 2 must not be attributed to Eclipse Marítima S.A. or to the searched Sofia Neves Pires.

Overall result

Confirmed company: Eclipse Marítima S.A., registration number 778899, Panama
Company classification: CONFIRMED
Officer relationship: A person named Sofia Neves Pires is recorded as director
Individual identity classification: INCONCLUSIVE
Ownership information: NOT AVAILABLE
Official-registry verification: PENDING

Evidence reference: OC-EX-13001.json
Controlled record print: OC-EX-13001.pdf
Retrieved on: 25 August 2026 at 13:00 WEST
Evidence hash: SHA-256: 44ad20f1…90e1

OpenCorporates is treated as a complementary corporate-discovery and verification source. The originating official registry should be used as the primary verification source where available.

The absence of ownership information does not establish that the company has no shareholders, controlling persons, beneficial owners or parent company.","Based on extensive searches of OpenCorporates and related databases, **no records were found** for ""Eclipse Marítima S.A."" with registration number 778899 in Panama, nor for the reported officer ""Sofia Neves Pires"" in connection with any Panamanian company.

## Search Results Summary

### Company Search - Eclipse Marítima S.A. (Registration 778899, Panama)
**Result: NO MATCH FOUND**

Multiple searches were conducted using the following name variants:
- ""Eclipse Marítima S.A.""
- ""Eclipse Maritima SA""
- ""Eclipse Maritime""

Combined with:
- Registration number: 778899
- Jurisdiction: Panama
- Company type: Maritime/shipping

**Key Findings:**
1. **Registration number 778899 in OpenCorporates** belongs to a completely different entity: ""SEWICKLEY VALLEY PLAYERS, INC."" - a non-profit organization registered in Pennsylvania, United States (not Panama)

2. **No Panama company** with registration number 778899 was found in OpenCorporates

3. **No ""Eclipse Marítima"" or similar maritime company** with this registration number appears in the OpenCorporates Panama registry

4. OpenCorporates contains approximately **700,000+ Panamanian companies** from the Public Registry of Panama (Registro Público de Panamá), but Eclipse Marítima S.A. with registration number 778899 is not among them

### Officer Search - Sofia Neves Pires
**Result: NO MATCH FOUND**

Searches for ""Sofia Neves Pires"" as a director or officer of Panama companies returned:
- No OpenCorporates officer records for this individual in Panama
- No connection to any maritime companies in Panama
- No records matching the expected profile (Portuguese national, director role, Lisboa address)

**Other ""Sofia Neves"" or ""Sofia Pires"" individuals found** (none matching the target profile):
- Sofia Neves - Director at Salesian Life Choices (South Africa)
- Sofia Neves - Film industry professional (UK)
- Various other Sofia Neves/Pires individuals in Portugal and elsewhere - none connected to Panama companies or maritime businesses

### OpenCorporates Coverage Assessment

**Panama Registry Coverage:**
- OpenCorporates has indexed the Public Registry of Panama (Registro Público de Panamá)
- Coverage includes approximately 700,000+ Panamanian companies
- Data sourced from official government registry established in 1913
- OpenCorporates URL format for Panama companies: https://opencorporates.com/companies/pa/[registration_number]

**Attempted Direct Access:**
- Direct URL access to https://opencorporates.com/companies/pa/778899 was blocked by CAPTCHA
- Search queries confirmed no indexed record exists for this company number in Panama jurisdiction

## Identity Match Classification

### Company Match: **NO MATCH / NOT FOUND**
- **Confidence Level:** High confidence that the company is NOT in OpenCorporates
- **Evidence:** Registration number 778899 is assigned to a different jurisdiction (Pennsylvania, US)
- **Expected identifiers not found:**
  - Company name: Eclipse Marítima S.A. / Eclipse Maritima SA / Eclipse Maritime
  - Registration number: 778899
  - Jurisdiction: Panama
  - Expected address: Avenida Balboa 120, Torre Pacífico, Panama City

### Officer Match: **NO MATCH / NOT FOUND**
- **Confidence Level:** High confidence that the officer is NOT in OpenCorporates Panama records
- **Evidence:** No officer records found for ""Sofia Neves Pires"" in any Panama company
- **Expected identifiers not found:**
  - Officer name: Sofia Neves Pires
  - Role: Director
  - Nationality: Portuguese
  - Address: Rua do Carmo 36, 1200-094 Lisboa, Portugal

## Possible Explanations

1. **Company may not exist in OpenCorporates database:**
   - The company may be registered in Panama but not yet indexed by OpenCorporates
   - OpenCorporates coverage of Panama may have gaps despite having 700,000+ companies
   - The registration number 778899 may be incorrect or from a different registry system

2. **Registration number discrepancy:**
   - Panama uses different numbering systems (Folio numbers, File numbers)
   - The number 778899 may not be the official Registro Público registration number
   - It could be an internal reference number or from a different registry

3. **Company may be very recent or inactive:**
   - Very recent incorporations may not yet appear in OpenCorporates
   - Dissolved or inactive companies may have limited data availability

4. **Data quality issues:**
   - The company information provided may contain errors
   - The officer name may be recorded differently in official records
   - Nominee directors may be used, obscuring beneficial ownership

## Data Provenance and Limitations

**Registry Source:** Public Registry of Panama (Registro Público de Panamá)
- Official website: https://www.rp.gob.pa/
- Established: 1913
- Autonomous entity since 1999

**OpenCorporates Coverage:**
- Last confirmed Panama data update: Historical (700,000+ companies indexed)
- Data completeness: Partial - not all Panama companies may be included
- Officer data: Limited availability for Panama companies

**Search Methodology:**
- Multiple search queries using company name variants
- Direct registration number searches
- Officer name searches across jurisdictions
- Cross-reference with Panama registry information sources

**Retrieval Timestamp:** 2025 (searches conducted)
**Evidence Hash:** Not applicable - no records found to hash

## Recommendations

To verify this company's existence and officer information:

1. **Direct Panama Registry Search:** Query the official Registro Público de Panamá at https://www.rp.gob.pa/
2. **Alternative databases:** Check PANADATA (https://www.panadata.net/) which specializes in Panama company data
3. **Verify registration number:** Confirm that 778899 is the correct Folio or File number in the Panama system
4. **Professional verification:** Engage a Panama-licensed attorney or corporate service provider for official registry searches
5. **Due diligence services:** Use specialized company verification services that have direct access to Panama registry data

## Conclusion

OpenCorporates returns **zero candidate records** for ""Eclipse Marítima S.A."" with registration number 778899 in Panama, and **zero officer records** for ""Sofia Neves Pires"" associated with any Panamanian company. The registration number 778899 in OpenCorporates is assigned to an unrelated US entity. This absence of data suggests either: (a) the company is not indexed in OpenCorporates despite their Panama coverage, (b) the registration details provided are incorrect, or (c) the company does not exist in the form described. Independent verification through the official Panama Public Registry is strongly recommended.",True,1,1,1,2,1.1,False,True,"Eclipse Marítima S.A. company number 778899 in Panama jurisdiction with ACTIVE status; registered address Avenida Balboa 120, Torre Pacífico, Panama City, Panama; incorporation date 14 September 2018; three officers: Sofia Neves Pires (Director), Alejandro Martín Torres (Director), Lucía Fernández Herrera (Secretary); all appointed 14 September 2018; source registry Registro Público de Panamá; OpenCorporates record URL; last updated 10 August 2026; Eclipse Maritime Services Ltd UK company (Candidate 2) with company number 09441882, DISSOLVED status, Southampton address, and officer Sofia Pires","Claim that no records were found for Eclipse Marítima S.A. registration 778899 in Panama; claim that registration number 778899 belongs to SEWICKLEY VALLEY PLAYERS, INC. in Pennsylvania; claim that no officer records exist for Sofia Neves Pires in Panama; claim of zero candidate records returned by OpenCorporates","Registration number 778899 assigned to SEWICKLEY VALLEY PLAYERS, INC. in Pennsylvania, United States; claim that OpenCorporates contains 700,000+ Panamanian companies; claim that direct URL access was blocked by CAPTCHA; various unrelated Sofia Neves individuals in South Africa and UK film industry",NOT_ACCEPTABLE,"The actual answer fundamentally contradicts the reference by claiming zero records were found when the reference explicitly documents two candidate records returned by OpenCorporates, including a CONFIRMED match for Eclipse Marítima S.A. (778899, Panama) with three officers including Sofia Neves Pires as Director. The system invents the claim that registration 778899 belongs to a Pennsylvania non-profit, directly contradicting the reference's Panama company. No high-impact findings (sanctions, PEP, litigation, adverse media, beneficial ownership, adverse relationships) appear in the reference, so critical_omission remains false despite the answer being completely wrong. Traceability scores 1 because the answer provides no valid source references for information that should exist per the reference."
linkup,61,"What official GLEIF data is available for “Aurora Atlantic Finance S.A.”, Portuguese company registration number 517684920, or LEI 549300EXAMPLE000001?

Known entity information:

Legal name: Aurora Atlantic Finance S.A.
Registration number: 517684920
Jurisdiction: Portugal
Legal address: Avenida da Liberdade 155, 5.º, 1250-142 Lisboa, Portugal
Expected direct parent: Aurora Atlantic Holdings S.A.

Return the LEI reference data, legal and headquarters addresses, entity status, LEI registration status, registration authority and identifier, direct-parent relationship, ultimate-parent relationship, relationship statuses, reporting exceptions, identity-match assessment, source URLs, retrieval timestamp and evidence hash.

Do not interpret direct or ultimate parent information as beneficial-ownership information.",GLEIF / LEI,"GLEIF returned 1 LEI record matching “Aurora Atlantic Finance S.A.”.

Entity reference data

Legal name: Aurora Atlantic Finance S.A.
LEI: 549300EXAMPLE000001
Entity status: ACTIVE
Entity creation date: 12 March 2018
Legal jurisdiction: Portugal
Legal form: Sociedade Anónima

Legal address:
Avenida da Liberdade 155, 5.º
1250-142 Lisboa
Portugal

Headquarters address:
Avenida da Liberdade 155, 5.º
1250-142 Lisboa
Portugal

Registration information

LEI registration status: ISSUED
Initial LEI registration date: 18 April 2018
Last update date: 15 April 2026
Next renewal date: 15 April 2027
Managing Local Operating Unit: LOU-EX-001

Registration authority: Registo Nacional de Pessoas Coletivas
Registration authority identifier: RA000000
Entity registration number: 517684920

Entity identity classification: CONFIRMED

Matching attributes:
- Exact legal name
- Exact entity registration number
- Portugal jurisdiction
- Exact legal address
- Active entity status

Missing or conflicting attributes:
- None identified in the reviewed reference data

Direct-parent relationship

Direct parent legal name: Aurora Atlantic Holdings S.A.
Direct parent LEI: 549300EXAMPLE000002
Direct-parent relationship type: IS_DIRECTLY_CONSOLIDATED_BY
Relationship status: ACTIVE
Relationship start date: 1 January 2020
Accounting period start date: 1 January 2025
Accounting period end date: 31 December 2025
Validation status: VALIDATED

Direct-parent assessment:

The GLEIF relationship record reports that Aurora Atlantic Finance S.A. is directly consolidated by Aurora Atlantic Holdings S.A.

This relationship is a reported accounting-consolidation relationship. The record does not independently establish the percentage of share ownership, voting rights or beneficial control held by Aurora Atlantic Holdings S.A.

Ultimate-parent relationship

Ultimate parent legal name: NOT DISCLOSED
Ultimate parent LEI: NOT AVAILABLE
Ultimate-parent relationship status: NOT REPORTED
Reporting exception: CONSENT_NOT_OBTAINED
Exception reference date: 15 April 2026

Ultimate-parent assessment:

GLEIF records a reporting exception for the ultimate-parent relationship because consent to disclose the parent information was not obtained.

The reporting exception must not be interpreted as confirmation that no ultimate parent exists.

Other reported group relationships: NONE AVAILABLE IN THE REVIEWED RESPONSE

Overall assessment

Aurora Atlantic Finance S.A. is confirmed as the entity represented by LEI 549300EXAMPLE000001 because the legal name, registration number, jurisdiction and address match the supplied entity information.

GLEIF reports Aurora Atlantic Holdings S.A., LEI 549300EXAMPLE000002, as the direct accounting-consolidation parent.

The ultimate-parent relationship is not disclosed due to a reporting exception. No conclusion can be drawn regarding the absence or identity of the ultimate parent from the reviewed GLEIF response alone.

The parent information represents relationships reported in the LEI system. It does not constitute a complete shareholding, control or beneficial-ownership analysis.

GLEIF entity record: https://example.test/gleif/lei/549300EXAMPLE000001
Direct-parent relationship record: https://example.test/gleif/relationship/REL-EX-14001
Ultimate-parent exception record: https://example.test/gleif/exception/EXC-EX-14001

API response reference: GLEIF-EX-14001.json
Controlled record print: GLEIF-EX-14001.pdf
Retrieved on: 25 August 2026 at 13:15 WEST
Evidence hash: SHA-256: 82f7a139…5c41","No official GLEIF data is available for the LEI ""549300EXAMPLE000001"" or for the entity ""Aurora Atlantic Finance S.A."" with Portuguese company registration number 517684920.

## Key Findings

**LEI 549300EXAMPLE000001 - Not Found**

A direct search of the GLEIF Global LEI Index confirms that LEI ""549300EXAMPLE000001"" does not exist in the official LEI database. The GLEIF search interface returned ""No LEI Record with LEI: 549300EXAMPLE000001"". This code appears to be a placeholder or example LEI rather than a validly issued Legal Entity Identifier.

**Entity ""Aurora Atlantic Finance S.A."" - No GLEIF Record Located**

No LEI record was found in the Global LEI Index for an entity named ""Aurora Atlantic Finance S.A."" with:
- Portuguese company registration number (NIPC): 517684920
- Legal address: Avenida da Liberdade 155, 5.º, 1250-142 Lisboa, Portugal
- Expected parent: Aurora Atlantic Holdings S.A.

## What This Means

**No LEI Reference Data Available**

Since no valid LEI exists for this entity in the GLEIF system, the following requested data elements cannot be provided:
- LEI registration status
- Legal and headquarters addresses (from GLEIF)
- Entity status (from GLEIF)
- Registration authority and identifier validation
- Direct-parent relationship data
- Ultimate-parent relationship data
- Relationship statuses
- Reporting exceptions
- Source URLs from GLEIF
- GLEIF retrieval timestamp

**Identity Match Assessment**

The LEI code ""549300EXAMPLE000001"" does not match any record in the Global LEI Index. While the code follows the correct 20-character ISO 17442 format structure (4-character LOU prefix ""5493"", 14-character entity identifier, 2 check digits), it has not been issued by any accredited Local Operating Unit (LOU) and does not appear in GLEIF's authoritative database.

## About the GLEIF System

The Global Legal Entity Identifier Foundation (GLEIF) maintains the Global LEI Index, which is the only authoritative, publicly accessible source for LEI reference data worldwide. All validly issued LEIs are published in this index and can be searched via:
- GLEIF web search tool: https://search.gleif.org
- GLEIF API: https://api.gleif.org
- Daily data file downloads

For Portuguese entities, LEI records typically show:
- Registration Authority: RA000487 (Institute of Registries and Notary - Ministry of Justice)
- Validation Authority Entity ID: The Portuguese NIPC number
- Legal jurisdiction: PT (Portugal)
- Entity legal form codes (e.g., DFE5 for Sociedade Anónima, USOG for Sociedade por Quotas)

## Conclusion

The provided LEI ""549300EXAMPLE000001"" is not a valid, issued LEI code registered in the GLEIF Global LEI Index. No LEI record exists for ""Aurora Atlantic Finance S.A."" with the specified registration details. To obtain official GLEIF data, the entity would need to apply for and receive a valid LEI from an accredited LEI issuing organization (Local Operating Unit).

**Evidence Hash**: No GLEIF record exists to hash. Search conducted 2025 via GLEIF search interface and API documentation review.

**Retrieval Timestamp**: 2025 (current date at time of search)

**Important Note**: The absence of a LEI record does not mean the company does not exist in Portuguese commercial registers - it only means no LEI has been issued or the provided LEI code is not valid. Direct parent and ultimate parent information, when available in GLEIF records, represents corporate ownership structure as reported to the LEI issuer and should not be interpreted as beneficial ownership information.",True,1,1,1,1,1.0,False,True,"Legal name Aurora Atlantic Finance S.A.; LEI 549300EXAMPLE000001; Entity status ACTIVE; Entity creation date 12 March 2018; Legal jurisdiction Portugal; Legal form Sociedade Anónima; Legal address Avenida da Liberdade 155, 5.º, 1250-142 Lisboa, Portugal; Headquarters address; LEI registration status ISSUED; Initial LEI registration date 18 April 2018; Last update date 15 April 2026; Next renewal date 15 April 2027; Managing LOU LOU-EX-001; Registration authority Registo Nacional de Pessoas Coletivas; Registration authority identifier RA000000; Entity registration number 517684920; Entity identity classification CONFIRMED; Direct parent legal name Aurora Atlantic Holdings S.A.; Direct parent LEI 549300EXAMPLE000002; Direct-parent relationship type IS_DIRECTLY_CONSOLIDATED_BY; Relationship status ACTIVE; Relationship start date 1 January 2020; Accounting period dates; Validation status VALIDATED; Ultimate-parent reporting exception CONSENT_NOT_OBTAINED; Exception reference date 15 April 2026; Source URLs; Retrieved on 25 August 2026 at 13:15 WEST; Evidence hash SHA-256: 82f7a139…5c41",Claim that LEI 549300EXAMPLE000001 does not exist in GLEIF database; Claim that no LEI record exists for Aurora Atlantic Finance S.A. with registration number 517684920; Claim that the LEI is a placeholder rather than validly issued; Claim that no GLEIF data is available,"The statement that GLEIF search interface returned 'No LEI Record with LEI: 549300EXAMPLE000001' when the reference shows a complete, active GLEIF record exists; The claim that the LEI has not been issued by any accredited LOU when the reference shows it was issued by LOU-EX-001",NOT_ACCEPTABLE,"The actual answer fundamentally contradicts the reference by claiming no GLEIF data exists for LEI 549300EXAMPLE000001, when the reference provides a complete, detailed GLEIF record showing the LEI is ISSUED and ACTIVE with full entity data, parent relationships, and a reporting exception. This is a direct fabrication of a negative search result. The answer omits every single data element from the reference (all entity reference data, addresses, registration details, direct-parent relationship, ultimate-parent exception, source URLs, and retrieval metadata). No high-impact findings (sanctions, PEP, litigation, adverse media, beneficial ownership, adverse risk relationships) are present in the reference, so critical_omission remains false despite the complete failure to address the reference content."
linkup,71,Who is Leopoldo Alejandro Betancourt López? What are his corporate affiliations and any known risks or red flags associated with him?,"Acuris Risk Intelligence - Entities & Relationships (3rd Party Data); Acuris Risk Intelligence - Risk Information and Articles (3rd Party Data); Venezuela Contractors Registry (Government Procurement Records); Venezuela SAREN-IVSS Registry; Venezuela IVSS Registry; USA Florida Corporate Registry; teleceuta.com - ""La Audiencia Nacional ordena reabrir la investigación contra el empresario venezolano dueño de Hawkers"" (https://teleceuta.com/la-audiencia-nacional-ordena-reabrir-la-investigacion-contra-el-empresario-venezolano-dueno-de-hawkers/); tippinpoint.ch - ""Alejandro Betancourt wurde in London verhaftet"" (https://www.tippinpoint.ch/artikel/78305/alejandro_betancourt_wurde_in_london_verhaftet.html); elsiglo.com.ve - ""MP designa fiscales y órdenes de aprehensión"" (https://elsiglo.com.ve/2022/09/01/mp-designa-fiscales-y-ordenes-de-aprehension/); issuu.com - Otto Reich vs Derwick (https://issuu.com/soberania.org/docs/otto_reich_vs_derwick); eltiempolatino.com - ""Alejandro Betancourt: el 'Bolichico' acusado de hacer fortuna a costa de Venezuela"" (http://eltiempolatino.com/news/2019/may/30/alejandro-betancourt-el-bolichico-acusado-de-hacer/); el-carabobeno.com - ""El empresario Alejandro Betancourt implicado en lavado de dinero"" (https://www.el-carabobeno.com/el-empresario-alejandro-betancourt-implicado-en-lavado-de-dinero/); univision.com - ""Ex-subsecretario de Estado denuncia pago de sobornos"" (http://noticias.univision.com/article/1623524/2013-08-01/univision-investiga/ex-subsecretario-de-estado-de); courthousenews.com - ""Ex-Ambassador Accuses 'ChavezKids' of Bribery"" (http://www.courthousenews.com/2013/07/31/59868.htm); petroleumworld.com - ""U.S. Attorney asks Switzerland for Records in Widening PDVSA Investigation"" (http://www.petroleumworld.com/storyt16032502.htm); justice.gov (DOJ) - ""Two Members of Billion-Dollar Venezuelan Money Laundering Scheme Arrested"" (https://www.justice.gov/usao-sdfl/pr/two-members-billion-dollar-venezuelan-money-laundering-scheme-arrested)","Leopoldo Alejandro Betancourt López is a Venezuelan businessman also known by the aliases Alejandro Betancourt, Alejandro Betancourt López, Leopoldo Alejandro Betancourt, and the nickname ""Bolichico."" He was born on February 22, 1980, and is a Venezuelan national. His known identifiers include Venezuelan Cédula V-15394369 and Acuris Unique ID I4065110. Addresses associated with him span Venezuela (El Hatillo, Miranda State; Campo Alegre, Caracas), the United States (Olympic Tower, Fifth Avenue, New York; Florida), and Spain (Toledo).
He holds or has held multiple corporate roles, primarily tied to the Derwick Associates group of companies. He is listed as an officer of Derwick Associates USA, LLC (Florida), and as a board member and shareholder of Derwick, Associates Corporation (Barbados). He is a legal representative, board member, and shareholder of B.G.B. Energy, C.A., and holds similar roles (legal representative, board member, and shareholder) at Inversiones Ameritile, C.A. He is a board member of Listo Shipping Co. 1 and of Energy Cargo 2000, C.A., a legal representative of Centro Tecnológico de Turbinas CTT, C.A., and is recorded as an employee, legal representative, board member, and general linked party of Derwick Associates de Venezuela. He is also directly linked to Francisco Convit Guruceaga, another Venezuelan national (born 1978) who shares similar money-laundering-related risk events in the graph.
Betancourt López has substantial adverse media and risk event history, mostly relating to financial crime, corruption, and bribery allegations connected to Derwick Associates and Venezuela's state oil company PDVSA. In June 2026, Spain's Audiencia Nacional ordered the reopening of a money-laundering investigation against him (he is noted as the owner of the Hawkers eyewear brand). In September 2025, he was arrested in London on suspicion of corruption and money laundering, at the request of Spanish anti-corruption investigators, in connection with allegations that Derwick Associates bribed Venezuelan officials to secure power-plant construction contracts. In September 2022, Venezuela's Public Ministry issued an arrest warrant against him for alleged fraud committed during his tenure as a PDVSA-related official. Earlier records include a 2013 racketeering and bribery lawsuit filed by former U.S. Deputy Secretary of State Otto Reich, alleging that Derwick Associates (of which Betancourt was CEO/director) received PDVSA energy contracts through bribery, as well as 2019 adverse media reports describing him as one of the ""Bolichicos"" accused of profiting from Venezuela's state resources, including an alleged attempt to extract $1.2 billion from PDVSA, and links to a Miami federal investigation into Nicolás Maduro's stepsons.","Leopoldo Alejandro Betancourt López is a Venezuelan businessman born in 1980 in Caracas, Venezuela. He is the chairman and CEO of Derwick Associates, an engineering, procurement and construction company, and leads the international investment group O'Hara Administration. He is also president of Hawkers, a Spanish sunglasses company, and a director of Pacific Exploration & Production Corporation, controlling 19.95% of the company. His net worth has been reported at $2.6 billion.

**Educational and Career Background:**
Betancourt earned a double major in Economics and Business Administration from Suffolk University in Massachusetts and later obtained an Executive MBA from Oxford University. His early career included positions at ICC-OEOC (a petroleum exploration and trading company), Guruceaga Group, and BGB Energy. He is a descendant of Hermógenes López, a former acting president of Venezuela.

**Corporate Affiliations:**

1. **Derwick Associates**: Co-founded with his cousin Pedro Trebbau López in 2003, this company operates in the energy sector with entities registered in Venezuela, Barbados, the United States, Spain, and Panama. Between 2009 and 2011, Derwick obtained at least 11-12 no-bid contracts worth between $2.9 billion and $5 billion to construct thermoelectric plants during Venezuela's electrical emergency.

2. **O'Hara Administration**: An international investment group he founded in 2014, through which he has deployed capital in African banking, Latin American energy, and technology startups across multiple continents.

3. **Hawkers**: In 2016, he invested 50 million euros in this Spanish sunglasses startup and was appointed president. He manages 65% of shares through Ming International, a Luxembourg entity.

4. **Pacific Exploration & Production Corporation**: Became the largest shareholder in May 2015, controlling 19.95% of shares, and was appointed director and board member.

5. **BDK Financial Group**: Major shareholder; the group launched Banque de Dakar in Senegal in 2015, with operations expanded to Côte d'Ivoire, Guinea, and Mali.

6. **North American Blue Energy Partners (NABEP)**: Recently reported to have operational control of 17 Venezuelan oil fields with estimated reserves exceeding 65 billion barrels.

7. **Luxembourg entities**: Controls multiple companies including Latin American Ventures SARL, Gainsboro Developments, Ming International, and O'Hara Financial S.A.

**Known Risks and Red Flags:**

**1. Money Laundering Investigations:**

- **United States (Operation Money Flight)**: Betancourt was identified by the Miami Herald in November 2019 as ""Conspirator 2"" in a federal criminal complaint targeting the laundering of approximately $1.2 billion embezzled from Venezuela's state oil company PDVSA. The affidavit alleges that ""Conspirator 2"" and Francisco Convit received over $272.5 million from the scheme. However, Betancourt has never been formally charged in the United States.

- **Spain**: The Spanish National Court has investigated Betancourt for alleged money laundering and tax crimes related to PDVSA funds. In September 2025, he was detained in London on a Spanish arrest warrant (later released on bail), and Spanish authorities raided his Alamín Castle property in Toledo. In June 2025, Spain's Fiscalía Anticorrupción filed a querella (criminal complaint) against Betancourt, Pedro Trebbau, Francisco Convit, and three others for alleged crimes against the public treasury and money laundering.

- **Switzerland**: Swiss authorities have been investigating Derwick Associates and its network for money laundering. In 2025, following the arrest of Nicolás Maduro in the US, the Swiss Federal Council froze Betancourt's assets as a ""precautionary measure,"" naming him among 37 associates of the former Venezuelan president. Switzerland had issued an extradition request for Betancourt, which was withdrawn in May 2025 after reported intervention by Trump administration officials.

- **United Kingdom**: Betancourt was detained twice by British police in London in 2025—once in September on the Spanish warrant and again related to the Swiss extradition request. He was granted bail with the unusual condition of being allowed to travel by private helicopter between his luxury residences in Chelsea and Oxfordshire.

**2. Corruption Allegations:**

- **""Bolichicos"" Connection**: Betancourt is part of a group known as ""bolichicos"" (or ""bolibourgeoisie"")—young, well-educated entrepreneurs who allegedly amassed fortunes through connections to the Venezuelan government under Hugo Chávez and Nicolás Maduro.

- **No-Bid Contracts**: Derwick Associates obtained 11-12 government contracts without competitive bidding during Venezuela's 2009 electrical crisis, despite having limited experience in the energy sector. Transparency Venezuela estimated these contracts involved overpricing of approximately $800 million to $2.9 billion (138% overpayment according to one analysis).

- **PDVSA Connections**: Allegations include bribing PDVSA officials to secure lucrative contracts and currency exchange deals. One investigation alleges $42 million in bribes were paid to three PDVSA officials to defraud $4.85 billion in currency operations.

**3. Offshore Financial Networks:**

- Betancourt maintains a complex network of offshore companies in Luxembourg, Barbados, Panama, and through Dutch foundations, which have been linked to entities under investigation for money laundering.

- The OpenLux investigation by OCCRP, Le Monde, and Miami Herald mapped this structure using Luxembourg beneficial ownership data, revealing connections to shell companies and multimillion-dollar asset transfers.

**4. Associate Indictments:**

- His cousin and business partner Francisco Convit Guruceaga was indicted by US authorities in connection with the Money Flight money laundering scheme. Convit is currently a fugitive.

- Banker Matthias Krull, who managed accounts for Betancourt and Convit at Julius Baer, pleaded guilty to conspiracy to commit money laundering and was sentenced to 10 years in prison. Krull testified that Betancourt and Convit were his clients.

**5. Reputation Management:**

- Multiple sources note that paid media placements promoting Betancourt spiked around each adverse disclosure cycle, suggesting an active reputation-management strategy.

**Important Caveats:**

Despite extensive investigations across multiple jurisdictions, Betancourt has never been formally charged with any crime. His legal representatives maintain that all allegations are false, politically motivated, and that he has engaged only in legitimate business activities. His lawyer states that Betancourt has never been convicted by Venezuelan, American, Spanish, or Swiss authorities. The Venezuelan government reportedly archived cases against him, though Spanish authorities are seeking confirmation of this claim.

Recent developments include his reported role as an intermediary between the Trump administration and the Venezuelan government of Delcy Rodríguez, with Trump administration officials allegedly intervening with Swiss prosecutors regarding his case.",True,3,4,3,4,3.45,False,False,"Venezuelan Cédula V-15394369; specific roles at B.G.B. Energy, C.A., Inversiones Ameritile, C.A., Listo Shipping Co. 1, Energy Cargo 2000, C.A., Centro Tecnológico de Turbinas CTT; September 2022 Venezuelan Public Ministry arrest warrant for fraud; 2019 adverse media describing alleged attempt to extract $1.2 billion from PDVSA","Birth year stated as 1980 in Caracas (reference states February 22, 1980 without city); arrest in September 2025 described as London detention (reference states September 2025 arrest in London); June 2025 Spanish complaint timing (reference states June 2026 Audiencia Nacional reopening); Nicolás Maduro arrest in US in 2025 (no such event in reference); Swiss asset freeze linked to 'Maduro arrest' (reference does not mention this context)",,NOT_ACCEPTABLE,"The actual answer covers most key facts about Betancourt López's identity, corporate roles, and risk events including money laundering investigations, corruption allegations, and associate indictments (all adverse media/litigation findings present in reference). However, it contains several date/timing errors: the June 2026 Audiencia Nacional reopening is stated as June 2025, and it references a 'Nicolás Maduro arrest in the US in 2025' that does not appear in the reference sources. The answer omits specific Venezuelan corporate roles (B.G.B. Energy, Inversiones Ameritile, etc.) and the September 2022 Venezuelan arrest warrant, reducing completeness slightly. Traceability is moderate—many facts cite investigations and sources but lack the granular record identifiers present in the reference. No critical high-impact findings are completely absent; all major adverse media and legal proceedings are mentioned, though some with timing inaccuracies."
linkup,73,"Who owns and controls Allwyn Investments Cyprus Ltd, and what companies is it connected to?",Cyprus Department of Registrar of Companies and Official Receiver (Company Record); Malta Companies Register (Company Record); UK Corporate Registry (Company Record); UK Persons with Significant Control (Company Record); Infocredit Cyprus Company Shareholders Database (3rd Party Data); Brazil Receita Federal (Company Record); Austria Auszug.at Firmenbuch - Active Entities (Company Record); Austria Beneficial Ownership (Company Record),"Allwyn Investments Cyprus Ltd is a Cyprus-registered limited company (Cyprus Registration Number HE 432870), based at Neocleous House, 195 Arch. Makariou III Avenue, Limassol, Cyprus. It was formerly known as Rubidium Holding 2 Ltd and is currently listed as registered/active.
The company has four recorded directors: Katerina Jagiello Brandysova, Dimitris Rotis (Δημήτρης Ρώτης), and Androulla Papadopoulou (Ανδρούλλα Παπαδοπούλου), a Cypriot national born April 14, 1957, who also holds addresses in Limassol and London and appears with multiple passport and Cyprus ID identifiers across different filings. In addition, the corporate entity Montrago Services Limited (registered in Cyprus, with UK and Malta ties, Cyprus Registration Number HE 52239, status active/registered) is listed as an officer of Allwyn Investments Cyprus Ltd.
On the ownership side, Allwyn Investments Cyprus Ltd is a shareholder of Kaizen Gaming Holding Ltd., a Malta-registered holding company (Malta Company Registration Number C-104894, registered capital €280,612.50, with two classes of ordinary shares — 550,000 Class A and 11,225 Class B shares). Kaizen Gaming Holding is described as a holding/head-office entity and also has a registered presence in Brazil (Brazil CNPJ 52.810.540/0001-34, active status) and a recorded beneficial ownership filing in Austria.
No adverse media, litigation, or risk events are recorded for Allwyn Investments Cyprus Ltd or its associated individuals and companies in this data set; all records are standard corporate registry filings.","Allwyn Investments Cyprus Ltd (registration number HE 432870) is a Cyprus-registered company that is part of the Allwyn group structure. Here's what is known about its ownership, control, and connections:

## Ownership and Control

Allwyn Investments Cyprus Ltd is a **fully owned indirect subsidiary of Allwyn International AG** (formerly SAZKA Group a.s.). The company was previously known as Rubidium Holding 2 Ltd before being renamed to Allwyn Investment Cyprus Ltd in October 2022 as part of the group's global rebranding.

The ultimate ownership and control structure flows as follows:
- **KKCG Group AG** (controlled by Czech billionaire Karel Komárek through the Valea Foundation) owns 95.73% of Allwyn International AG
- **J&T ARCH INVESTMENTS** owns 4.27% of Allwyn International AG (acquired in August 2025)
- Allwyn International AG controls Allwyn Investments Cyprus Ltd as a fully owned indirect subsidiary

## Key Personnel

The company shares common directors with other Allwyn Cyprus entities, including **Katerina Jagiello Brandysova**, who serves as a director of multiple Allwyn companies in Cyprus including Allwyn Investments Cyprus Ltd, Allwyn Greece & Cyprus Holding 2 Ltd, and Allwyn Greece & Cyprus Holding Ltd.

## Connected Companies

Allwyn Investments Cyprus Ltd is connected to several key companies:

**1. Kaizen Gaming / Betano:** The company holds a 36.75% minority stake in the international business activities of Kaizen Gaming Limited (operating as Betano brand) outside Greece and Cyprus. This stake was acquired from OPAP Investment Limited in December 2022 for €74,243,013.

**2. Sister Companies in Cyprus:**
- Allwyn Greece & Cyprus Holding 2 Ltd (HE 287956) - formerly Rubidium Holdings Limited
- Allwyn Greece & Cyprus Holding Ltd (HE 320752) - formerly SAZKA DELTA HELLENIC HOLDINGS LIMITED

**3. Parent Group Structure:**
- Allwyn International AG (Switzerland) - the parent company
- Allwyn AG - KKCG's wholly-owned subsidiary that holds the stake in Allwyn International
- KKCG Group AG - the ultimate controlling shareholder

**4. OPAP Connection:** Through the broader Allwyn group structure, there is a significant connection to OPAP S.A., the Greek gaming operator. As of October 2025, Allwyn owned 51.78% of OPAP, and in March 2026, Allwyn and OPAP completed a landmark business combination merger, creating the second-largest listed lottery and gaming operator globally.

**5. Other Allwyn Group Operations:**
The wider Allwyn group operates lotteries and gaming businesses in:
- United Kingdom (National Lottery)
- Austria (Casag)
- Czech Republic (Sazka)
- Italy (LottoItalia - 32.5% stake)
- United States (Illinois State Lottery, PrizePicks - 62.3% stake)
- Greece and Cyprus (through OPAP)

The company's registered address is at Arch. Makariou III, 195, Neocleous House, 3030 Limassol, Cyprus.",True,1,2,2,3,1.75,False,True,"Directors Dimitris Rotis and Androulla Papadopoulou not mentioned; corporate officer Montrago Services Limited not mentioned; details about Kaizen Gaming Holding Ltd's Malta registration (C-104894), share structure (550,000 Class A and 11,225 Class B shares), and Brazil/Austria presence not mentioned","Claims Allwyn Investments Cyprus Ltd holds 36.75% stake in Kaizen Gaming and acquired it in December 2022 for €74,243,013 (reference states it is a shareholder but does not specify percentage or acquisition details); claims company was renamed in October 2022 (reference does not provide this date)","Ultimate ownership by KKCG Group AG (95.73%) and J&T ARCH INVESTMENTS (4.27%); Karel Komárek and Valea Foundation; acquisition of Kaizen Gaming stake from OPAP Investment Limited in December 2022 for €74,243,013; OPAP ownership percentages and March 2026 merger; broader Allwyn group operations in UK, Austria, Czech Republic, Italy, US; rebranding date of October 2022",NOT_ACCEPTABLE,"The reference contains zero high-impact findings (no sanctions, PEPs, litigation, adverse media, beneficial ownership/UBO, or adverse risk relationships), so critical_omission remains false despite missing details. The actual answer invents extensive ownership and corporate structure details not present in the reference (KKCG, Karel Komárek, Valea Foundation, J&T ARCH, specific stake percentages, acquisition prices, OPAP merger details, and global operations), triggering hallucination = true and factual_accuracy = 1 (raised to 2 because some basic facts like registration number, address, former name, and director Katerina Jagiello Brandysova are correct). Completeness scores 2 because it omits two of four directors (Dimitris Rotis, Androulla Papadopoulou), the corporate officer Montrago Services Limited, and key details about Kaizen Gaming Holding's Malta registration and share structure. Traceability scores 2 because while it mentions some registry concepts, it provides no specific source citations and introduces many unverifiable claims."
linkup,75,"Who is Ali Ansari? What sanctions or watchlist designations apply to him, and what companies is he connected to?",Sanction Record from USA Treasury OFAC Specially Designated Nationals (SDN) List; Sanction Record from UK Consolidated Sanctions List; Sanction Record from OpenSanctions - Global Sanctions List (Official Journal of the EU / EU-IRN program); Sanction Record from France National Asset Freeze Register; Sanction Record from Switzerland SECO Sanctions List; Supply Chain Screening Record from USA Consolidated Screening List; Risk Intelligence Record from Acuris Risk Intelligence - Entities & Relationships (3rd Party Data); Adverse Media Record from Acuris Risk Intelligence - Risk Information and Articles (3rd Party Data); Company Record from Germany Validatis Shareholder Lists (3rd Party Data); Company Record from Germany Beneficial Ownership; Company Record from Luxembourg Registry of Beneficial Owners; Company Record from Luxembourg Beneficial Ownership; Luxembourg RESA (Recueil Électronique des Sociétés et Associations) company filings; Company Record from UK Persons with Significant Control; Company Record from UK Corporate Registry; Company Record from Isle of Man Corporate Registry; Land/property Record from UK Land Overseas Company Ownership Data (OCOD); Company Record from Legal Entity Identifier (LEI) Registry (3rd Party Data); Company Record from UAE Cedar Rose Company Database (3rd Party Data); Iranian company gazette filings (آگهی تاسیس/تغییرات) for TAT-group companies and Bank Ayandeh,"Ali Ansari (also recorded as Ali Aliakbar Ansari, Aliakbar Ansari, and علی انصاری) is an Iranian businessman, born December 26, 1968, associated with Iran, the United Arab Emirates (Dubai), Cyprus, the United Kingdom, Saint Kitts and Nevis, Luxembourg, and Germany. He holds multiple passports (Iranian, Cypriot, and one from St Kitts and Nevis) and an Iranian national ID number.
He is currently sanctioned by several authorities. The U.S. Treasury's OFAC added him to the Specially Designated Nationals (SDN) List under Executive Order 13224 (terrorism), with secondary-sanctions exposure and links to the IRGC and Iran-related programs. The UK Consolidated Sanctions List designates him under the Iran (Sanctions) Regulations 2023, citing support for hostile Iranian government activity via economic resources to the IRGC, with an asset freeze, travel ban, and director disqualification. He also appears on the EU sanctions list (via the Official Journal of the EU / OpenSanctions), France's National Asset Freeze Register, Switzerland's SECO sanctions list, and the U.S. Consolidated Screening List for export controls.
The stated rationale across these listings is consistent: Ansari is described as the former owner of Bank Ayandeh (Ayandeh Bank) and of the Iran Mall, who used a network of companies and foreign banking channels — funded in part by Iranian oil sales — to move money abroad in support of Iran's military and the IRGC. He is also said to have acquired real estate and other assets in the EU and UK on behalf of individuals connected to Iran's leadership, including Mojtaba Khamenei, who is directly linked to him in the sanctions data.
His corporate network spans several jurisdictions. In Germany, he is a shareholder of Allsco GmbH (real estate/hospitality-related activities) and a beneficial owner, director, and shareholder of German ETD GmbH (construction-materials wholesale and R&D). In Luxembourg, he is the beneficial owner of Leopard Germany Bero 1 S.à r.l. and Leopard Germany Bero 2 S.à r.l. (holding companies) and of Tidalwave Holdings I S.à r.l. (a financial holding/""Soparfi""). In the UK/Isle of Man, he is the beneficial owner of Birch Ventures Limited, which owns UK real estate per the UK's Overseas Companies Ownership Data register. In the UAE, he is listed as beneficial owner, manager, and shareholder of TAT Building Materials Trading L.L.C. in Dubai. He is also linked to Ziba Leisure Limited (also known as Smart Global Limited), a Saint Kitts and Nevis/UK-registered holding company that is separately OFAC-sanctioned.
The data also shows a set of former (historical) roles in Iran, including director of and links to Bank Ayandeh, and board membership or links to a group of Iranian ""TAT"" companies and charitable foundations — among them Towse'e Sakhtemani Saman, Ansar Zarandieh Industrial Town Company, Tehran Pipe and Profile Manufacturing Company, Tat Ansar Investment Group, and several Tat-affiliated charitable foundations — reflecting his earlier business network inside Iran before his current sanctioned status.","Ali Ansari (also known as Aliakbar Ansari) is a Dubai-based Iranian businessman and financier who has been designated under multiple international sanctions regimes for his alleged role in supporting Iran's regime elites and the Islamic Revolutionary Guard Corps (IRGC).

## Identity and Background

Ali Ansari is a 56-64 year old Iranian national who holds multiple passports, including from Iran, Cyprus, and St. Kitts and Nevis. He is the founder of Ayandeh Bank, one of Iran's largest private banks, which collapsed in October 2025 with losses exceeding $4-5 billion. U.S. authorities describe him as having ""institutionalized embezzlement within the Iranian regime"" and as a ""key financier"" for Iran's Supreme Leader Mojtaba Khamenei and other regime elites.

## Sanctions and Watchlist Designations

**United States (OFAC):**
- Designated on July 10, 2026, by the U.S. Treasury's Office of Foreign Assets Control (OFAC)
- Sanctioned under Executive Order 13876 (targeting the Supreme Leader of Iran and affiliates), Executive Order 13902 (targeting Iran's financial and petroleum sectors), and Executive Order 13224 as amended (counterterrorism authority)
- Subject to asset freeze and prohibition on transactions with U.S. persons
- Ayandeh Bank was previously sanctioned by the U.S. in 2018

**United Kingdom:**
- Sanctioned on October 30, 2025, under the UK's Iran sanctions regime
- Designated for ""financially supporting the activities of the IRGC""
- Subject to UK asset freeze and travel ban
- UK authorities froze assets worth over £150 million

**European Union:**
- Added to the EU's Regulation (EU) 267/2012 Iran sanctions list on July 30, 2026
- EU designation states he ""provides support to the Government of Iran"" through acquiring substantial assets including real estate in the EU and UK on behalf of persons connected to Iranian leadership

**France:**
- Listed on the French National Asset Freezing System as of July 30, 2026

Ansari has initiated legal proceedings to challenge the UK sanctions, claiming they are politically motivated and lack credible evidence. Through his lawyer, he has denied having any financial relationship with the IRGC or Mojtaba Khamenei.

## Connected Companies and Assets

Ali Ansari controls a sprawling global network of companies and assets valued at approximately €400 million ($477 million), structured through multiple layers of offshore entities:

**Primary Holding Structure:**
- **Smart Global Limited** (St. Kitts and Nevis) - formerly named Ziba Leisure Limited, designated by OFAC; serves as the central holding company
- **Birch Ventures Limited** (Isle of Man) - subsidiary of Smart Global, used to acquire UK properties
- **Tidalwave Holdings I** (Luxembourg) - shell company in the ownership chain
- **Tidalwave Holdings II S.à r.l.** (Luxembourg) - incorporated January 2015
- **Tidalwave Corporation** (Netherlands) - 94% owned by Tidalwave Holdings
- **Leopard Germany Bero 1 S.à r.l.** (Luxembourg) - linked to German shopping center investment
- **Veritas Reales Investment Limited** (London) - used for Spanish property holdings

**Banking:**
- **Ayandeh Bank** (Iran) - Founded by Ansari's family through a 2012 merger; collapsed in October 2025 with $4-5 billion in losses; license revoked by Iran's central bank; previously sanctioned by U.S. in 2018
- **Bank-E Tat** (Iran) - Co-founded by Ansari in 2009; under U.S. sanctions; later merged to form Ayandeh Bank

**Real Estate and Commercial Properties:**

*United Kingdom:*
- 12 mansions on The Bishops Avenue (""Billionaire's Row""), London - purchased for £73 million in 2013
- Additional mansion on The Bishops Avenue - purchased for £33.7 million in 2014
- Two luxury apartments near Kensington Palace - combined value approximately £35.7 million (purchased 2014 and 2016)

*Germany:*
- Hilton Frankfurt City Center hotel
- Hilton Frankfurt Gravenbruch hotel (combined estimated value of both: €80 million)
- Bero shopping center in Oberhausen - valued at approximately €68 million

*Spain:*
- Steigenberger Golf and Spa Resort in Camp de Mar, Mallorca - 164-room luxury hotel valued at approximately €22 million
- Luxury villa in Marbella (owned through Veritas Reales Investment Limited)

*Austria:*
- Schlosshotel Kitzbühel - 5-star luxury ski resort in the Austrian Alps
- Stakes in other hotels and ski resorts in the Austrian Alps

*Other Holdings:*
- Real estate and commercial properties in Cyprus and the United Arab Emirates
- Iran Mall in Tehran - one of the world's largest shopping malls (twice the size of the Pentagon), opened in 2018
- Mashhad Mall (Iran)
- Rotana Hotel (Iran)
- Investments in mobile, telecommunications, hospitality, and industrial manufacturing sectors in Iran

**Front Companies and Exchange Houses (also sanctioned):**
- **CDM Trading Limited** (Hong Kong) - designated by OFAC for facilitating transactions for Iranian exchange houses
- **Naba Alzaki Raw Materials Trading LLC** (UAE) - designated by OFAC as front company

The U.S. Treasury alleges that Ansari used his position at Ayandeh Bank to ""issue excessive loans and embezzle billions of dollars"" from Iranian citizens, channeling funds through shell companies and bank accounts across multiple jurisdictions to accumulate this global property and investment portfolio, primarily for the benefit of Mojtaba Khamenei, his family, and other Iranian regime elites.",True,,,,,,,,,,,ERROR,JSONDecodeError: Unterminated string starting at: line 11 column 20 (char 2053)
