vendor,id,query,expected_answer,actual_answer,ok,verdict,rationale
linkup,1,What is the governance procedure in force and its latest version regulating the suitability and composition of a credit institution's management body?,"«Institutions, financial holding companies and mixed financial holding companies shall have the primary responsibility for ensuring that members of the management body are at all times of sufficiently good repute and possess sufficient knowledge, skills and experience to perform their duties. Members of the management body shall, in particular, fulfil the requirements set out in paragraphs 2 to 8.»","The governance procedure currently in force regulating the suitability and composition of a credit institution's management body is the **Joint EBA and ESMA Guidelines on the assessment of the suitability of members of the management body and key function holders**, designated as **EBA/GL/2021/06 / ESMA35-36-2319**.

**Current Version Details:**
- **Publication Date:** 2 July 2021
- **Effective Date:** 31 December 2021
- **Status:** Currently in force (as of 2025)

These Guidelines were developed jointly by the European Banking Authority (EBA) and the European Securities and Markets Authority (ESMA) under Article 91(12) of the Capital Requirements Directive (CRD) and Article 9 of the Markets in Financial Instruments Directive (MiFID II). They replaced the previous 2017 joint Guidelines (EBA/GL/2017/12).

**Key Features of the Current Guidelines:**

The Guidelines establish comprehensive requirements for assessing:
1. **Individual suitability** of management body members, covering:
   - Sufficient time commitment
   - Good repute, honesty, and integrity
   - Independence of mind
   - Adequate knowledge, skills, and experience
   
2. **Collective suitability** of the management body as a whole, ensuring the body possesses collectively the necessary competencies to understand and oversee the institution's activities

3. **Diversity requirements**, with particular emphasis on gender diversity and balanced composition

4. **Training and induction** requirements for management body members

5. **Suitability policies and governance arrangements** that institutions must establish

**Important Updates Included in EBA/GL/2021/06:**

The 2021 version incorporated amendments from CRD V and the Investment Firms Directive (IFD), specifically addressing:
- Money laundering and terrorist financing risk management as part of suitability assessments
- Enhanced gender diversity requirements
- Recovery and resolution framework considerations under the Bank Recovery and Resolution Directive (BRRD)

**Upcoming Revision:**

It is important to note that EBA and ESMA launched a consultation on **revised draft Guidelines** on 25 February 2026, which will eventually replace EBA/GL/2021/06. The consultation period runs until 25 May 2026, with final Guidelines expected to be published in 2026/2027. The revised Guidelines will implement requirements from CRD VI (Directive (EU) 2024/1619) and include enhanced provisions on ESG risks, IT/AI-related competencies, and anti-money laundering considerations.

However, until the new Guidelines are finalized and come into force, **EBA/GL/2021/06 / ESMA35-36-2319 (dated 2 July 2021, effective from 31 December 2021) remains the current version in force**.",True,FAIL,"The reference answer cites a legal provision establishing institutions' primary responsibility for ensuring management body suitability, while the system's answer describes EBA/ESMA Guidelines (EBA/GL/2021/06) as the governance procedure in force. These are fundamentally different types of regulatory instruments - the reference appears to quote from primary legislation (likely CRD itself) while the system identifies implementing guidelines, making them inconsistent answers to the question about what governance procedure is in force."
linkup,2,What are the key takeaways of CEOE reports affecting the financial sector?,"«The Spanish Confederation of Employers' Organizations (CEOE) brings together two million companies and self-employed workers across all sectors of activity.» Recent activity: conferences 'Digital sovereignty, Europe's path to autonomy' (CEOE-Kyndryl) and 'Business proposals in the negotiation of the university system'.","Based on CEOE reports, particularly those from its think tank, the Instituto de Estudios Económicos (IEE), the key takeaways affecting the financial sector are:

## Constitutional and Legal Concerns about Banking Taxes

The IEE has strongly criticized the Spanish government's extraordinary tax on banks, arguing it presents ""grave problems"" from a constitutional standpoint. The reports claim the tax violates the principle of legal certainty (Article 9.3 of the Spanish Constitution) due to its retroactivity, as it subjects events from 2019 to taxation. The IEE also argues it violates principles of generality, equality, and economic capacity (Article 31.1 of the Constitution). Additionally, the reports characterize the tax as ""illegal"" and ""difficult to constitutionalize,"" noting that its parliamentary procedure as a law proposal bypassed public consultation, the Regulatory Impact Assessment, and the Council of State's opinion.

## Economic Impact Projections

CEOE reports estimate significant negative economic consequences from the banking and energy sector taxes. The IEE calculated that these taxes could have a contractionary impact on total economic activity of nearly 5,000 million euros (approximately 0.4% of 2021 GDP). For the financial sector specifically, the reports project the destruction of 34,700 jobs—nearly 10,000 in the short term and the remainder in the medium to long term due to indirect and induced effects. The total job losses across both sectors (banking and energy) are estimated at 72,000 positions.

## Competitiveness and Investment Concerns

The reports warn that the banking tax creates a competitive disadvantage for Spanish banks. Spanish financial institutions already face a corporate tax rate of 30%, five percentage points higher than the general 25% rate for other sectors, and among the highest in Europe (only Malta at 35% is higher). The IEE argues that making the temporary tax permanent could result in a negative valuation effect of approximately 14% for Spain's three largest banks, raising the effective tax rate to around 35%. This fiscal burden is seen as discouraging investment and innovation in the banking sector, reducing organic capital growth capacity, and making it harder to attract capital.

## Credit Access and Financial Stability Risks

CEOE reports emphasize that the banking tax could restrict credit access, particularly for SMEs and vulnerable businesses. The Instituto Español de Analistas (referenced in CEOE discussions) warned that an extraordinary tax of approximately 1,500 million euros annually could generate a credit reduction of 50,000 million euros, with roughly half representing less financing for SMEs and self-employed workers. The reports note that the tax is levied on revenues (interest margins and commissions) rather than profits, meaning it doesn't account for provisions banks must make for non-performing loans, which the Bank of Spain has warned could pose risks to financial stability.

## Regulatory and Procedural Criticisms

The IEE reports criticize the tax for lacking proper regulatory process and creating legal uncertainty. They note the absence of reports from the Bank of Spain and the National Markets and Competition Commission (CNMC), despite the law assigning functions to these bodies. The reports describe the concept of ""extraordinary profits"" as subjective and determined at the government's discretion without objective criteria. The European Central Bank (ECB) has also expressed concerns, with CEOE reports highlighting ECB warnings that the tax could harm financial stability, sector resilience, and credit provision, potentially affecting economic growth negatively.

## Fiscal Policy Recommendations

CEOE reports advocate for fiscal reforms that favor businesses and the business climate. The IEE has consistently argued that Spain suffers from poor fiscal competitiveness, ranking 33rd out of 38 countries in the Tax Foundation's fiscal competitiveness index in 2024 (down from 31st). The reports emphasize that companies prefer paying taxes based on profits rather than non-standardized variables like those used in special taxes on energy or the financial sector. The IEE has called for the elimination of the banking tax, or at minimum, its redesign to incorporate recommendations from the Bank of Spain, ECB, and IMF regarding the need to account for economic cycles and risk costs.

## International Context and Recommendations

CEOE reports note that international institutions have raised concerns about the banking tax design. The IMF has recommended that if the tax becomes permanent, its basis should be adjusted based on a clearer definition of extraordinary profits to minimize distortive effects. The reports highlight that Spain would be the only European country with this type of permanent tax, creating a unique competitive disadvantage. The ECB has praised countries like Italy that opted to direct resources toward strengthening bank capital rather than implementing such taxes.",True,FAIL,"The system's answer provides extensive detail about CEOE's position on banking taxes and economic impacts, but completely misses the reference answer's key facts: that CEOE represents two million companies and self-employed workers, and that recent activity includes specific conferences on digital sovereignty and university system proposals. The system appears to have answered a different question about CEOE's policy positions rather than addressing what the reference identifies as key takeaways."
linkup,4,What is the sector's stance (CECA) on banking regulation in Spain?,«Simplifying regulation would increase the Spanish banking sector's financing capacity by €250 billion» (ES: 'Simplificar la regulación aumentaría en 250.000 millones la capacidad de financiación del sector bancario en España'). Another release: the social welfare program (Obra Social) of member institutions exceeds €1 billion in investment.,"CECA (Confederación Española de Cajas de Ahorros), the Spanish banking association representing savings banks and retail banks, has a clear stance on banking regulation in Spain that emphasizes regulatory simplification while maintaining financial stability.

**Key Positions on Banking Regulation:**

1. **Regulatory Simplification, Not Deregulation**: CECA advocates for simplifying banking regulation but explicitly states this does not mean deregulation. The organization seeks to ""compatibilize the objectives of financial stability, customer protection, and operational resilience with more efficient, proportionate, and coherent regulation and supervision.""

2. **Increased Lending Capacity Through Reform**: CECA, together with AEB and Unacc, has promoted research showing that regulatory simplification could increase the banking sector's financing capacity in Spain by €250 billion (part of €2 trillion across Europe). This would potentially boost Spain's GDP by 3.4% and create 300,000 jobs.

3. **Completion of Banking Union**: CECA strongly supports completing the European Banking Union and developing an effective Capital Markets Union. The organization views deeper European financial integration as essential for competitiveness.

4. **Proportionate and Coherent Supervision**: CECA calls for a regulatory and supervisory culture that balances financial stability with banking sector competitiveness. The organization emphasizes the need to avoid regulatory complexity, overlapping capital requirements, and duplicative administrative burdens.

5. **Reduction of Market Fragmentation**: CECA has called for reforms to reduce fragmentation in the European banking market and advocates for greater regulatory convergence across EU member states to enhance competitiveness.

6. **Opposition to Additional Regulatory Layers**: CECA has expressed concern about initiatives that could add costs, duplicities, or administrative complexity, particularly when Europe is emphasizing the need to reduce regulatory burdens and improve competitiveness.

7. **Active Regulatory Monitoring**: CECA conducts constant monitoring of the regulatory framework affecting its affiliated credit institutions, providing updated information and representing their interests before regulatory and supervisory authorities at both national and international levels. For European matters, CECA works through the European Association of Savings Banks and Retail Banks (ESBG).

In summary, CECA's stance is that banking regulation should be simplified and made more efficient to enhance the sector's ability to finance economic growth, while maintaining the core objectives of financial stability and customer protection. The organization advocates for ambitious reforms at the EU level to improve competitiveness without compromising resilience.",True,PARTIAL,"The system's answer correctly identifies and includes the key fact about regulatory simplification increasing financing capacity by €250 billion, which is the primary claim in the reference. However, it completely omits the second key fact from the reference about CECA member institutions' social welfare program (Obra Social) exceeding €1 billion in investment."
linkup,5,What is the public market outlook and the sector and competitor signals in financial services per the consultancy's latest report?,"«...banks' continued strong results in 2025; the emergence of a new world map; the tipping point for customer ownership; and the unprecedented pace at which AI is remaking the industry, prompting banks to accelerate their [transformation].»","Based on the latest consultancy reports from BCG, Deloitte, McKinsey, and Oliver Wyman/Morgan Stanley, here is the public market outlook and sector/competitor signals in financial services:

## Public Market Outlook

**Strong Recent Performance but Structural Challenges Ahead**

The global banking industry delivered strong performance in 2024, with total shareholder returns (TSR) of 30% from June 2023 to June 2024, significantly outpacing broader markets at 19%. Banks' revenues after risk cost reached a record $5.5 trillion in 2024, with net income hitting $1.2 trillion—the highest total ever for any industry.

However, consultancies warn this performance was driven largely by external factors (particularly interest rate increases) rather than addressing fundamental structural challenges. McKinsey's modeling suggests that without rate support, industry return on equity (ROE) in many geographies would have been around 8%, below the cost of capital.

**Wholesale Banking Strength**

Wholesale banking revenues hit $584 billion in 2024—the best year ever and significantly above the long-run average of $520 billion. Revenues grew 7% in 2024, driven by interest rate upticks, market volatility, and corporate demand. Return on equity is forecast to reach 14% by 2027, compared to 12% in 2023, materially above the cost of capital for the first time in years.

**Future Growth Projections**

Oliver Wyman and Morgan Stanley project that global wholesale banking revenues could increase 15% by 2028 under a multipolar world scenario, with Europe and Asia growing 22% and 21% respectively, compared to just 5% projected for the US. However, even under extreme scenarios, US markets and institutions are expected to maintain dominance given their strong starting position.

## Sector and Competitor Signals

**Traditional Banks Losing Market Share to Non-Bank Competitors**

The most significant competitive threat identified across all reports is the migration of value away from traditional banks to non-bank financial institutions and digital attackers:

**1. Private Credit Providers**
Private credit has emerged as a major competitive force in corporate and institutional banking. These non-bank lenders are capturing significant revenue streams that traditional banks have long dominated, offering more tailored solutions and greater flexibility in the lending process. Banks are responding through multiple strategies including building their own private credit capabilities, fund services, fund financing, and origination partnerships.

**2. Neobanks and Digital Platforms**
In the retail space, neobanks and trading platforms have risen rapidly, capturing market share from traditional banks. These digital-first competitors are growing at significantly faster rates than traditional banks.

**3. Payment Providers**
Established payment providers are growing at significantly faster rates than banks, eating into traditional banking earnings. The expanding stablecoin market (which processed roughly $4 trillion in transaction volume in 2024) could fundamentally reshape payments and core banking functions.

**4. Asset Managers and Alternative Investments**
Between 2019 and 2024, about two-thirds of financial asset value growth was in off-balance-sheet assets (mutual funds and alternatives). Investment management firms are expanding into alternative investments such as private credit and evergreen fund structures.

**Key Competitive Dynamics**

**US Bank Dominance Under Pressure**
The top 6 US wholesale banks capture 32% of global wholesale banking revenues and 44% of Core CIB (Investment Banking Division and Markets) revenues. However, geopolitical shifts and trade policy changes are creating potential opportunities for European and Asian banks to gain market share, particularly in their home regions. US banks hold strong positions in EMEA (38% share vs. 27% for European Majors) and APAC (25% vs. 20% for Asian Majors).

**What Ails Traditional Banks**
Consultancies identify several structural challenges:
- Secular decline in fee income generation
- Struggles to lift productivity and scale the business
- Underutilization of balance-sheet management as a value driver
- Low valuations in multiple geographies reflecting investor skepticism
- Rising competition from less-regulated non-bank competitors

**Winners' Characteristics**
Banks that consistently outperform demonstrate:
- Scale of domestic market leadership (not just size)
- Superior share of fee income generation
- Market-leading productivity
- Front-to-back digitization capabilities
- Customer centricity and focused business models

**AI as Potential Game-Changer**
All reports emphasize AI's transformative potential, but note that many banks struggle with implementation. Successful AI adoption could reduce software investment costs by 20-40% and create massive competitive advantages. However, much of AI's potential value could be captured by non-bank players currently better positioned to benefit from its applications. Agentic AI and machine voice are emerging as even greater productivity levers.

**Regional Variations**
- **US Banking**: Net interest income expected to decline in 2025 as deposit costs remain high. Credit losses in consumer loans (particularly credit cards and auto loans) are a concern, though still below 2008 crisis levels.
- **Europe & Asia**: Positioned for stronger growth (22% and 21% respectively by 2028) if policymakers can overcome political and technical hurdles to create more robust financial markets.

**Regulatory Environment**
Consultancies call for a ""new grand bargain"" in regulation—not less regulation, but simplification, harmonization, and modernization. The timing of regulatory changes (particularly around capital requirements) could be advantageous or disadvantageous depending on how they affect banks versus non-bank competitors. Potential US deregulation could provide capital relief to banks but also increase competitive pressures by enabling regional bank consolidation and approving bank charters for non-banks.",True,PARTIAL,"The system's answer provides extensive detail about financial services outlook and competitive dynamics, and does mention AI remaking the industry and banks accelerating transformation. However, it does not explicitly mention the other three key themes from the reference: banks' continued strong results in 2025, the emergence of a new world map, and the tipping point for customer ownership. While some of these concepts are touched upon indirectly (strong 2024 performance, geopolitical shifts creating a multipolar world), the specific framing and emphasis from the reference is not clearly present."
linkup,7,What are the competitor's (Nubank) annual KPIs and how did they evolve in 2023 against its company priorities?,«Quarterly amount lent increased from $0.9B in Q4'22 to $2B in Q4'23 (+100% FXN YoY) and IEP climbed from $2.0B in Q4'22 to $3.7B in Q4'23 (+76% FXN YoY). Quarterly Ultraviolet Credit Card Purchase Volume increased from $0.5B in Q4'22 to $1.1B in Q4'23 (+104% FXN YoY)... NuMEX deposits increased from $0 to $1B+ within 7 months from public launch; NuCOL was granted Financing Company License.»,"## Nubank's 2023 Annual KPIs and Performance Against Company Priorities

### Company Priorities for 2023

Nubank outlined three strategic priorities at the beginning of 2023:

1. **Scale lending business in Brazil** (both unsecured and secured)
2. **Grow share of wallet within the upmarket segment in Brazil**
3. **Ramp-up local currency deposits in Mexico and Colombia**

---

### Key Annual KPIs and Evolution in 2023

#### **Customer Growth Metrics**
- **Total Customers**: Reached 93.9 million by December 31, 2023, adding 19.3 million customers year-over-year (26% YoY growth)
  - Brazil: 87.8 million customers (53% of adult population)
  - Mexico: 5.2 million customers
  - Colombia: 800,000+ customers
- **Monthly Net Additions**: Averaged 1.3 million new customers per month in Brazil
- **Activity Rate**: Reached all-time high of 83.1% (up from 82% in Q4 2022)
- **Primary Banking Relationship**: 61% of monthly active customers chose Nubank as their primary bank

#### **Revenue and Monetization Metrics**
- **Total Revenue**: $8.0+ billion for full year 2023 (57% YoY growth in Q4)
- **Monthly Average Revenue Per Active Customer (ARPAC)**: $10.6 in Q4 2023 (23% YoY growth on FX-neutral basis)
  - Mature cohorts already generating $27 ARPAC
- **Products Per Customer**: Average of 4 products per active customer (up from 3.8 in 2022)

#### **Profitability Metrics**
- **Net Income**: $1.0 billion for full year 2023 (first full year of profitability at holding level)
  - Q4 2023: $360.9 million (vs. $58 million in Q4 2022)
- **Adjusted Net Income**: $1.2 billion for full year 2023
  - Q4 2023: $395.8 million (229% YoY increase)
- **Return on Equity (ROE)**: 23% annualized at holding level in Q4 2023
  - Brazil operations alone: 40%+ ROE
- **Adjusted ROE**: 26% annualized in Q4 2023

#### **Operational Efficiency Metrics**
- **Gross Profit**: $1.1 billion in Q4 2023 (87% YoY growth)
- **Gross Profit Margin**: 47.5% in Q4 2023 (expanded from prior periods); 48% for full year
- **Efficiency Ratio**: 36.0% for full year 2023 (improved 19 percentage points vs. 2022)
- **Monthly Average Cost to Serve**: $0.9 per active customer (remained stable while ARPAC grew 23%)

#### **Lending Portfolio Metrics**
- **Consumer Finance Portfolio**: $18.2 billion (49% YoY growth)
  - Credit Card Portfolio: $14.5 billion (44% YoY growth)
  - Personal Loan Portfolio: $3.7 billion (76% YoY growth)
- **Personal Loan Originations**: Doubled from ~$1 billion in Q4 2022 to $2 billion in Q4 2023
- **Market Share**: ~22% of new unsecured personal loan originations in Brazil (up from 12% at end of 2022)
- **Interest-Earning Portfolio (IEP)**: $8.2 billion (91% YoY growth on FX-neutral basis)

#### **Credit Quality Metrics**
- **15-90 NPL Ratio**: 4.1% (declined slightly, in line with expectations)
- **90+ NPL Ratio**: 6.1% (remained stable)
- **Risk-Adjusted Net Interest Margin**: 10.2% in Q4 2023 (up 120 basis points sequentially)
- **Net Interest Margin (NIM)**: 18.3% in Q4 2023

#### **Deposit and Funding Metrics**
- **Total Deposits**: $23.7 billion (38% YoY growth on FX-neutral basis)
  - Mexico: Reached $1 billion by end of 2023 (quadrupled in two months after yield increase)
- **Cost of Deposits**: 80% of blended interbank rates (Brazil CDI and Mexico TIIE)
- **Loan-to-Deposit Ratio**: 34%

#### **Card Business Metrics**
- **Purchase Volume**: $111 billion for full year 2023 (37% YoY growth)
  - Q4 2023: $32.6 billion (29% YoY growth)
- **Credit Card Market Share**: 13.8% in Brazil by purchase volume (up 150 basis points YoY)

---

### Performance Against 2023 Priorities

#### **Priority 1: Scale Lending Business in Brazil**
**Status: Successfully Achieved**

- **Unsecured Lending**: Personal loan originations doubled from $1 billion to $2 billion quarterly
- **Secured Lending**: Launched three major secured loan products:
  - SIAPE (public payroll loans for federal employees) - April 2023
  - FGTS (backed by severance pay fund) - August 2023
  - INSS (payroll loans for retirees/pensioners) - October 2023
- **Impact**: By Q4 2023, 10% of personal loan originations came from secured lending lines
- **Market Position**: Achieved ~22% market share of new unsecured personal loan originations (nearly doubled from 12%)

#### **Priority 2: Grow Share of Wallet in Upmarket Segment**
**Status: Strong Foundation Established**

- **Customer Acquisition**: Reached 60% of high-income customers (monthly income >BRL 12,000) and 70% of Supercore customers (BRL 5,000-12,000)
- **Ultravioleta Credit Card**: Purchase volume grew 104% YoY from $0.5 billion to $1.1 billion in Q4
- **Customer Base**: Ultravioleta customers doubled during 2023
- **Brand Perception**: Achieved best industry Net Promoter Score among Brazilian high-income customers
- **Product Expansion**: Rolled out numerous features across banking, credit, and investment offerings tailored to this segment

#### **Priority 3: Ramp-up Local Currency Deposits in Mexico and Colombia**
**Status: Exceeded Expectations**

- **Mexico Deposits**: Reached $1 billion by end of 2023 after launching Cuenta Nu in May and increasing yields in November
  - Achieved milestone 3x faster than in Brazil
  - Quadrupled deposits in just two months following yield increase
- **Colombia**: Received financial license in December 2023, enabling launch of Cuenta Nu in January 2024
- **Strategic Impact**: Eliminated major execution risk by establishing self-sufficient local currency funding
- **Customer Profile**: Attracted higher-income segment, improving credit quality and underwriting data

---

### Summary

Nubank delivered exceptional performance across all three 2023 priorities while achieving its first full year of profitability. The company demonstrated strong operational leverage, with revenue growing 57% YoY while maintaining cost to serve below $1 and improving efficiency ratio by 19 percentage points. The successful execution of these priorities positioned Nubank as the fourth-largest financial institution in Brazil by customer count and established strong foundations for continued growth in Mexico and Colombia, while expanding into higher-income segments with differentiated products.",True,PASS,"The system's answer includes all key metrics from the reference: quarterly amount lent increased from $0.9B to $2B in Q4'23, IEP grew from $2.0B to $3.7B, Ultraviolet purchase volume increased from $0.5B to $1.1B in Q4'23, NuMEX deposits reached $1B+ within 7 months, and NuCOL received its financing license. The system provides these facts with consistent numbers and additional context, meeting the requirement to adequately match the reference answer."
linkup,9,What new products and account features does the competitor (N26) offer?,"«N26 Smart: Mastercard debit card, up to 10 sub-accounts (Spaces), budgeting tools, free ATM withdrawals and commission-free purchase of stocks and ETFs. Requirements: over 18, residence in an eligible country and a valid ID.»","N26, the European digital bank, has launched several new products and account features in recent years, particularly throughout 2024-2026:

## Investment Products

**Stocks and ETFs Trading (2024)**: N26 launched stocks and ETFs trading in early 2024, initially in Austria and Germany, then expanded to 12 additional European markets (Belgium, Denmark, Estonia, Finland, Greece, Latvia, Lithuania, Norway, Poland, Portugal, Slovakia, and Slovenia) in October 2024. Customers can invest in fractional shares starting from €1, with access to over 5,000 stocks and ETFs. As of January 27, 2025, N26 made stock and ETF trading completely free for all customers, removing the previous €0.90 per trade fee.

**Ready-Made Funds (December 2024)**: N26 partnered with BlackRock to launch Ready-Made Funds, offering three multi-asset portfolios (Mindful, Balanced, and Ambitious) tailored to different risk appetites. These portfolios are diversified across equities, fixed income, and alternative investments, with a minimum investment of just €1. Fees start at 0.29% annually.

**Cryptocurrency Trading (2023)**: N26 offers trading in 400+ cryptocurrencies including Bitcoin and Ethereum, integrated directly in the banking app with fees of 1.5% for Bitcoin and 2.5% for other coins.

**ETCs (2025)**: N26 added Exchange-Traded Commodities (ETCs) to its investment offerings in 2025.

**PEA Investment Accounts (2025)**: N26 launched PEA (Plan d'Épargne en Actions) investment accounts specifically for the French market in 2025.

## Banking and Savings Features

**Instant Savings Account**: N26 offers tiered interest rates based on account type. As of June 11, 2025, rates are: 0.30% p.a. for Standard and Smart accounts, 0.50% p.a. for N26 Go, and 1.50% p.a. for Metal accounts. For new N26 Metal customers who opened accounts after February 19, 2025, N26 offers the current ECB deposit facility rate (2% as of June 11, 2025). The account is fully flexible with instant withdrawals and no penalties.

**Joint Accounts (2024)**: N26 launched formal Joint Accounts in 21 markets in April 2024, allowing two individuals to fully share an account with a joint IBAN and equal ownership. The accounts come at no extra cost and include two cardholders.

## Payment Solutions

**Wero Integration (2025-2026)**: N26 announced a partnership with Wero, the pan-European digital wallet developed by the European Payments Initiative (EPI), in December 2025. The service launched in Germany and France in August 2026, enabling customers to send and receive money instantly using just a phone number or email address without needing an IBAN. Transfers arrive in under 10 seconds via SEPA Instant rails. The service is completely free to use.

## Telecommunications Services

**N26 SIM (2025)**: N26 entered the telecommunications market in May 2025, initially launching in Germany with plans to expand to other European markets. The service offers eSIM-based mobile plans with three tiers:
- S: 10 GB for €13.99/month
- M: 30 GB for €19.99/month  
- L: 100 GB for €34.99/month

All plans include unlimited calls and SMS within Germany, free EU/EEA roaming, and access to Vodafone's 5G network. Plans are month-to-month with no fixed contracts. In January 2026, N26 expanded this service to Spain, offering unlimited data, national calls and texts, plus 20 GB of free EU/EEA roaming for €11.99/month (€9.99 introductory offer).

**Travel eSIM (2025)**: N26 launched Travel eSIM covering 100+ destinations, available directly in the N26 app for international connectivity.

## Account Enhancements

N26 has also enhanced its core banking features with real-time spending alerts, budgeting tools (Spaces), free ATM withdrawals in the Eurozone (varying by plan), and instant transfers. The bank reached over €1 billion in assets under custody in early 2025 and processes over €170 billion in annual transaction volume across its 24 European markets.",True,PARTIAL,"The system's answer provides extensive detail about N26's products including investment features, savings accounts, and other services, but it does not specifically identify or describe the 'N26 Smart' account tier that the reference answer focuses on. While the system mentions some features that align with N26 Smart (budgeting tools/Spaces, free ATM withdrawals, commission-free stocks/ETFs), it fails to present these as part of a specific 'N26 Smart' product offering with its requirements, which is the core of what the reference answer describes."
linkup,10,"What are the competitor's (Revolut) plans, prices and fee changes and how do they differ by tier?","«Standard — Free; Plus — £3.99/month; Premium — £7.99/month; Metal — £14.99/month; Ultra — £55/month (introductory offer). Declared annual benefits: Plus ~£100, Premium ~£1,750, Metal ~£3,750, Ultra >£9,000.»","Revolut offers five personal account tiers with distinct pricing and features that vary by region. Here's a comprehensive breakdown of their plans, prices, and fee structures:

## **Plan Tiers and Monthly Pricing**

### **By Region:**

**United Kingdom:**
- Standard: Free
- Plus: £3.99/month (£40/year)
- Premium: £7.99/month (£80/year)
- Metal: £14.99/month (£140/year)
- Ultra: £55/month (£540/year)

**United States:**
- Standard: Free
- Premium: $9.99/month
- Metal: $16.99/month
(Plus and Ultra not available in US)

**European Union (varies by country):**
- Standard: Free
- Plus: €3.99/month (€40/year)
- Premium: €7.99-€9.99/month (€80-€100/year)
- Metal: €13.99-€16.99/month (€140-€170/year)
- Ultra: €45/month (€540/year)

## **Key Fee Differences by Tier**

### **Currency Exchange:**
- **Standard:** No fee up to £1,000/month, then 1% fair usage fee; 1% weekend markup
- **Plus:** No fee up to £3,000/month, then 0.5% fair usage fee; 0.5% weekend markup
- **Premium:** Unlimited fee-free exchange (weekdays); no weekend markup
- **Metal:** Unlimited fee-free exchange (weekdays); no weekend markup
- **Ultra:** Unlimited fee-free exchange (weekdays); no weekend markup

### **ATM Withdrawals (Out-of-Network):**
- **Standard:** Free up to £200/month, then 2% fee
- **Plus:** Free up to £200/month, then 2% fee
- **Premium:** Free up to £400/month, then 2% fee
- **Metal:** Free up to £800/month, then 2% fee
- **Ultra:** Free up to £2,000/month, then 2% fee

### **International Transfer Discounts:**
- **Standard:** No discount
- **Plus:** No discount
- **Premium:** 20% discount on international transfer fees
- **Metal:** 40% discount on international transfer fees
- **Ultra:** No Revolut international transfer fees

### **RevPoints Rewards (UK/EU only):**
- **Standard/Plus:** 1 point per £10 spent
- **Premium:** 1 point per £4 spent
- **Metal:** 1 point per £2 spent
- **Ultra:** 1 point per £1 spent

### **Crypto Trading Fees:**
- **Standard/Plus:** 1.49% (low volume) down to 0.49% (high volume)
- **Premium/Metal:** 0.99% (low volume) down to 0.29% (high volume)
- **Ultra:** 0.49% (low volume) down to 0% (high volume at €250k+)

### **Stock Trading:**
- **Standard:** 3 commission-free trades/month
- **Premium:** 5 commission-free trades/month
- **Metal:** 10 commission-free trades/month
- **Ultra:** 10 commission-free trades/month

## **Recent Fee Changes**

### **2024 Price Increases:**
Revolut implemented significant price increases in multiple markets during 2024:

- **UK:** Fees updated December 11, 2025, effective February 13, 2026 for existing customers
- **Hungary:** Plus increased from 1,200 to 1,600 HUF/month (~33%); Premium from 2,500 to 3,000 HUF/month (20%); Metal from 4,200 to 4,800 HUF/month (~15%)
- **Portugal (EEA):** Premium increased from €10.39 to €11.43; Metal from €16.63 to €18.70 (approximately 10-12% increases)

### **2021 Fee Changes:**
In April 2021, Revolut introduced fees for cross-border and SWIFT transfers:
- Standard and Plus accounts lost free international payments
- Premium users received 1 free international payment/month
- Metal customers received 3 free international payments/month

### **2025 Weekend Exchange Fee Adjustment:**
Revolut reduced weekend exchange fees in April 2025:
- Standard: 1% weekend markup (unchanged)
- Plus: 0.5% weekend markup (reduced from 1%)
- Premium/Metal/Ultra: No weekend markup (previously had 1% for Standard/Plus only)

## **Additional Tier Benefits**

### **Premium and Above Include:**
- Travel insurance (medical, baggage, flight delay)
- Airport lounge access (discounted for Premium/Metal; unlimited for Ultra)
- Partner subscriptions (varies by tier and region - includes services like NordVPN, Perplexity, Financial Times, etc.)
- Priority customer support
- Free card delivery

### **Metal-Specific:**
- Physical metal card (steel)
- Cashback on purchases (varies by region, typically 0.1-1%)

### **Ultra-Specific:**
- Platinum-plated card
- Unlimited airport lounge access with guest
- Highest RevPoints earn rate
- Most comprehensive insurance coverage
- Free Fast Track airport security access

## **Important Notes:**

1. **12-Month Commitment:** Paid plans (Plus, Premium, Metal, Ultra) require a 12-month commitment even with monthly billing. Early cancellation may incur fees.

2. **Regional Variations:** Exact pricing, features, and partner subscriptions vary by country. Always check local pricing in the Revolut app.

3. **Savings Rates (US only):** APY varies by tier - Standard: 4.00%, Premium: 4.50%, Metal: 5.50% for High-Yield accounts.

4. **Business Plans:** Separate pricing structure exists for business accounts with different fee schedules.

The tier structure is designed to reward higher usage and international activity, with the most significant value proposition for frequent travelers and those making regular international transactions or currency exchanges above the Standard plan limits.",True,PARTIAL,"The system's answer correctly provides the UK pricing for all five tiers (Standard-Free, Plus-£3.99, Premium-£7.99, Metal-£14.99, Ultra-£55) which matches the reference answer. However, it completely omits the declared annual benefits information (Plus ~£100, Premium ~£1,750, Metal ~£3,750, Ultra >£9,000) that is explicitly mentioned in the reference answer as a key differentiator between tiers."
linkup,12,What new products and features has the competitor (Revolut) recently announced?,"«Revolut reveals 2025 vision, with AI assistant, mortgages, and ATMs on the horizon» and «Revolut reports record profit of $2.3bn for 2025 as revenue surges to $6bn».","Revolut has announced a comprehensive suite of new products and features, primarily unveiled at their ""The Revolutionaries"" event in November 2024 and throughout 2024-2025. Here are the key announcements:

## AI-Powered Financial Assistant (2025)
Revolut announced an AI-powered assistant that will launch gradually in 2025. This digital financial companion will adapt to individual customer needs and preferences in-app, guiding users towards smarter money habits, enhanced financial decision-making, and streamlined administrative tasks. The technology is expected to evolve alongside advancements in AI. More recently, in 2026, Revolut launched AI-triggered payments in France, allowing AI to initiate payments on behalf of users.

## Mortgages (2025)
Revolut plans to launch a fully digital mortgage product starting in Lithuania, followed by Ireland and France in 2025. The service aims to offer instant approval in principle and final offers within one business day, subject to asset valuation and necessary checks. This forms part of Revolut's broader credit strategy, which also includes exploring overdraft options.

## Branded ATMs (2025)
Revolut will roll out branded ATMs starting in Spain in early 2025. These ATMs will dispense both cash and cards, with plans for advanced features including cash deposits and facial recognition security for identity authentication in the future.

## Revolut Business Enhancements (2024-2025)
- First business credit product launching in Europe in 2025
- Competitive business savings rates planned for all EU markets
- Revolut Kiosk for restaurant and store operations management, exploring biometric payments
- Expanded Revolut Pay offerings to include Buy Now Pay Later options
- RB5 app redesign
- Revolut BillPay feature
- Merchant acquiring payment volumes tripled year-over-year

## Banking and Savings Products (2024)
- Instant-access savings rolled out in 7 countries, gathering £1.9 billion
- Local IBANs launched in several European markets, including Italy (Italian IBANs starting with IT instead of Lithuanian LT)
- Salary Sorter and tax payment features
- Expanded savings and money market fund availability to over 30 countries, attracting $12.3 billion in deposits

## Wealth and Investment Products (2024)
- Enhanced wealth products including bonds, ETFs, and CFDs
- Robo-advisor launched
- Revolut X crypto exchange launched
- European investment plans added
- Revolut Invest app launched
- Secured UK Investment license

## Personal Lending (2024)
Revolut started offering personal loans in Italy and other markets, described as highly flexible products with no additional costs, fees, or origination costs.

## Revolut Terminal (2024)
A new speed-optimized POS device launched in Italy (third European market after UK and Ireland in October 2024), allowing businesses to accept payments in seconds.

## Lifestyle and Travel Products (2024)
- eSIMs available in over 100 countries
- Flights and hotels booking capabilities
- RevPoints loyalty program enhancements
- Airport lounges planned (first one opening at Copenhagen Airport in 2027 in partnership with Plaza Premium Group)

## Regulatory Milestones (2024-2026)
- UK banking license secured (2024)
- Banking licenses obtained in France and Australia
- Conditional approval for US national bank charter from the OCC (September 2026)
- Banking approvals in Mexico and Colombia
- PPI license approval in India
- Over 10 global licenses being actively secured

These announcements reflect Revolut's strategy to evolve from a fintech app into a comprehensive global banking platform, with the ambitious goal of reaching 100 million daily active users across 100 countries.",True,PARTIAL,"The system's answer comprehensively covers the new products and features mentioned in the reference (AI assistant, mortgages, and ATMs), providing extensive detail about these and many other announcements. However, it completely omits the financial performance information that constitutes half of the reference answer (the record $2.3bn profit and $6bn revenue for 2025)."
linkup,14,What do users value and complain about in the competitor's (Revolut) app reviews?,"«4.7 out of 5 (69K Ratings). Featured review: 'Optionality for $160 year unbeatable' (praising the investment section and the high-yield account), alongside criticism such as 'Extremely Glitchy Compared to TransferWise' and 'One of the absolute worst apps I ever used'.»","Based on comprehensive analysis of Revolut app reviews across multiple platforms including Trustpilot (4.6/5 rating with over 280,000 reviews), Reddit, and app stores, users have clear patterns of what they value and what frustrates them.

## What Users Value:

**Intuitive App Interface and User Experience**
Users consistently praise Revolut's clean, modern, and easy-to-use app design. The interface is described as quick, clear, and transparent, making financial management feel effortless whether budgeting, exchanging currencies, or splitting bills.

**Competitive Exchange Rates and Low Fees**
Users frequently highlight the competitive exchange rates and low fees for international transactions as a significant advantage. The app offers real-time exchange rates close to the mid-market rate, making it particularly valuable for frequent travelers and those making regular international payments.

**Multi-Currency Support**
The ability to hold, exchange, and transfer money in 30+ currencies within a single account is highly valued. Users appreciate the seamless handling of multiple currencies and the convenience for international spending.

**Speed and Real-Time Features**
Fast international transfers and instant notifications for all transactions are consistently praised. Users value the real-time spending notifications and the ability to track their finances immediately.

**Comprehensive Financial Services**
Users appreciate the all-in-one approach, with features including budgeting tools, spending analytics, cryptocurrency trading, stock investments, and travel insurance all available in one platform.

**Premium Plan Benefits**
Paid plan subscribers particularly love the additional perks like travel insurance, airport lounge access, and higher withdrawal limits.

## What Users Complain About:

**Customer Support Issues**
This is the most recurring and significant complaint. Users report slow response times, difficulty resolving complex issues via chat-only support, and automated responses lacking personalization. Telephone support is very hard to access unless users have the most expensive account. Many describe customer service as ""the worst"" aspect of Revolut.

**Account Freezes and Security Reviews**
A major pain point involves accounts being frozen or locked during security and compliance checks, sometimes for weeks or months. Users report being unable to access their funds with little communication about the review process. One user reported having £630 frozen for almost three months with no information provided. These freezes often occur without clear warning and can leave users without access to their money.

**Poor Fraud and Scam Resolution**
Revolut leads the UK in fraud and scam complaints escalated to the Financial Ombudsman Service, with 3,242 APP (Authorised Push Payment) complaints filed in 2024 alone. Users report difficulties with chargeback processes and dissatisfaction with how fraud cases are handled. Some users feel that while traditional banks may be more accommodating to long-standing customers in fraud cases, Revolut follows chargeback rules strictly.

**Limited Card Acceptance**
Some users, particularly in the United States, report that Revolut cards only work at a limited number of places, with frequent declines at major retailers like Walmart and gas station pumps.

**Fee Transparency Issues**
Users express confusion about fair usage limits and additional charges. High commissions apply when users exceed fair-usage limits, and some fees are higher during weekends when markets are closed.

**ATM Withdrawal Limits**
Free ATM withdrawals are limited to a set amount each month, after which additional fees apply. Users feel these limits could be higher.

**Inconsistent Support Quality**
Users report getting completely different answers from different customer service representatives, leading to frustration and confusion about how features actually work.

The overall sentiment shows that Revolut excels as a feature-rich financial app when everything works smoothly, but struggles significantly with customer service and account security processes when users need human intervention or encounter problems.",True,FAIL,"The system's answer provides extensive analysis of Revolut reviews but contradicts the reference's rating (4.6/5 vs 4.7/5) and review count (280,000+ vs 69K), and completely fails to include the specific featured reviews that were central to the reference answer ('Optionality for $160 year unbeatable', 'Extremely Glitchy Compared to TransferWise', 'One of the absolute worst apps I ever used'). The system appears to have analyzed different data sources than what the question was asking about."
linkup,17,What senior-position profiles and requirements does a peer (BBVA) publish for leadership roles?,"«BBVA — Job portal (Workday, bbva.wd3.myworkdayjobs.com). Senior/leadership vacancies, e.g. 'Executive Director — Securitization, ABS Origination & Structuring' (New York), 'Data Engineering Senior Manager I', 'Software Senior Manager I (BSI)'. Each posting specifies area/location, seniority level, key responsibilities and required qualifications (years of experience, technical skills, languages).»","BBVA publishes several types of senior-position profiles and requirements for leadership roles across its organization:

## Core Leadership Values and Competencies

BBVA's leadership framework is built around three core values that guide all leadership positions:

1. **Customer comes first** - Leaders must be empathetic, demonstrate integrity, and be swift and agile in meeting customer needs
2. **We think big** - Leaders should be ambitious, break the mold through innovation, and seek excellence to amaze customers
3. **We are one team** - Leaders must be committed, trust others, collaborate across silos, and feel ownership of BBVA's objectives

## Essential Skills for Leadership

BBVA has identified fourteen skills essential for future success across leadership positions:
- Sustainability
- Design
- Tech and data capabilities
- Cybersecurity
- Digital sales and marketing
- Behavioral economics
- Financial health
- Computational thinking
- Leadership
- Advisory
- Operations and processes
- Agility
- Non-financial risks

## Leadership Development Programs

BBVA offers several structured leadership development initiatives:

- **""The Good Manager"" program** - A global leadership program promoting high-performance professionals who act according to the Group's values and create opportunities for their teams
- **Campus BBVA** - Corporate university offering training in Leadership Skills, Cultural Skills, Digital, Engineering, Finance, Legal, Risks, and Sales & Marketing categories
- **Wharton partnership** - Custom executive education programs focusing on leading globally, balancing vision with execution, and influencing across distance

## Specific Executive Position Requirements

For senior executive roles, BBVA typically requires:

**Experience Requirements:**
- 10+ years of experience in similar roles for Executive Director positions
- Extensive experience in transformation, innovation, and customer focus
- Track record in client relationship management and business development

**Educational Background:**
- Bachelor's degree in Finance, Economics, Business, or related fields (minimum)
- Master's degree or MBA preferred
- Professional certifications (CFA, CTP, or relevant credentials) are advantageous

**Key Competencies:**
- Strong financial modeling and analytical capabilities
- Deep understanding of banking products and services
- Excellent communication, negotiation, and presentation skills
- Hands-on attitude with attention to detail
- Ability to lead cross-functional teams and drive strategic initiatives

## Assessment and Evaluation

BBVA uses a comprehensive people management model that includes:
- **360-degree evaluation process** - Assessing capabilities through feedback from managers, co-workers, collaborators, and team members
- **Competencies assessment** - Conducted every two years to identify and develop skills, knowledge, and management styles
- **Performance evaluation** - Measuring both achievement of targets and alignment with BBVA's culture and values

## Recent Leadership Appointments

Recent leadership appointments demonstrate BBVA's emphasis on internal talent development and specific expertise areas. For example, recent appointments include leaders with backgrounds in:
- Strategy and M&A
- Digital transformation and engineering
- Risk management
- Finance and treasury
- Retail and commercial banking
- Talent and culture development

All newly appointed executives in the 2025 leadership renewal came from within the Group, forming a team that combines extensive experience in transformation, innovation, and customer focus.",True,FAIL,"The reference answer specifically asks about what BBVA publishes in their job portal (Workday) for senior/leadership vacancies, including specific examples of posted positions with their requirements. The system's answer provides general information about BBVA's leadership values, competencies, and development programs, but does not address the actual job postings and their specific requirements as described in the reference."
linkup,18,What is a peer's (BNP Paribas) leadership org structure and the responsibilities of each member?,«The General Management of BNP Paribas is composed of a Chief Executive Officer (CEO) plus two Chief Operating Officers and three Deputy Chief Operating Officers... The Executive Committee brings together the General Management as well as 14 other members.» CEO: Jean-Laurent Bonnafé; COOs: Yann Gérardin (CIB) and Thierry Laborde (CPBS); CFO: Lars Machenil; CRO: Frank Roncey.,"BNP Paribas has a hierarchical leadership organizational structure consisting of General Management and an Executive Committee that sets and implements the Group's strategy. As of 2025-2026, the structure comprises:

## **General Management (Top Leadership)**

The General Management consists of a Chief Executive Officer plus two Chief Operating Officers and three Deputy Chief Operating Officers:

**1. Jean-Laurent Bonnafé - Director and Chief Executive Officer**
- Bears responsibility for the overall management of the Group with extensive powers
- All operational activities and Group functions fall under his direct responsibility
- Has served as CEO since December 2011

**2. Yann Gérardin - Chief Operating Officer**
- In charge of Corporate & Institutional Banking (CIB)
- Also serves as Executive Chairman of CIB
- Joined BNP in 1987 and became COO in 2021

**3. Thierry Laborde - Chief Operating Officer**
- In charge of Commercial, Personal Banking & Services (CPBS)
- Oversees the Group's retail banking division including Domestic Markets, International Retail Banking, and BNP Paribas Personal Finance
- Became COO in 2021

**4. Renaud Dumora - Deputy Chief Operating Officer**
- In charge of Investment & Protection Services (IPS)
- Oversees BNP Paribas Asset Management, Cardif, Wealth Management, and Real Estate
- Appointed Deputy COO in 2021

**5. Yannick Jung - Deputy Chief Operating Officer**
- In charge of the commercial and personal banking businesses in the euro zone within CPBS
- Previously Head of Corporate & Institutional Banking Global Banking (EMEA)
- Appointed Deputy COO in September 2025

**6. Olivier Osty - Deputy Chief Operating Officer**
- Chief Executive Officer of Corporate & Institutional Banking (CIB)
- Previously Head of CIB Global Markets
- Appointed Deputy COO in July 2025

## **Executive Committee Members (Business Lines and Central Functions)**

The Executive Committee brings together the General Management plus 14-15 additional members who are heads of businesses and central functions. They meet at least once a week.

**Business Line Leaders:**

**7. Michael Anseeuw - Director and Chief Executive Officer**
- Chairman of the Executive Board of BNP Paribas Fortis
- Oversees Belgian banking operations
- Joined Executive Committee in January 2023

**8. Elena Goitini - Chief Executive Officer of BNL**
- Leads Italian banking operations
- Joined BNP Paribas in 2019 as Head of Private Banking and Wealth Management in Italy
- Appointed CEO of BNL in 2021

**9. Pauline Leclerc-Glorieux - Director and Chief Executive Officer**
- Leads BNP Paribas Cardif (insurance division)
- Joined Executive Committee in 2021
- Previously Deputy CEO responsible for Efficiency, Technology and Operations at Cardif

**10. Isabelle Loc - Head of Commercial & Personal Banking in France**
- Oversees retail banking, corporate banking, and private banking operations in France
- Previously Head of Real Assets EMEA at BNP Paribas CIB
- Appointed to this role in May 2021

**11. Gilles Zeitoun - Director and Chief Executive Officer**
- Leads BNP Paribas Personal Finance (consumer credit division)
- Joined Executive Committee in January 2026, succeeding Charlotte Dennery
- Previously Deputy CEO overseeing country operations across Eurozone, UK, Nordic countries, and South Africa

**12. Sandro Pierri - Chief Executive Officer**
- Leads BNP Paribas Asset Management
- Joined Executive Committee in March 2026
- CEO of BNPP AM since September 2021

**Central Function Leaders:**

**13. Philippe Maillard - Group Chief Operating Officer**
- Oversees Technology & Operational Performance including IT, data, facilities management, procurement, and internal consulting
- Joined Executive Committee in February 2025, replacing Laurent David
- Previously COO of the CIB division

**14. Marc Camus - Chief Information Officer**
- Responsible for Group information technology
- Appointed CIO in April 2025, succeeding Bernard Gavgani
- Reports to Philippe Maillard

**15. Lars Machenil - Chief Financial Officer**
- Group CFO since 2012
- Previously CFO of BNP Paribas Fortis
- Oversees all financial management and reporting

**16. Stéphanie Maarek - Chief Compliance Officer**
- Head of Compliance ensuring regulatory adherence
- Joined Executive Committee in January 2023
- Previously Chief Conduct and Control Officer for Global Markets and CIB

**17. Frank Roncey - Chief Risk Officer**
- Leads Group Risk Management function
- Appointed CRO in 2014 and joined Executive Committee
- Oversees market, liquidity, operational, and credit risks

**18. Sarah Roussel - Head of Human Resources**
- Group Head of HR (effective July 1, 2026, succeeding Sofia Merlo)
- Previously CEO of Arval France
- Reports to Philippe Maillard and will join Executive Committee

**19. Elise Hermant - Head of Communications**
- Oversees Group communication and reputation management
- Joined Executive Committee in July 2024
- Joined BNP Paribas in September 2022

**20. Anne Pointet - Head of Company Engagement**
- Leads corporate social responsibility, environmental and social transitions, and philanthropy
- Joined Executive Committee in July 2024, succeeding Antoine Sire
- The Company Engagement Department represents approximately 1% of Group results in philanthropy efforts

## **Key Organizational Features:**

- The Executive Committee comprises 19-20 members total (4-6 General Management + 14-15 business/function heads)
- In 2024, 42% of Executive Committee members were women, exceeding the Group's 40% target by 2025
- The committee meets at least weekly to supervise operations, strategic implementation, and risk management
- The structure is organized around three main operational divisions: Commercial, Personal Banking & Services (CPBS); Investment & Protection Services (IPS); and Corporate & Institutional Banking (CIB)
- All members work to implement the Group's strategic plan focused on consolidating BNP Paribas' European leadership and sustainable growth",True,PASS,"The system's answer correctly identifies the core structure mentioned in the reference: General Management consists of a CEO plus two COOs and three Deputy COOs, and the Executive Committee includes General Management plus 14 other members. It accurately names the key positions referenced: CEO Jean-Laurent Bonnafé, COOs Yann Gérardin (CIB) and Thierry Laborde (CPBS), CFO Lars Machenil, and CRO Frank Roncey. The system provides significantly more detail than the reference, but all core facts align and there are no contradictions."
linkup,20,What is the average CET1 capital ratio and NPL ratio of EU banks in the latest quarter?,"Recognised source: EBA Risk Dashboard – Data Annex Q1 2026 (.xlsx), tab ""Exposures and NPLs by Sector_1"" (Non-trading loans and advances to non-financial corporations by sector). Columns [lbl][Period][NSA][Custom][Value]. E.g. series lbl=T2410 · NSA=AT · Custom=""J Information and communication"": 202509→0.0213; 202512→0.0208; 202603→0.0215.","Based on the latest available data from the European Central Bank (ECB), the average CET1 capital ratio and NPL ratio of EU banks in the most recent quarter are as follows:

**Q4 2024 (Latest Complete Quarter):**
- **Average CET1 Capital Ratio: 15.86%**
- **Average NPL Ratio: 2.28%**

These figures represent the aggregate ratios for significant institutions (banks supervised directly by the ECB) in the fourth quarter of 2024.

**CET1 Capital Ratio Details:**
The aggregate Common Equity Tier 1 (CET1) ratio of 15.86% in Q4 2024 represents an increase from 15.72% in Q3 2024 and remained stable compared to the same period in 2023. This ratio measures the highest quality of a bank's capital relative to its risk-weighted assets and is well above the regulatory minimum requirements. The CET1 ratio varied significantly across countries, ranging from 12.88% in Spain to 22.05% in Latvia in Q4 2024.

**NPL Ratio Details:**
The non-performing loans (NPL) ratio, excluding cash balances at central banks and other demand deposits, stood at 2.28% in Q4 2024. This represents a decrease of 3 basis points from 2.31% in Q3 2024. The stock of NPLs decreased by €4.09 billion (-1.13%), while the total amount of loans and advances rose by €21.19 billion (0.14%).

At the sector level in Q4 2024:
- NPL ratio for loans to non-financial corporations (NFCs): 3.52%
- NPL ratio for loans to households: 2.16%
- NPL ratio for loans to small and medium-sized enterprises: 4.75%

**Additional Context:**
For Q2 2025 (more recent but not the latest complete quarter at time of reporting), the ECB reported that the weighted average CET1 ratio stood at 16.1% and the NPL ratio was at 1.9%, showing continued improvement in both capital adequacy and asset quality across the EU banking sector.",True,FAIL,"The system's answer provides CET1 capital ratios and NPL ratios from ECB data, but the reference answer is about a completely different metric: non-trading loans and advances to non-financial corporations by sector from EBA Risk Dashboard Q1 2026. The system answered a different question than what the reference addresses."
linkup,22,What capital and liquidity (LCR) levels do significant institutions supervised by the ECB report?,Source: ECB Supervisory Banking Statistics (significant institutions). Q3 2025: aggregate CET1 16.10% (Q2 2025: 16.12%; a year earlier: 15.73%); total capital 20.24%; annualised RoE 9.88%.,"Significant institutions supervised by the European Central Bank (ECB) report strong capital and liquidity levels that are well above regulatory requirements.

## Capital Levels

As of the fourth quarter of 2024, significant institutions reported the following aggregate capital ratios:

- **Common Equity Tier 1 (CET1) ratio: 15.86%** (up from 15.74% in Q3 2024, stable compared to 15.87% one year earlier)
- **Tier 1 ratio: 17.33%**
- **Total capital ratio: 19.99%**

The CET1 ratio varies significantly across countries, ranging from 12.88% in Spain to 22.05% in Latvia in Q4 2024. By the third quarter of 2024, the aggregate CET1 ratio stood at 15.72%.

Looking at the broader trend, the ECB's 2024 Annual Report notes that by Q3 2024, the aggregate CET1 capital ratio stood robustly at 15.7%, representing a significant improvement from 12.6% at the beginning of the banking union in 2014 - an increase of 3.4 percentage points.

## Liquidity Coverage Ratio (LCR)

Significant institutions maintain strong liquidity buffers well above the 100% regulatory minimum:

- **Q4 2024: 158.28%** (aggregate LCR)
- **Q3 2024: 158.5%** (as reported in the ECB's 2024 Annual Report)
- **Q2 2025: 158%** (as noted in the 2025 SREP assessment)

The LCR has remained consistently above 150% since the COVID-19 period. The ratio measures banks' ability to withstand a 30-day period of significant liquidity stress by holding sufficient high-quality liquid assets (HQLA).

For context, less significant institutions (LSIs) report even higher liquidity levels, with an aggregate LCR of 216.8% in 2024 and 217% in Q4 2023.

## Additional Liquidity Metrics

Beyond the LCR, significant institutions also maintain strong positions in other liquidity measures:

- **Net Stable Funding Ratio (NSFR): 127%** at the end of 2024, well above the 100% minimum requirement
- **Leverage ratio: 5.9%** at the end of 2024

## Regulatory Context

The minimum LCR requirement of 100% came into effect on January 1, 2018, following a three-year phase-in period. The LCR is a forward-looking measure that requires banks to hold sufficient high-quality liquid assets that can be converted into cash easily and immediately to survive a 30-day period of significant liquidity stress.

The consistently high capital and liquidity levels demonstrate that euro area banks supervised by the ECB maintain robust buffers that provide substantial protection against potential adverse macro-financial threats and geopolitical shocks.",True,FAIL,"The reference answer specifies Q3 2025 data (CET1 16.10%, total capital 20.24%), but the system's answer provides Q4 2024 and Q3 2024 data with significantly different figures (CET1 15.86% for Q4 2024, 15.72% for Q3 2024). The system appears to be reporting data from an earlier time period than what the reference requires, making the core facts inconsistent."
linkup,24,"What has been the trend of Spain's GDP, inflation (HICP) and unemployment in recent years?","Source: Eurostat prc_hicp_aind (HICP, annual rate). Spain: 2025-09=3.0%; 2025-10=3.2%; 2025-11=3.2%; 2025-12=3.0% (euro area 2025-12=1.9%). [GDP: Eurostat tec00115, annual volume change].","Spain has experienced notable economic trends in recent years across GDP growth, inflation (HICP), and unemployment:

## GDP Growth

Spain's economy has shown strong growth in recent years, outperforming many European peers:

- **2021**: GDP grew 6.7% (revised upward from initial estimates)
- **2022**: GDP expanded 6.4% (revised from 6.2%)
- **2023**: GDP grew 2.5-2.7% (various revisions, with final estimates at 2.7%)
- **2024**: GDP growth reached an impressive 3.2-3.5%, making Spain one of the fastest-growing advanced economies

The Spanish economy has consistently outpaced the eurozone average. In Q4 2023, GDP grew 0.6% quarter-on-quarter (2.0% year-on-year), driven primarily by domestic demand and a robust tourism sector. The government and Bank of Spain forecast continued growth of 2.6-2.7% for 2025, though at a more moderate pace than 2024.

## Inflation (HICP)

Spain experienced significant inflation volatility in recent years:

- **2022**: Annual inflation peaked at 10.8% in July 2022, with the full-year average at 8.3-8.4%
- **2023**: Inflation moderated substantially to an annual average of 3.5%, reflecting a successful disinflation process
- **2024**: Inflation continued to ease, averaging 2.8% for the year
- **2025-2026**: Inflation has remained around 2.7-2.9%, with some monthly fluctuations

Spain's inflation peaked earlier than many European countries and declined more rapidly, partly due to the government's ""Iberian exception"" gas price cap that limited electricity cost increases. By mid-2024, headline HICP had fallen closer to the European Central Bank's 2% target, though services inflation remained somewhat sticky at 3-4%.

## Unemployment

Spain's unemployment rate has shown a consistent downward trend, though it remains among the highest in the EU:

- **2022 Q4**: 12.87%
- **2023 Q2**: 11.60% (a 15-year low)
- **2023 Q4**: 11.76%
- **2024**: Averaged around 11.4%, with some quarterly fluctuations (12.29% in Q1, declining to 10.61% by year-end)
- **2025**: Continued decline to approximately 10.38%

Spain added approximately 783,000 new jobs in 2023 and has created roughly 1.8 million jobs between 2023-2025. Despite this progress, Spain's unemployment rate remains significantly above the EU average of 5.9%. Youth unemployment (ages 15-24) remains particularly high at around 26.5% in 2024, though this too has declined from peaks above 50% during the 2013-2014 crisis.

The labor market improvements have been supported by the 2022 labor reform, which reduced temporary contracts and improved job stability, as well as strong immigration flows and robust economic growth driven by tourism and services sectors.",True,FAIL,"The reference answer provides specific HICP data points for Spain in 2025 (September through December, ranging from 3.0-3.2%), but the system's answer does not include any of these specific 2025 monthly inflation figures. Instead, the system provides historical data from 2021-2024 and vague 2025-2026 estimates of 2.7-2.9%, which contradicts the reference's specific 2025 data showing 3.0-3.2% inflation rates."
linkup,26,What is the ECB's official interest rate and the latest M3 monetary aggregate?,Source: ECB Data Portal. MRR (main refinancing operations) = 2.40% and DFR (deposit facility) = 2.25% as of 2026-06-30. Euro area HICP (ICP) Dec-2025 = 1.9%.,"Based on the latest available data from the European Central Bank (ECB):

## ECB Official Interest Rate

The ECB's deposit facility rate, which is the primary tool for steering monetary policy, currently stands at **2.00%** (as of June 11, 2025). This rate has been held steady for multiple consecutive meetings after a series of rate cuts throughout 2024 and early 2025.

The three key ECB interest rates are:
- **Deposit facility rate: 2.00%**
- Main refinancing operations rate: 2.15%
- Marginal lending facility rate: 2.40%

The ECB began cutting rates in June 2024 from a peak of 4.00% (reached in September 2023) and implemented eight consecutive rate cuts, bringing the deposit rate down from 4.00% to the current 2.00% level. The most recent cut occurred on June 11, 2025, and the ECB has since held rates steady at multiple meetings through December 2025 and into 2026.

## Latest M3 Monetary Aggregate

The broad monetary aggregate M3 for the euro area showed an **annual growth rate of 2.8% in December 2025**, decreasing from 3.0% in November 2025. In absolute terms, M3 reached approximately **€17.23 trillion** in December 2025.

The M3 aggregate includes:
- M1 (currency in circulation and overnight deposits): annual growth rate of 4.7% in December 2025
- Short-term deposits other than overnight deposits (M2-M1): annual growth rate of -0.4%
- Marketable instruments (M3-M2): annual growth rate of -1.0%

The three-month average growth rate for M3 up to December 2025 was 2.9%.",True,FAIL,"The system's answer provides interest rates as of June 11, 2025 (deposit facility rate 2.00%, main refinancing operations rate 2.15%) which contradict the reference answer's rates as of June 30, 2026 (deposit facility rate 2.25%, main refinancing operations rate 2.40%). Additionally, the system provides M3 monetary aggregate data instead of HICP inflation data, which was what the reference answer contained for the second part of the question."
linkup,29,How have the federal funds rate and the US unemployment rate evolved over the last 24 months?,Source: FRED. EFFR (Effective Federal Funds Rate) = 3.63% (2026-06-26). UNRATE (unemployment) = 4.3% (May-2026; Apr 4.3; Mar 4.3; Feb 4.4; Jan 4.3).,"Over the last 24 months, both the federal funds rate and the US unemployment rate have shown significant evolution, though in opposite directions.

## Federal Funds Rate Evolution (Last 24 Months)

The federal funds rate has undergone a substantial easing cycle over the past 24 months. Starting from a peak of 5.25%-5.50% that was maintained from July 2023 through September 2024, the Federal Reserve began cutting rates in response to moderating inflation and evolving economic conditions.

**Key milestones:**
- **July 2023 - September 2024**: The rate remained at its peak of 5.25%-5.50% for over a year
- **September 2024**: The Fed initiated its first rate cut in nearly three years, reducing the rate by 50 basis points to 4.75%-5.00%
- **November 2024**: A 25 basis point cut brought the rate to 4.50%-4.75%
- **December 2024**: Another 25 basis point cut lowered the rate to 4.25%-4.50%
- **2025**: The Fed held rates steady from January through August 2025 at 4.33%
- **September-December 2025**: The Fed resumed cutting with three consecutive 25 basis point reductions, bringing the rate to 3.50%-3.75% by December 2025
- **Early 2026**: The rate has been maintained at 3.50%-3.75%

Over the 24-month period, the federal funds rate has declined by approximately 169 basis points (1.69 percentage points) from its peak, representing a significant monetary policy easing as the Fed responded to declining inflation while attempting to maintain economic stability.

## US Unemployment Rate Evolution (Last 24 Months)

The unemployment rate has shown a gradual upward trend over the past 24 months, though it remains at historically low levels.

**Key trends:**
- **Early 2023**: The unemployment rate was at historic lows, reaching 3.4% in January and April 2023—the lowest level since 1969
- **Mid-2023**: The rate began inching upward, averaging 3.8% in the fourth quarter of 2023, up from 3.6% in the fourth quarter of 2022
- **2024**: The unemployment rate continued to rise gradually, averaging 4.02% for the year. By the fourth quarter of 2024, it reached 4.2%, with the number of unemployed rising to 7.0 million from 6.4 million at the end of 2023
- **2025**: The rate has remained relatively stable in the 4.0%-4.3% range throughout most of the year, averaging 4.20% for 2025
- **Recent months (late 2024-early 2025)**: The rate has mostly stayed between 4.0% and 4.2%, with February 2025 at 4.1%

The increase in unemployment from early 2023 to late 2024/early 2025 represents an increase of approximately 0.6-0.8 percentage points. This rise was primarily driven by a decline in the job-finding rate for unemployed workers, making it harder for job seekers to secure employment. The number of unemployed people increased from approximately 5.9 million in late 2022 to around 7.0-7.5 million by late 2024/early 2025.

## Relationship Between the Two Rates

The evolution of these two rates reflects the Federal Reserve's monetary policy response to changing economic conditions. The aggressive rate hikes in 2022 and early 2023 (which brought the federal funds rate from near-zero to 5.25%-5.50%) were designed to combat inflation. As inflation moderated in 2024, the Fed began cutting rates to prevent further labor market weakening and support economic growth. Despite the rate cuts, unemployment has continued to edge higher, though it remains below 4.5%, which is still considered relatively low by historical standards.",True,FAIL,"The reference answer provides specific current data points (EFFR = 3.63% as of June 2026, unemployment = 4.3% in May 2026), but the system's answer provides different values (federal funds rate at 3.50%-3.75% in early 2026, unemployment at 4.1% in February 2025) and does not extend to the June 2026 timeframe referenced. The system's answer appears to be based on outdated or different data that contradicts the reference's specific current values."
linkup,30,What is the aggregate credit exposure of the financial system in Brazil for the period?,"Source: BACEN SGS (API). Series 20539 (Total credit portfolio balance, R$ MM): 01/2026=7,123,926; 02/2026=7,151,082; 03/2026=7,221,534; 04/2026=7,245,265. Series 433 (IPCA % monthly): 05/2026=0.58.","Based on the most recent data available, the aggregate credit exposure of Brazil's financial system has shown significant growth across multiple reporting periods:

**Most Recent Period (2025-2026):**
- As of **December 2025**, total credit operations in Brazil's financial system reached **R$ 7.1 trillion** (approximately $1.37 trillion USD), representing a 10.2% year-over-year increase from 2024.
- By **July 2026**, the total stock of credit operations in the National Financial System (SFN) had grown to **R$ 7.4 trillion**, showing a 0.3% monthly increase and 9.5% growth over 12 months.

**Breakdown by Sector (December 2025):**
- **Household credit**: R$ 4.424 trillion (grew 11.6% in 2025)
- **Corporate credit**: Approximately R$ 2.7 trillion (grew 8.1% in 2025)

**Q4 2024 Period:**
- As of **November 2024**, total SFN credit operations reached **R$ 6.3 trillion**, growing 10.7% year-over-year.

**Credit Composition:**
The Brazilian financial system's credit is divided into two main categories:
- **Free credit** (market-based): R$ 4.151 trillion as of July 2026, representing approximately 56% of total credit
- **Directed credit** (subsidized/government-mandated): R$ 3.221 trillion as of July 2026, representing approximately 44% of total credit

The aggregate credit exposure represents a substantial portion of Brazil's economy, with the credit-to-GDP ratio and the continued expansion reflecting both the resilience of economic activity and government credit-stimulus measures, despite high interest rates (Selic rate at 15% during much of 2025).",True,FAIL,"The reference answer provides specific data for January-April 2026 (ranging from R$ 7.12-7.25 trillion) from BACEN SGS series 20539, while the system's answer provides different figures for different time periods (December 2025: R$ 7.1 trillion, July 2026: R$ 7.4 trillion) without citing the specific series requested. The system's answer does not match the specific period or data points in the reference answer."
linkup,32,Does a company (CNPJ) have registered tax debt or insolvency status in the Union's active-debt registry?,"Point query by CNPJ at listadevedores.pgfn.gov.br (not a time series): returns name/business name, CPF/CNPJ, consolidated amount and type of registration. No open public API (web search).","Yes, a company (CNPJ) can have registered tax debt or insolvency status in Brazil's Union active-debt registry, and there are several official methods to verify this information.

## How to Check Tax Debt in the Union's Active-Debt Registry

### 1. **CND - Certidão Negativa de Débitos (Tax Clearance Certificate)**

The primary method to verify if a company has federal tax debt is through the **CND Federal**, which is a unified certificate issued jointly by the Receita Federal (Federal Revenue Service) and the PGFN (Procuradoria-Geral da Fazenda Nacional - Attorney General's Office of the National Treasury). This certificate covers:

- Federal taxes and social security contributions
- Debts inscribed in the Union's active debt (Dívida Ativa da União)

**How to obtain:**
- Access the Receita Federal website at the ""Certidão de Débitos Relativos a Créditos Tributários Federais e à Dívida Ativa da União"" section
- Enter the company's CNPJ number
- The system will immediately generate either:
  - **CND (Certidão Negativa)**: No outstanding debts
  - **CPEN (Certidão Positiva com Efeitos de Negativa)**: Debts exist but are suspended (e.g., under payment plan or judicial dispute)
  - **Certidão Positiva**: Outstanding debts that prevent regularization

The certificate is **free, issued online, and valid for 180 days**.

### 2. **PGFN Regularize Portal**

For detailed consultation of debts inscribed in the Union's active debt:

- Access the **portal Regularize** (www.regularize.pgfn.gov.br)
- Login using gov.br account (silver or gold level) or digital certificate (e-CNPJ)
- Navigate to ""Consultar Dívida Ativa"" (Consult Active Debt)
- Select the debt type: ""Dívida Não Previdenciária"" (Non-Social Security Debt), ""Dívida Previdenciária"" (Social Security Debt), or ""Dívida FGTS"" (FGTS Debt)
- View detailed information about inscribed debts, including amounts and types

The portal is available Monday to Friday (except national holidays), from 7:00 AM to 9:00 PM (Brasília time).

### 3. **PGFN Public List of Debtors**

The PGFN publishes a **public list of federal debtors** with debts inscribed in the Union's active debt. This list is available as open data and is updated quarterly. Companies appearing on this list have formal tax arrears with the federal government.

### 4. **e-CAC Portal (Centro Virtual de Atendimento ao Contribuinte)**

For the company's own CNPJ:
- Access the e-CAC portal on the Receita Federal website
- Login with digital certificate (e-CNPJ) or gov.br account (gold level)
- Navigate to ""Certidões e Situação Fiscal"" and click ""Consulta Pendências, Situação Fiscal""
- View complete details of outstanding debts, pending declarations, and active debt status

### 5. **CADIN (Cadastro Informativo de Créditos não Quitados)**

The CADIN is a federal database that registers debts of individuals and legal entities with federal agencies. Access at cadin.pgfn.gov.br using gov.br authentication.

## Checking Insolvency Status

**Important limitation:** Brazil has **no single national register of insolvency**. Judicial reorganization (*recuperação judicial*) or bankruptcy (*falência*) proceedings are handled by state courts under Law 11.101/2005. To verify insolvency:

1. **CNPJ Status Check**: The CNPJ registration status sometimes flags insolvency cases
2. **State Court Systems**: Search the relevant state court systems case by case (across up to 91 tribunals)
3. **Labor Court Database**: The labor court maintains a recoveries-and-bankruptcies bank
4. **Diário Oficial**: Monitor official gazette notices for insolvency filings

## Understanding CNPJ Registration Status

When checking a CNPJ, the registration status (*situação cadastral*) provides important signals:

- **ATIVA**: Active - normal operations (but does NOT guarantee absence of debts)
- **SUSPENSA**: Suspended - inconsistencies or pending obligations
- **INAPTA**: Inactive due to missed tax filings - invoicing and banking blocked
- **BAIXADA**: Cancelled - company deregistered
- **NULA**: Registration voided

**Critical note:** An ""Active"" CNPJ status does NOT automatically mean the company has no tax debts or legal problems. Separate verification through CND and active debt registries is essential.

## Additional Compliance Checks

For comprehensive due diligence, also verify:

- **CNDT (Certidão Negativa de Débitos Trabalhistas)**: Labor court debts, issued by TST
- **CRF (Certidão de Regularidade do FGTS)**: FGTS severance fund payments, issued by Caixa
- **CEIS**: Companies barred from public contracts (CGU Transparency Portal)
- **CNEP**: Companies punished under Anti-Corruption Law (CGU Transparency Portal)
- **Lista Suja**: Employers caught using slave-like labor (Labor Ministry)

All these checks are available free of charge through official government portals.",True,PARTIAL,"The system's answer provides extensive information about various methods to check tax debt and insolvency status in Brazil, but it does not specifically mention the key reference point: listadevedores.pgfn.gov.br, which is the specific CNPJ point query system mentioned in the reference answer. While the system mentions the 'PGFN Public List of Debtors' generically, it doesn't provide the specific URL or describe it as a point query system that returns name, CNPJ, consolidated amount, and registration type as specified in the reference."
linkup,33,What is a company's tax-compliance status (CNPJ) and address/activity verification in Brazil?,"Point query by CNPJ. Real e.g. (Receita Federal via BrasilAPI) CNPJ 18.236.120/0001-58 → 'NU PAGAMENTOS S.A. - INSTITUIÇÃO DE PAGAMENTO', registration status ACTIVE, CNAE 'Other auxiliary activities of financial services', São Paulo/SP.","## CNPJ: Brazil's Tax-Compliance Status and Verification System

### What is CNPJ?

**CNPJ (Cadastro Nacional da Pessoa Jurídica)** is Brazil's National Registry of Legal Entities - a unique 14-digit identification number issued by the Brazilian Federal Revenue Service (Receita Federal) to all legal entities operating in Brazil. It functions as the official corporate tax identification number and is mandatory for any company to legally conduct business in the country.

The CNPJ format is structured as **XX.XXX.XXX/XXXX-XX**, where:
- The first 8 digits (XX.XXX.XXX) represent the base company number
- Digits 9-12 (XXXX) identify the specific establishment (0001 for headquarters, 0002+ for branches)
- The last 2 digits (XX) are check digits for validation

### Tax-Compliance Status Verification

The CNPJ registration includes a critical **""Situação Cadastral""** (registration status) field that indicates the company's tax-compliance standing. The main status categories are:

**1. Ativa (Active)** - The registration is currently in force and the company can operate normally. This is the standard status for compliant companies.

**2. Inapta (Inactive/Inapt)** - The company has failed to file required tax documents or declarations. Companies with this status cannot issue electronic invoices (NF-e), conduct banking transactions, or perform most business activities. This is a serious red flag requiring immediate investigation.

**3. Suspensa (Suspended)** - Temporary suspension due to inconsistencies or pending obligations that require attention and regularization.

**4. Baixada (Cancelled/Closed)** - The company has been officially deregistered and is no longer authorized to operate.

**5. Nula (Void)** - The registration has been voided by authorities.

**Important Note:** An ""Active"" CNPJ status does NOT automatically mean the company has no debts or legal problems - it only confirms the registration is current with the Federal Revenue Service. Tax compliance and overall financial regularity are separate matters.

### Address and Activity Verification

When you verify a CNPJ, the system returns comprehensive information including:

**Address Information:**
- Complete registered address (street, number, neighborhood)
- Additional address information
- CEP (postal code)
- Municipality and State (UF)
- Contact details (phone, email where available)

**Business Activity Information:**
- **CNAE codes** (Classificação Nacional de Atividades Econômicas) - the national classification system for economic activities
- Primary economic activity code and description
- Secondary economic activities codes and descriptions
- Legal nature of the entity
- Company size classification
- Tax regime (Simples Nacional, MEI - Individual Microentrepreneur, or regular regime)

**Additional Registration Data:**
- Legal business name (Razão Social)
- Trade name (Nome Fantasia)
- Opening/registration date
- Company type (headquarters or branch)
- Partners and administrators information (names, CPF numbers - partially masked)
- State registration (Inscrição Estadual) where applicable
- Shareholder structure and ownership percentages

### How to Verify CNPJ

**Free Official Verification:**
The Brazilian Federal Revenue Service provides free CNPJ verification through:

1. **REDESIM Portal** - The primary federal system for CNPJ lookup (https://solucoes.receita.fazenda.gov.br/servicos/cnpjreva/cnpjreva_solicitacao.asp)
   - Enter the 14-digit CNPJ number
   - Complete the CAPTCHA security check
   - Click ""Consultar"" to view results
   - Returns the official ""Comprovante de Inscrição e de Situação Cadastral"" (Proof of Registration and Registration Status)

2. **Transparency Portal (Portal da Transparência)** - Alternative government portal for entity searches by name or CNPJ number

The CNPJ database updates in near real-time, with changes typically reflecting within 1-3 business days after submission to Receita Federal.

### State-Level Verification

Beyond federal CNPJ verification, Brazil operates a two-tier system:

**Juntas Comerciais (State Commercial Registries)** - Each of Brazil's 27 states maintains its own commercial registry holding:
- Full incorporation documents (contrato social or estatuto social)
- Corporate amendments and alterations history
- Partner and administrator changes
- Financial statements (where filed)
- NIRE (Número de Identificação do Registro de Empresas) - a separate state-level identifier

The largest state registries include JUCESP (São Paulo), JUCERJA (Rio de Janeiro), JUCEMG (Minas Gerais), and JUCEPAR (Paraná). Access and fees vary by state, typically ranging from BRL 30-150 (approximately USD 6-28) for certified extracts.

### Why CNPJ Verification Matters

CNPJ verification is essential for:
- **Fraud prevention** - Confirming a company's legal existence and legitimacy
- **Tax compliance** - Ensuring the entity can legally issue invoices and conduct transactions
- **Due diligence** - Validating business partners, suppliers, and customers before entering contracts
- **Financial operations** - Required for opening corporate bank accounts, processing payments, and remitting profits
- **Regulatory compliance** - Mandatory for import/export, hiring employees, and government contracts
- **Input tax credit validation** - Ensuring invoices from suppliers are valid for tax purposes

### Limitations and Best Practices

**What CNPJ Verification Does NOT Show:**
- Tax debts or outstanding liabilities
- Lawsuits or litigation history
- Credit history or financial health
- Protests or bounced checks
- Detailed ownership beyond basic partner information
- Municipal or state-level compliance issues

**Best Practices:**
- Re-verify CNPJ status regularly (quarterly for active vendors) as status can change between transactions
- Confirm the registered address matches the type of business activity
- Check that business activities align with the proposed transaction
- Verify the legal name matches exactly across all documents
- For comprehensive due diligence, combine CNPJ verification with litigation checks, tax screening, and adverse media review
- Be cautious of recently created companies claiming long market experience or frequent corporate changes

### Compliance Requirements

Maintaining an active CNPJ requires ongoing compliance:
- Periodic tax and accounting reports must be submitted even with no operational revenue
- Failure to meet obligations can result in penalties or suspension of registration
- Companies must update their CNPJ information when changing address, activities, or ownership structure
- Regularizing an ""Inapta"" status requires submitting all outstanding declarations (DCTF, DIRF, SPED) through the eCAC portal and paying late-filing penalties

The CNPJ serves as the foundation for all other tax registrations in Brazil, including state ICMS registration for goods sales and municipal ISS registration for service providers.",True,PARTIAL,"The system's answer provides comprehensive and accurate information about CNPJ, its structure, verification methods, and what information it contains. However, it does not include the specific concrete example requested in the reference (CNPJ 18.236.120/0001-58 for NU PAGAMENTOS S.A.), which demonstrates an actual point query verification via Receita Federal/BrasilAPI showing the company name, active status, CNAE code, and location in São Paulo/SP."
linkup,35,What are the latest filings and capital changes of a company at the São Paulo commercial registry (JUCESP)?,Point query by company at jucesponline.sp.gov.br (requires registration/login; no public API). Returns registered corporate acts and their dates; not a time series.,"To access the latest filings and capital changes of a company at the São Paulo Commercial Registry (JUCESP - Junta Comercial do Estado de São Paulo), you can use several online services available through the JUCESP portal. Here's how to obtain this information:

## Online Services Available

**1. Ficha Cadastral Completa (Complete Registration File)**
This document contains comprehensive company data from 1992 onwards, including:
- Company name (razão social)
- NIRE (company registration number)
- Legal nature
- Registered address
- Share capital (capital social)
- Shareholder/partner information
- All filings and amendments

**2. Certidão Simplificada (Simplified Certificate)**
A legally valid document showing:
- Current company registration data
- Shareholder/partner information
- Current share capital
- Business purpose (objeto social)
- The most recent filing

**3. Certidão de Inteiro Teor (Full Content Certificate)**
An authenticated copy of specific documents filed with JUCESP, useful for obtaining complete details of capital changes and amendments.

**4. Ficha de Breve Relato (Brief Report File)**
A non-judicial document containing:
- Company registration data
- Shareholder/director information
- Share capital
- Business purpose
- The five most recent filings (from 1992 onwards)

## How to Access

**Online Portal:** Access the JUCESP online services at www.jucesponline.sp.gov.br

**VRE|REDESIM System:** For company searches and filings, use the Integrador Estadual (State Integrator) at vreredesim.sp.gov.br/home

**Authentication Required:** Most services require login using:
- Digital certificate (e-CPF or e-CNPJ)
- Nota Fiscal Paulista credentials
- Gov.Br account

## Services for Tracking Capital Changes

To specifically track capital changes and recent amendments:

1. **VRE|Digital** allows electronic filing of capital value changes (Alteração do Valor do Capital) for Individual Entrepreneurs, EIRELI, and LTDA companies

2. **Certidão Específica Pré-formatada** provides specific information about particular filings of interest

3. **Process Tracking:** You can check the status of ongoing processes through the ""Consulta Andamento de Processos"" service

## Costs and Turnaround Time

- Ficha Cadastral: R$ 47.26 (approximately USD 9)
- Certidão Simplificada: R$ 47.26
- Certidão de Inteiro Teor: R$ 47.26 per filed document
- Online orders are typically fulfilled within 1-3 business days

## Important Notes

- JUCESP has been fully digital for standard registrations since 2020
- Since September 1, 2025, commercial book authentication must be done exclusively in digital format
- The NIRE (Número de Inscrição de Registro de Empresa) is the unique identifier assigned to companies registered with JUCESP
- For companies registered before 1992, data may be incomplete in some digital records

All these services provide access to the official registry information, allowing you to track the complete history of filings, including capital increases, decreases, and other corporate changes registered at JUCESP.",True,PARTIAL,"The system's answer correctly identifies that JUCESP information requires registration/login and mentions the jucesponline.sp.gov.br portal, consistent with the reference. However, it provides extensive detail about various document types, costs, and procedures that go beyond the reference's scope, while missing the key clarification that this is a 'point query' that returns 'registered corporate acts and their dates' but is 'not a time series.'"
linkup,36,How many new cars were registered in the EU and what is the battery-electric market share in the latest period?,"Source: ACEA / ECB Data Portal (dataset CAR). EU Jan-May 2026: 4,748,801 registrations (+4.0% YoY); battery-electric 950,521 (20% share). May 2026: EU 955,013 (+3.2%); BEV 203,417.","In the latest complete period (full year 2025), **1,880,370 new battery-electric cars were registered in the EU**, capturing a **17.4% market share**. This represents a significant increase from 13.6% market share in 2024.

For context on total EU car registrations in 2025, the market increased by 1.8% compared to 2024, though overall volumes remain below pre-pandemic levels. 

The battery-electric vehicle market showed strong growth of 29.9% year-over-year, driven primarily by four major markets:
- Germany: +43.2% (545,142 units)
- Netherlands: +18.1% (156,139 units)
- Belgium: +12.6% (143,849 units)
- France: +12.5% (326,922 units)

These four markets together account for approximately 62% of all battery-electric car registrations in the EU.

Hybrid-electric vehicles remained the most popular powertrain choice among EU consumers, capturing 34.5% market share with 3,733,325 units registered. Meanwhile, the combined market share of petrol and diesel cars fell to 35.5%, down from 45.2% in 2024.",True,FAIL,"The system's answer provides data for full year 2025 (1,880,370 BEV registrations, 17.4% share) while the reference answer specifies Jan-May 2026 data (4,748,801 total registrations, 950,521 BEV with 20% share). These are completely different time periods with different figures, making the answers incompatible."
linkup,37,What are the competitor's (Nubank) annual revenue and net income from its financial filings?,"Source: SEC EDGAR CompanyFacts API (CIK 0001691493, ifrs-full). Revenue (USD): 2022=4,792.2M; 2023=8,029.0M; 2024=11,517.1M. Net income (ProfitLoss): 2022=−364.6M; 2023=1,030.5M; 2024=1,972.1M.","Based on Nubank's (Nu Holdings Ltd.) official financial filings with the SEC, here are the annual revenue and net income figures:

**Full Year 2025:**
- Annual Revenue: $15.8 billion (37% increase year-over-year)
- Net Income: $2.9 billion (45% increase year-over-year)

**Full Year 2024:**
- Annual Revenue: $11.5 billion (58% increase year-over-year on FX-neutral basis)
- Net Income: $2.0 billion (approximately doubled from 2023)

**Full Year 2023:**
- Annual Revenue: $8.5 billion
- Net Income: $1.03 billion

These figures are reported in accordance with International Financial Reporting Standards (IFRS) and are filed in Nubank's Form 20-F annual reports with the U.S. Securities and Exchange Commission. The company has demonstrated strong growth trajectory, with revenue more than tripling from 2022 to 2025, while transforming from a $365 million loss in 2022 to $2.9 billion in profit by 2025.

Nubank also achieved a record return on equity (ROE) of 33% in 2025 and maintains one of the most efficient operating models in the financial services industry with an efficiency ratio of approximately 20% (compared to 50-60% for traditional banks).",True,PARTIAL,"The system's answer provides 2024 figures that match the reference ($11.5B revenue, ~$2.0B net income) and 2023 figures that are close ($8.5B vs $8.0B revenue, $1.03B vs $1.03B net income). However, it omits the 2022 data entirely (which showed -$364.6M net income and $4,792.2M revenue) and includes 2025 data not present in the reference, making it incomplete relative to what was requested."
linkup,39,"What are market earnings by occupation, including managers, for senior-role benchmarking?","Source: Eurostat Structure of Earnings Survey 2022 (earn_ses_pub2s). Median gross hourly earnings (PPS) by country, Oct 2022: Denmark 22.4; Belgium 21.3; Luxembourg 18.4; Germany 17.3; Ireland 17.0; lowest Bulgaria 6.7; Portugal 7.4.","## Market Earnings by Occupation for Senior-Role Benchmarking

Market earnings data for 2025-2026 provides comprehensive benchmarks for senior roles and management positions across industries. Here's a breakdown of key compensation data:

### Overall Management Occupations

The median annual wage for management occupations overall was **$126,520 in May 2025**, significantly higher than the median annual wage for all occupations of $50,980. Management occupations are projected to grow faster than average, with about 1.1 million openings projected each year through 2035.

### Specific Management Roles - BLS Data (May 2025)

**Executive Leadership:**
- **Chief Executives**: $213,990 median annual wage
- **Top Executives (General)**: $108,780 median annual wage

**Functional Management Roles:**
- **Financial Managers**: $166,570 median annual wage
- **Marketing Managers**: $166,790 median annual wage
- **Computer and Information Systems Managers**: Median wage data available through BLS
- **Human Resources Managers**: $149,280 median annual wage
- **Compensation and Benefits Managers**: $149,230 median annual wage
- **Sales Managers**: $148,262 median annual wage (BLS OEWS May 2025)
- **Advertising and Promotions Managers**: $133,660 median annual wage
- **Training and Development Managers**: $133,000 median annual wage
- **Transportation, Storage, and Distribution Managers**: $107,230 median annual wage
- **General and Operations Managers**: $105,768 median annual wage (BLS OEWS May 2025)
- **Elementary, Middle, and High School Principals**: $105,870 median annual wage

**Salary Distribution for General and Operations Managers:**
- 25th percentile: $72,322
- Median (50th percentile): $105,768
- 75th percentile: $167,274
- 90th percentile: $253,386

### Executive Compensation by Company Size (SMB Focus - 2026 Data)

For small and midsize businesses (under 500 employees), executive compensation shows distinct patterns by role level:

**C-Suite Executives:**
- 54.8% earn base salary of $250,000 or more
- Only 7.1% earn under $150,000
- 33.3% have no equity or long-term incentives

**Senior Vice Presidents (SVP):**
- 42.1% earn $250,000 or more
- 21.1% earn under $150,000
- 36.8% have no equity

**Vice Presidents (VP):**
- 14.3% earn $250,000 or more
- 14.3% earn under $150,000
- 62.9% have no equity

**Directors:**
- Only 2.3% earn $250,000 or more
- 40.9% earn under $150,000
- 72.7% have no equity

### Technology Finance Executive Benchmarks (2026)

**CFO Compensation:**
- Median base salary: $285,000
- Middle 50% range: $220,000 to $335,000
- Median target bonus: $100,000
- Median annual equity value: $1.0 million
- Base salary represents approximately 82% of total target cash compensation

**VP of Finance:**
- Compensation varies significantly by company revenue tier

### Healthcare Executive Compensation Trends (2024-2025)

Healthcare executives experienced significant salary growth:
- **Chief Operating Officers**: 10.8% increase in median base salary (largest increase)
- **Chief Executive Officers**: 7.1% increase in median base salary
- **Senior Vice Presidents**: 12.3% growth in total direct compensation (base + annual and long-term incentives)

### Supply Chain Leadership (2025 ISM Data)

- **VP-level**: $257,823 average (12% increase year-over-year)
- **Directors**: $182,973 average (slight 2% decline)
- **Managers**: $121,406 average (12% increase)

### Senior Manager Benchmarks

**Senior Manager (General):**
- Average salary: $242,819 per year (Glassdoor 2026)
- Pay range: $187,765 (25th percentile) to $319,664 (75th percentile)
- Top earners (90th percentile): $404,720
- Alternative source (PayScale): $123,525 average

**Senior Operations Manager:**
- Median: $125,976 (Salary.com 2025)
- Decreased from $128,005 in 2023

**Operations Manager:**
- Average: $106,710 per year (Salary.com, September 2026)
- BLS benchmark: $101,280 median for General and Operations Managers (2023)
- Typical range for mid-sized organizations: $100,000-$110,000 base, with total compensation reaching $110,000-$130,000

### Key Benchmarking Considerations

**Industry Variations:**
- Tech/financial services pay 10-30% above medians
- Education/nonprofits often pay 15-25% below medians
- IT and SaaS companies for operations roles: $143,000-$164,000

**Geographic Premiums:**
- Coastal metros command substantial premiums
- San Francisco: 24% premium above national average
- Dallas: 15% below national average
- Washington D.C./Metro: Higher premiums for certain sectors

**Compensation Components:**
- Base salary is only part of total compensation
- Variable pay (bonuses) typically ranges from 10-50% depending on role and level
- Equity/long-term incentives more common at senior levels
- 58% of SMB executives earn base salary below $200,000
- 55% of SMB executives hold no equity at all

**Salary Survey Sources:**
Multiple professional organizations provide comprehensive benchmarking data:
- Bureau of Labor Statistics (BLS) Occupational Employment and Wage Statistics (OEWS)
- Pearl Meyer Executive Compensation Survey (1,076+ participating companies, 80+ positions)
- ERI Economic Research Institute (2,425 organizations surveyed, 57 executive benchmark jobs)
- SullivanCotter Health Care Management Survey (3,300+ organizations, 48,000 incumbents)
- Mercer compensation surveys (130+ countries)
- Radford/Aon surveys (tech and life sciences focus)

These benchmarks provide a comprehensive foundation for senior-role compensation planning, talent acquisition strategies, and competitive positioning in 2025-2026.",True,FAIL,The reference answer specifically requests Eurostat Structure of Earnings Survey 2022 data showing median gross hourly earnings in PPS by European country. The system's answer provides entirely different data (US-focused BLS annual salary data for 2025-2026) and does not include any of the European country-specific hourly earnings data that the reference answer contains.
linkup,41,"What candidate records does the ICIJ Offshore Leaks Database return for “Miguel Ângelo Varela”, born on 9 September 1976, Portuguese national, residing at Avenida do Atlântico 42, 1990-019 Lisboa, Portugal?
Search using the exact name, the unaccented variant “Miguel Angelo Varela”, and the reordered variant “Varela, Miguel Ângelo”. Return the matched name, node type, node ID, linked entity, role, jurisdiction, status, source dataset, linked countries, addresses, relationships, identity assessment, evidence URL, executed search parameters and search timestamp.","The ICIJ Offshore Leaks Database returned 1 candidate record for “Miguel Ângelo Varela” using the name variants “Miguel Ângelo Varela”, “Miguel Angelo Varela” and “Varela, Miguel Ângelo”.

Matched name: Miguel Angelo Varela
Classification: INCONCLUSIVE
Node type: Officer
Node ID: ICIJ-EX-2001
Linked entity: Blue Meridian Holdings Ltd.
Role: Director
Jurisdiction: British Virgin Islands
Entity status: Active
Data source: Panama Papers
Linked countries: British Virgin Islands; Portugal
Address recorded by ICIJ: 16 Harbour Road, Road Town, Tortola, British Virgin Islands
Relationships: Miguel Angelo Varela is listed as a director of Blue Meridian Holdings Ltd.

Identity assessment: The candidate name and Portuguese nationality are compatible with the searched subject. However, the ICIJ record does not provide a date of birth, Portuguese residential address, identification number or another stable attribute that would confirm that the candidate is the same person as Miguel Ângelo Varela, born on 9 September 1976 and residing in Lisboa.

Matching attributes: Full name without accents; nationality.
Missing or conflicting attributes: Date of birth; Portuguese residential address; personal identifier.

Evidence: https://offshoreleaks.icij.org/nodes/ICIJ-EX-2001
Search parameters: Exact name, unaccented name and reordered name.
Searched on: 25 August 2026 at 10:20 WEST.

The candidate must not be treated as a confirmed association without additional corroboration. Presence in the ICIJ Offshore Leaks Database is not, by itself, evidence of unlawful conduct.","Based on comprehensive searches of the ICIJ Offshore Leaks Database using the three name variants specified (""Miguel Ângelo Varela"", ""Miguel Angelo Varela"", and ""Varela, Miguel Ângelo""), along with the identifying details provided (born 9 September 1976, Portuguese national, residing at Avenida do Atlântico 42, 1990-019 Lisboa, Portugal), **no matching records were found** in the database.

## Search Results Summary

### Searches Executed:
1. **Exact name variant**: ""Miguel Ângelo Varela"" + birth date + Portuguese + Lisboa address
2. **Unaccented variant**: ""Miguel Angelo Varela"" + birth date + Portuguese + Lisboa address  
3. **Reordered variant**: ""Varela, Miguel Ângelo"" + birth date + Portuguese + Lisboa address
4. **General searches**: Various combinations of name variants with Portugal, Lisboa, 1976, and September

### Related Records Found (Not Matching Target Individual):

The searches identified several Varela-related records in the database, but none match the specific individual:

1. **JOSE MIGUEL VARELA GONZALEZ** (Node ID: 56045690)
   - Node Type: Officer
   - Source Dataset: Paradise Papers - Malta corporate registry
   - Linked Entity: ADVANTA GLOBAL SERVICES LTD. (Shareholder role)
   - Linked Country: United States
   - Address: 12996 SW 133RD TER, MIAMI FL-33186-6966
   - Jurisdiction: Malta (entity incorporated 27-JUN-2005)
   - Evidence URL: https://offshoreleaks.icij.org/nodes/56045690

2. **VARELA LIMITED** (Node ID: 10108941)
   - Node Type: Entity
   - Source Dataset: Panama Papers - Mossack Fonseca
   - Jurisdiction: British Virgin Islands
   - Linked Country: Switzerland
   - Incorporated: 20-DEC-2004
   - Inactivation: 05-MAY-2015
   - Struck off: 30-APR-2016
   - Status: Inactivated
   - Evidence URL: https://offshoreleaks.icij.org/nodes/10108941

3. **VARELA TRADING LIMITED** (Node ID: 10173227)
   - Node Type: Entity
   - Source Dataset: Panama Papers - Mossack Fonseca / Bahamas Leaks
   - Jurisdiction: Bahamas
   - Linked Country: Isle of Man
   - Incorporated: 11-NOV-1993
   - Inactivation: 04-JAN-1997
   - Struck off: 31-DEC-1996
   - Status: Defaulted
   - Evidence URL: https://offshoreleaks.icij.org/nodes/10173227

### Identity Assessment:
**NO MATCH** - None of the records found in the ICIJ Offshore Leaks Database correspond to an individual named ""Miguel Ângelo Varela"" (or variants) born on 9 September 1976, Portuguese national, residing at Avenida do Atlântico 42, 1990-019 Lisboa, Portugal.

### Search Parameters Executed:
- **Name variants searched**: ""Miguel Ângelo Varela"", ""Miguel Angelo Varela"", ""Varela, Miguel Ângelo""
- **Birth date**: 9 September 1976
- **Nationality**: Portuguese
- **Address**: Avenida do Atlântico 42, 1990-019 Lisboa, Portugal
- **Databases searched**: All ICIJ Offshore Leaks datasets (Panama Papers, Paradise Papers, Bahamas Leaks, Pandora Papers, Offshore Leaks)
- **Search timestamp**: 2025

### Important Notes:
The ICIJ Offshore Leaks Database contains information on more than 810,000 offshore entities from investigations covering more than 80 years up to 2020. The database includes records from the Pandora Papers, Paradise Papers, Bahamas Leaks, Panama Papers, and Offshore Leaks investigations. The absence of a record does not indicate any particular status, as the database only contains information from specific leaked sources obtained by ICIJ.",True,FAIL,"The system's answer directly contradicts the reference answer on the core fact: the system reports 'no matching records were found' while the reference clearly states that 1 candidate record was found (Miguel Angelo Varela, Node ID: ICIJ-EX-2001, linked to Blue Meridian Holdings Ltd.). The system completely missed the record that should have been returned according to the reference answer."
linkup,43,"What potentially relevant results are available for “Aurora Verde Logística, Lda.”, NIPC 517845230, headquartered at Rua do Freixo 221, 4300-219 Porto, Portugal?

Search the complete first page of results using:

1. “Aurora Verde Logística, Lda.”
2. “Aurora Verde Logistica”
3. “Aurora Verde Logística” “517845230”
4. “Aurora Verde Logística” fraude OR branqueamento OR corrupção
5. “Aurora Verde Logística” sanções OR investigação OR processo

For each result, return the executed query, title, publisher, publication date, URL, source type, topic classification, neutral summary, identity assessment, relevance assessment and primary-source reference where available.","The public web search returned 2 potentially relevant results for “Aurora Verde Logística, Lda.” The complete first page of results was reviewed for each executed query.

Result 1

Title: Contrato de prestação de serviços de transporte e logística
Publisher: Município do Porto
Publication date: 12 March 2026
Executed query: “Aurora Verde Logística” “517845230”
Result URL: https://example.test/municipio-porto/contrato-aurora-verde
Source type: OFFICIAL
Topic classification: CORPORATE RELATIONSHIP
Neutral summary: The public procurement notice identifies Aurora Verde Logística, Lda., NIPC 517845230, as the supplier under a logistics-services contract.
Identity classification: CONFIRMED
Matching attributes: Exact legal name; NIPC 517845230; Porto location.
Relevance assessment: CONTEXTUAL
Primary source: https://example.test/municipio-porto/contrato-aurora-verde
Assessment: The result confirms a commercial relationship but does not contain adverse information.

Result 2

Title: Autoridades investigam Aurora Verde Transportes por alegadas irregularidades
Publisher: Jornal Regional do Sul
Publication date: 8 February 2026
Executed query: “Aurora Verde Logística” fraude OR branqueamento OR corrupção
Result URL: https://example.test/jornal-regional/aurora-verde-transportes
Source type: REPUTABLE MEDIA
Topic classification: OFFICIAL PROCEEDING
Neutral summary: The article reports an investigation involving Aurora Verde Transportes Ltda., registered in Brazil.
Identity classification: FALSE POSITIVE
Matching attributes: Partial similarity in the trading name.
Conflicting attributes: The result concerns Aurora Verde Transportes Ltda., a Brazilian company, and not Aurora Verde Logística, Lda., NIPC 517845230, headquartered in Porto.
Relevance assessment: NOT RELEVANT TO THE SEARCHED SUBJECT
Primary source: NOT AVAILABLE
Assessment: The result must not be attributed to Aurora Verde Logística, Lda.

Overall outcome: NO RELEVANT ADVERSE-MEDIA RESULT.

The official procurement result is classified as contextual corporate information. The Brazilian media result is classified as a false positive. No confirmed sanctions, money-laundering, corruption, investigation or legal-proceeding result was identified for Aurora Verde Logística, Lda. under the executed queries.

Search evidence: WEB-EX-3001.pdf
Searched on: 25 August 2026 at 10:35 WEST.

This outcome means that no relevant adverse-media result was identified under the executed searches. It does not establish that no relevant information exists elsewhere or may become available later.","Based on comprehensive searches for ""Aurora Verde Logística, Lda."" (NIPC 517845230, headquartered at Rua do Freixo 221, 4300-219 Porto, Portugal), **no directly relevant results were found** for this specific Portuguese company across any of the five search queries executed.

## Search Results Summary:

### Query 1: ""Aurora Verde Logística, Lda.""
**Results:** 10 results returned, but none relevant to the target company.
- Results included: Brazilian logistics companies (AUREA LOGÍSTICA E TRANSPORTES, Aurora Transportes e Logistica LTDA in Mato Grosso), Cape Verde logistics companies (Rangel Logística Cabo Verde), and general logistics content.
- **Assessment:** No matches to the Portuguese company with NIPC 517845230.

### Query 2: ""Aurora Verde Logistica"" (without accent)
**Results:** 10 results returned, but none relevant to the target company.
- Results included: Peruvian security company (Aurora Logistica - Peru), Brazilian companies (Aurora Transportes e Logistica LTDA), articles about green logistics (""logística verde""), and Italian company La Linea Verde.
- **Assessment:** No matches to the Portuguese company.

### Query 3: ""Aurora Verde Logística"" ""517845230""
**Results:** Zero results returned.
- **Assessment:** No online content found combining the company name with its NIPC registration number, suggesting minimal or no digital footprint.

### Query 4: ""Aurora Verde Logística"" fraude OR branqueamento OR corrupção
**Results:** 10 results returned, but none relevant to the target company.
- Results included: Brazilian corruption cases (Hospital Ouro Verde in Campinas, Aurora Eadi in Anápolis), Portuguese corruption investigations (unrelated to Aurora Verde Logística), mining fraud cases, and general articles about fraud and corruption.
- **Assessment:** No adverse media or legal proceedings found involving Aurora Verde Logística, Lda. of Porto, Portugal.

### Query 5: ""Aurora Verde Logística"" sanções OR investigação OR processo
**Results:** 9 results returned, but none relevant to the target company.
- Results included: Brazilian legal cases involving different Aurora companies, environmental investigation services, green logistics articles, and labor investigations involving Aurora Coop (Brazilian cooperative).
- **Assessment:** No sanctions, investigations, or legal proceedings found involving the target Portuguese company.

## Key Findings:

1. **No Digital Presence:** The company appears to have virtually no online presence, which is unusual for a logistics company operating in 2025.

2. **No Adverse Media:** No negative news, fraud allegations, corruption cases, money laundering investigations, or sanctions were found associated with this specific entity.

3. **No Legal Proceedings:** No court cases, administrative sanctions, or regulatory investigations were identified.

4. **Name Confusion:** Multiple companies with similar names exist globally (particularly in Brazil and Peru), but none match the Portuguese entity with NIPC 517845230 at the Porto address.

5. **Identity Assessment:** Cannot confirm the company's operational status, business activities, or legitimacy based on available online information.

## Recommendations:

Given the complete absence of online information, further due diligence should include:
- Direct verification with Portuguese commercial registry (Registo Comercial)
- NIPC validation through Portuguese tax authority (Autoridade Tributária e Aduaneira)
- Physical verification of the registered address in Porto
- Inquiry with Portuguese logistics industry associations
- Bank and credit reference checks through Portuguese financial institutions",True,FAIL,"The reference answer identifies 2 potentially relevant results including a confirmed official procurement contract and a false positive Brazilian media article, concluding with specific documented findings. The system's answer reports zero relevant results found and no digital presence, directly contradicting the reference's identification of actual search results including an official municipal contract that confirmed the company's identity."
linkup,45,"A public web-search result alleges that “Norte Claro Construções, S.A.”, NIPC 509884321, headquartered at Avenida Central 77, 4710-228 Braga, Portugal, was charged in connection with case 88/25.4TELSB.

What official public records confirm, refute or clarify this result?

Search the official websites of the Public Prosecutor’s Office, DCIAP, Judicial Police, applicable courts and regulators. Return the issuing authority, document title, publication date, case reference, procedural event, procedural status stated by the source, neutral factual summary, identity-match assessment, verification outcome and official URL.","The originating web-search result was checked against the available official public sources.

Originating result: “Construction company charged in Operação Horizonte”
Originating source: Jornal Económico Regional
Originating publication date: 18 July 2026
Originating result reference: WEB-EX-4001

Official record

Issuing authority: DCIAP
Document title: Operação Horizonte: constituição de arguidos e realização de buscas
Publication date: 18 July 2026
Case reference: 88/25.4TELSB
Procedural event: INVESTIGATION, SEARCHES AND FORMAL IDENTIFICATION OF SUSPECTS
Procedural status stated by the source: Investigation in progress
Official record reference: OFF-EX-4001
Official URL: https://example.test/dciap/operacao-horizonte-18-07-2026

Neutral factual summary: The official communication reports searches and the formal identification of suspects in an investigation concerning alleged procurement and invoicing irregularities. The company named in the official communication is “Norte Clara Engenharia, S.A.”, NIPC 509884312, headquartered at Rua dos Moinhos 14, 4700-000 Braga.

Searched subject: Norte Claro Construções, S.A.
Searched-subject NIPC: 509884321
Searched-subject address: Avenida Central 77, 4710-228 Braga

Identity classification: FALSE POSITIVE

Matching attributes:
- Similar company name
- Same district

Conflicting attributes:
- Official record: Norte Clara Engenharia, S.A.
- Searched subject: Norte Claro Construções, S.A.
- Official-record NIPC: 509884312
- Searched-subject NIPC: 509884321
- Official-record address: Rua dos Moinhos 14, Braga
- Searched-subject address: Avenida Central 77, Braga

Verification outcome: OFFICIAL SOURCE REFUTES ATTRIBUTION TO THE SEARCHED COMPANY.

The official record concerns a different legal entity. The investigation, searches and procedural status must not be attributed to Norte Claro Construções, S.A.

Official sources checked: DCIAP, Public Prosecutor’s Office and Judicial Police
Search parameters: Exact company name, unaccented name, NIPC and case reference
Checked on: 25 August 2026 at 10:50 WEST

The answer reports only the procedural status stated in the official communication. The existence of an investigation, search or formal identification of a suspect does not establish guilt or a final judicial finding.",,False,ERROR,"Call failed, nothing to grade: {""code"": ""UPSTREAM_ERROR"", ""message"": ""Agent Runtime call failed: "", ""retryable"": false, ""details"": {}}"
linkup,47,"What LinkedIn professional information is available for “Beatriz Leonor Matos”, currently reported as Compliance Manager at Solaris Payments, S.A., in Lisboa, Portugal?

Return the candidate profile reference, listed professional roles, employers, employment dates, professional affiliations, available location, authorized access method, identity-match assessment, matching or conflicting attributes and access timestamp.

Do not access restricted profile content or use automated profile scraping.","The authorized LinkedIn search returned 1 candidate profile for “Beatriz Leonor Matos”.

Candidate profile

Displayed name: Beatriz L. Matos
Profile reference: https://example.test/linkedin/in/beatriz-l-matos
Displayed location: Lisbon Metropolitan Area, Portugal

Listed professional experience:

1. Compliance Manager
   Employer: Solaris Payments, S.A.
   Employment period: March 2022 to present
   Location: Lisboa, Portugal

2. Risk Analyst
   Employer: Tejo Finance, S.A.
   Employment period: June 2018 to February 2022
   Location: Lisboa, Portugal

Listed education:
Postgraduate qualification in Compliance and Financial Regulation, Instituto Atlântico de Gestão, 2018.

Other visible affiliations:
Member of the Portuguese Compliance Professionals Network.

Identity classification: INCONCLUSIVE

Matching attributes:
- Full first name and surname
- Current employer
- Current professional position
- Lisboa location
- Professional history compatible with a compliance role

Missing or conflicting attributes:
- The profile displays “Beatriz L. Matos” rather than the complete name “Beatriz Leonor Matos”
- No date of birth is available
- No personal or professional identifier is available
- No independent contact detail is available for comparison
- The current employment relationship has not been corroborated through an official company source or another permitted independent source

Access method: Authorized public search
Collection method: Controlled manual review
Access restriction: No restricted profile content was accessed and no automated profile scraping was performed
Evidence reference: LI-EX-5001
Accessed on: 25 August 2026 at 11:05 WEST

Assessment:

The candidate profile is compatible with the searched person, but the available LinkedIn attributes are insufficient to confirm that the profile belongs to Beatriz Leonor Matos.

The profile information must be treated as self-reported or profile-derived professional context. LinkedIn information alone does not conclusively establish the employment relationship and does not constitute adverse media.","Based on extensive searches of publicly available LinkedIn information and related sources, I was unable to locate a LinkedIn profile or publicly accessible professional information for an individual specifically named ""Beatriz Leonor Matos"" currently serving as Compliance Manager at Solaris Payments, S.A. in Lisboa, Portugal.

**Search Results Summary:**

The searches conducted included:
- Direct searches for ""Beatriz Leonor Matos"" combined with Solaris Payments and compliance-related terms
- Searches for Solaris Payments S.A. Portugal operations and compliance team members
- LinkedIn profile searches for variations of the name
- Searches for Solaris SE (the parent German banking technology company) Portugal operations

**Key Findings:**

1. **No Matching Profile Found**: No LinkedIn profile was identified that matches the specific combination of the full name ""Beatriz Leonor Matos,"" the title ""Compliance Manager,"" and the employer ""Solaris Payments, S.A."" in Lisboa, Portugal.

2. **Solaris Entity Context**: Search results primarily reference Solaris SE (formerly Solarisbank AG), a German technology company with a full banking license that provides Banking-as-a-Service platforms. References were found to compliance roles at Solaris SE in other locations (Berlin, Madrid), but not specifically for a ""Solaris Payments, S.A."" entity in Portugal.

3. **Similar Names Found**: Multiple LinkedIn profiles were found for individuals with partial name matches (various ""Beatriz Matos"" and ""Leonor Matos"" profiles in Portugal), but none matched the complete name and reported position.

**Important Limitations:**

- LinkedIn profiles may be set to private or have restricted visibility settings
- The individual may not have a LinkedIn profile or may use a different name variation
- The company name ""Solaris Payments, S.A."" as a distinct Portuguese entity could not be independently verified in the search results
- Professional information may exist in non-public databases or restricted access systems

**Compliance with Request Parameters:**

As requested, this search was conducted using only publicly available information through authorized search methods. No restricted profile content was accessed, and no automated profile scraping was performed.

**Recommendation:**

To obtain verified professional information about this individual, consider:
- Direct contact with Solaris Payments, S.A. through official company channels
- Verification through Portuguese business registries (e.g., Registo Comercial)
- Professional reference checks through authorized employment verification services",True,FAIL,"The system reports finding no matching LinkedIn profile or information, while the reference answer shows that an authorized LinkedIn search successfully returned a candidate profile for 'Beatriz L. Matos' with detailed professional experience, education, and affiliations. This is a fundamental contradiction of the core facts."
linkup,49,"A relevant UK link has been identified for “Northbridge Solar Projects Ltd”, company number 14876543, with registered office at 22 Kingfisher Lane, Manchester M1 4AB, United Kingdom.

What official Companies House records are available for this company?

Return the legal name, company number, company status, company type, incorporation date, registered office, previous company names, current officers, persons with significant control, relevant filings, charges, insolvency information, identity-match assessment, relevant FCC alerts, official evidence references and search timestamp.","Companies House returned 1 company record matching “Northbridge Solar Projects Ltd”.

Company details

Legal name: Northbridge Solar Projects Ltd
Company number: 14876543
Company status: ACTIVE
Company type: Private limited company
Incorporation date: 20 April 2023
Registered office: 22 Kingfisher Lane, Manchester M1 4AB, United Kingdom
Previous company names: NONE RECORDED

Identity classification: CONFIRMED

Matching attributes:
- Exact legal name
- Exact company number
- Exact registered-office address
- United Kingdom jurisdiction

Current officers

1. Amelia Rose Carter
   Role: Director
   Appointment date: 20 April 2023
   Month and year of birth: September 1981
   Nationality: British
   Correspondence address: 22 Kingfisher Lane, Manchester M1 4AB, United Kingdom
   Officer status: Active

2. Daniel James Mercer
   Role: Director
   Appointment date: 14 January 2025
   Month and year of birth: June 1978
   Nationality: British
   Correspondence address: 15 Rivergate Square, Manchester M3 2LF, United Kingdom
   Officer status: Active

Persons with significant control

1. Amelia Rose Carter
   PSC status: Active
   Nature of control:
   - Ownership of more than 75% of the shares
   - Ownership of more than 75% of the voting rights
   - Right to appoint or remove a majority of the board of directors
   Notification date: 20 April 2023

Relevant filings

1. Incorporation
   Filing date: 20 April 2023
   Reference: NEWINC-2023-0420

2. Appointment of Daniel James Mercer as director
   Filing date: 14 January 2025
   Reference: AP01-2025-0114

3. Confirmation statement
   Filing date: 25 April 2026
   Statement date: 20 April 2026
   Reference: CS01-2026-0425

Charges

Number of charges: 1
Charge status: OUTSTANDING
Charge creation date: 12 January 2025
Charge holder: Northern Commercial Bank plc
Charge description: Fixed and floating charge over specified company assets
Charge reference: CHG-2025-001

Insolvency information: NONE RECORDED

FCC alerts

- OUTSTANDING CHARGE: CONTEXTUAL REVIEW
- No insolvency record identified
- No dissolved status
- No disqualified officer identified in the reviewed evidence
- No discrepancy identified between the searched company details and the official record

Assessment:

The Companies House record is confirmed as belonging to Northbridge Solar Projects Ltd because the legal name, company number and registered-office address match the supplied company information.

The outstanding charge is a corporate financing and security record. The existence of the charge does not, by itself, establish insolvency, financial difficulty, misconduct or adverse media.

Official company profile: https://example.test/companies-house/company/14876543
Supporting evidence: CH-EX-6001.pdf
Search parameters: Legal name and company number 14876543
Searched on: 25 August 2026 at 11:20 WEST
Evidence hash: SHA-256: 61a4c9f0…8d2e

Companies House is treated as an official source of corporate and relationship information. The record does not, by itself, constitute adverse media.","## IDENTITY MISMATCH ALERT

**Critical Finding:** The company number 14876543 provided in the query does NOT match ""Northbridge Solar Projects Ltd"" as claimed. The official Companies House records show this company number is registered to a completely different entity.

---

## OFFICIAL COMPANIES HOUSE RECORDS FOR COMPANY NUMBER 14876543

### Legal Name
**TREED X FITMOB LTD**

### Company Number
**14876543**

### Company Status
**Dissolved** (Dissolved on 22 October 2024)

### Company Type
**Private Limited Company**

### Incorporation Date
**17 May 2023**

### Registered Office Address
**Suite 8 Advantage House, Oxford Street West, Ashton-Under-Lyne, Greater Manchester, United Kingdom, OL7 0NB**

**NOTE:** This address is NOT ""22 Kingfisher Lane, Manchester M1 4AB"" as stated in the query.

---

## PREVIOUS COMPANY NAMES
No previous company names recorded. The company was incorporated and dissolved under the name ""TREED X FITMOB LTD"".

---

## CURRENT OFFICERS (as at dissolution)
The company had **4 directors** appointed on incorporation (17 May 2023):

1. **Mohamed ALRABIEI**
   - Role: Director
   - Date of Birth: January 1993
   - Nationality: British
   - Place of Residence: England
   - Correspondence Address: Flat 3 Thornberry House 28-35, Kirchen Road, London, England, W13 0BF

2. **Danielle GOWER**
   - Role: Director
   - Date of Birth: February 1986
   - Nationality: British
   - Place of Residence: England
   - Correspondence Address: Suite 8, Advantage House, Oxford Street West, Ashton-Under-Lyne, Greater Manchester, United Kingdom, OL7 0NB

3. **Mitch Hayden O'CALLAGHAN**
   - Role: Director
   - Date of Birth: September 1990
   - Nationality: British
   - Place of Residence: England
   - Correspondence Address: Suite 8, Advantage House, Oxford Street West, Ashton-Under-Lyne, Greater Manchester, United Kingdom, OL7 0NB

4. **Jonathon STEFANNI-MACHADO**
   - Role: Director
   - Date of Birth: April 1994
   - Nationality: British
   - Place of Residence: England
   - Correspondence Address: Suite 8, Advantage House, Oxford Street West, Ashton-Under-Lyne, Greater Manchester, United Kingdom, OL7 0NB

---

## PERSONS WITH SIGNIFICANT CONTROL (PSC)
**No registrable PSCs recorded.**

**PSC Statement:** ""The company knows or has reasonable cause to believe that there is no registrable person or registrable relevant legal entity in relation to the company"" (Notified on 17 May 2023)

---

## RELEVANT FILINGS

1. **22 October 2024** - GAZ2: Final Gazette dissolved via compulsory strike-off
2. **06 August 2024** - GAZ1: First Gazette notice for compulsory strike-off
3. **17 May 2023** - NEWINC: Incorporation
   - Model articles adopted
   - Statement of capital: GBP 100

---

## CHARGES
**0 charges registered** (0 outstanding, 0 satisfied, 0 part satisfied)

---

## INSOLVENCY INFORMATION
The company was **dissolved via compulsory strike-off** (not voluntary dissolution). The First Gazette notice was published on 06 August 2024, and the Final Gazette confirming dissolution was published on 22 October 2024.

---

## NATURE OF BUSINESS (SIC CODE)
**85510 - Sports and recreation education**

**NOTE:** This is NOT a solar energy or renewable energy business.

---

## IDENTITY-MATCH ASSESSMENT

**SEVERE MISMATCH IDENTIFIED:**

- **Company Name:** Query claims ""Northbridge Solar Projects Ltd"" but official records show ""TREED X FITMOB LTD""
- **Registered Address:** Query claims ""22 Kingfisher Lane, Manchester M1 4AB"" but official records show ""Suite 8 Advantage House, Oxford Street West, Ashton-Under-Lyne, Greater Manchester, OL7 0NB""
- **Business Activity:** Query implies solar energy business, but official SIC code is ""Sports and recreation education""
- **Company Status:** Company is DISSOLVED (as of 22 October 2024)

**CONCLUSION:** The details provided in the query do NOT match the official Companies House records for company number 14876543. Either:
1. The company number is incorrect, or
2. The company name and address information provided is fraudulent/incorrect, or
3. This represents a potential case of identity misrepresentation

---

## RELEVANT FCC ALERTS
No specific Financial Conduct Authority (FCA) or Companies House compliance alerts were found in the search results for this specific company number. However, the compulsory strike-off indicates the company failed to file required documents or respond to Companies House correspondence.

---

## OFFICIAL EVIDENCE REFERENCES
- **Primary Source:** Companies House Official Register - https://find-and-update.company-information.service.gov.uk/company/14876543
- **Filing History:** https://find-and-update.company-information.service.gov.uk/company/14876543/filing-history
- **Officers:** https://find-and-update.company-information.service.gov.uk/company/14876543/officers
- **PSC Register:** https://find-and-update.company-information.service.gov.uk/company/14876543/persons-with-significant-control
- **Charges:** https://find-and-update.company-information.service.gov.uk/company/14876543/charges

---

## SEARCH TIMESTAMP
**Search conducted:** 2026 (current date as per system)

**Important Note:** No company named ""Northbridge Solar Projects Ltd"" with the address ""22 Kingfisher Lane, Manchester M1 4AB"" was found in the UK Companies House register associated with company number 14876543. The information provided in the query does not match official government records.",True,FAIL,"The system's answer reports completely different company information (TREED X FITMOB LTD, dissolved status, different officers, different address) than the reference answer (Northbridge Solar Projects Ltd, active status, different officers including Amelia Rose Carter and Daniel James Mercer, different address). The core facts about the company associated with number 14876543 directly contradict the reference answer in nearly every material aspect."
linkup,52,"What candidate company and officer records does OpenCorporates return for “Atlântico Biotech Ltd” and “Rui Manuel Seabra” across the relevant jurisdictions?

The expected company is registered in Malta and has the following known information:

Company name: Atlântico Biotech Ltd
Expected jurisdiction: Malta
Registered address: 14 Marina Street, Valletta VLT 1160, Malta
Known officer: Rui Manuel Seabra
Expected role: Director

Search using the company-name variants “Atlântico Biotech Ltd”, “Atlantico Biotech Ltd” and “Atlantico Biotechnology”, together with the officer name “Rui Manuel Seabra”.

For each candidate, return the company name, company number, jurisdiction, status, incorporation or dissolution date, registered address, previous names, officers and roles, available ownership information, source registry, registry URL, provenance, identity classification and official-registry verification status.","OpenCorporates returned 2 candidate company records for “Atlântico Biotech Ltd” using the searched company-name variants.

Candidate 1

Company name: Atlantico Biotech Ltd
Company number: C 99881
Jurisdiction: Malta
Jurisdiction code: mt
Company status: ACTIVE
Incorporation date: 17 June 2021
Dissolution date: NOT APPLICABLE
Registered address: 14 Marina Street, Valletta VLT 1160, Malta
Previous company names: NONE RECORDED

Officers and roles:

1. Rui Manuel Seabra
   Role: Director
   Appointment date: 17 June 2021
   Status: Active

2. Helena Maria Costa
   Role: Company Secretary
   Appointment date: 17 June 2021
   Status: Active

Ownership information: NOT AVAILABLE IN THE REVIEWED OPENCORPORATES RECORD

Filings or statements:

1. Incorporation filing dated 17 June 2021
2. Annual return dated 30 June 2025
3. Change of registered office dated 12 September 2024

Relationship classification: RELEVANT RELATIONAL MATCH

Matching attributes:
- Company name matches the unaccented variant
- Expected Malta jurisdiction
- Exact registered-office address
- Exact officer name
- Expected director role

Missing or conflicting attributes:
- No personal identifier is available for Rui Manuel Seabra
- No date of birth is available for the officer
- Ownership information is not available in the reviewed record

Source registry: Malta Business Registry
Registry URL: https://example.test/mbr/company/C99881
OpenCorporates record: https://example.test/opencorporates/mt/C99881
Provenance: Company and officer information attributed to the Malta Business Registry
Provenance date: 14 August 2026
Official-registry verification: NOT YET CONFIRMED

Assessment:

Candidate 1 is classified as a relevant relational match because the company name, jurisdiction, registered address, officer name and officer role are compatible with the supplied information.

The company match has high confidence. The officer relationship is compatible but should be corroborated through the originating official registry where required.

Candidate 2

Company name: Atlantico Biotechnology LLC
Company number: 7845129
Jurisdiction: Delaware, United States
Jurisdiction code: us_de
Company status: ACTIVE
Incorporation date: 9 February 2020
Registered address: 1209 Orange Street, Wilmington, Delaware 19801, United States
Previous company names: NOT AVAILABLE
Officers and roles: NOT AVAILABLE
Ownership information: NOT AVAILABLE
Source registry: Delaware Division of Corporations
Registry URL: https://example.test/delaware/entity/7845129
OpenCorporates record: https://example.test/opencorporates/us_de/7845129

Relationship classification: FALSE POSITIVE

Matching attributes:
- Partial similarity in the company name

Conflicting attributes:
- Jurisdiction is Delaware rather than Malta
- Registered address is incompatible
- Company number is different
- Rui Manuel Seabra is not listed as an officer
- The legal name includes “Biotechnology LLC” rather than “Biotech Ltd”

Assessment:

Candidate 2 must not be attributed to Atlântico Biotech Ltd or to Rui Manuel Seabra.

Overall result:

OpenCorporates returned one relevant relational candidate and one false positive. The relevant candidate is Atlantico Biotech Ltd, company number C 99881, Malta. Ownership information was not available and no conclusion was drawn regarding the company’s shareholders or beneficial owners.

Search parameters: Exact name, unaccented name, partial company-name variant and officer name
Evidence reference: OC-EX-7001
Retrieved on: 25 August 2026 at 11:35 WEST
Evidence hash: SHA-256: 44ad8f21…90e1

OpenCorporates is treated as a complementary corporate-discovery and contextual source. Where available, the originating official registry should be used as the primary verification source.",,False,ERROR,"Call failed, nothing to grade: {""code"": ""UPSTREAM_ERROR"", ""message"": ""Agent Runtime call failed: "", ""retryable"": false, ""details"": {}}"
linkup,55,"A relevant UK link has been identified between “Tomás Duarte Correia”, born in March 1984, Portuguese national, and “Cobalt Harbour Trading Ltd”.

What official Companies House records are available for “Cobalt Harbour Trading Ltd”, company number 15240177, and the reported officer “Tomás Duarte Correia”?

Return the company profile, company number, status, incorporation date, registered office, officers, persons with significant control, nature of control, relevant filings, company and relationship identifiers, official evidence reference, retrieval timestamp and evidence hash.

Assess separately whether the company record and the officer or PSC relationship match the supplied information.","Companies House returned 1 company record matching “Cobalt Harbour Trading Ltd”, company number 15240177.

Company profile

Legal name: Cobalt Harbour Trading Ltd
Company number: 15240177
Company status: ACTIVE
Company type: Private limited company
Incorporation date: 2 November 2023
Registered office: 8 Dock Street, Liverpool L1 8JQ, United Kingdom
Jurisdiction: England and Wales

UK link:

The searched subject, Tomás Duarte Correia, is reported as a current director and person with significant control of a UK-registered company.

Company identity classification: CONFIRMED

Company matching attributes:
- Exact legal name
- Exact company number
- Compatible United Kingdom jurisdiction
- Exact registered-office address

Officers

1. Tomás Duarte Correia
   Role: Director
   Appointment date: 2 November 2023
   Officer status: Active
   Month and year of birth: March 1984
   Nationality: Portuguese
   Country of residence: Portugal
   Correspondence address: 8 Dock Street, Liverpool L1 8JQ, United Kingdom
   Officer identifier: OFF-15240177-001

2. Eleanor Grace Mitchell
   Role: Director
   Appointment date: 15 January 2025
   Officer status: Active
   Month and year of birth: July 1987
   Nationality: British
   Country of residence: United Kingdom
   Correspondence address: 42 Riverside Walk, Liverpool L3 4BN, United Kingdom
   Officer identifier: OFF-15240177-002

Officer relationship assessment for Tomás Duarte Correia: CONFIRMED

Matching attributes:
- Exact full name
- Compatible month and year of birth
- Portuguese nationality
- Active directorship of the matched company

Missing attributes:
- Complete date of birth is not available in the public officer record
- No personal identification number is available

Persons with significant control

1. Tomás Duarte Correia
   PSC status: Active
   Notification date: 2 November 2023
   Nature of control:
   - Ownership of more than 50% but not more than 75% of the shares
   - Ownership of more than 50% but not more than 75% of the voting rights
   - Right to appoint or remove a majority of the board of directors
   PSC identifier: PSC-15240177-001

PSC relationship assessment: CONFIRMED

Relevant filings

1. Incorporation
   Filing date: 2 November 2023
   Filing reference: NEWINC-2023-1102

2. Appointment of Tomás Duarte Correia as director
   Filing date: 2 November 2023
   Filing reference: AP01-2023-1102

3. Initial PSC notification for Tomás Duarte Correia
   Filing date: 2 November 2023
   Filing reference: PSC01-2023-1102

4. Confirmation statement
   Filing date: 4 November 2025
   Statement date: 2 November 2025
   Filing reference: CS01-2025-1104

Overall assessment:

The UK company record is confirmed by the exact company number, legal name and registered-office address.

The relationship between Tomás Duarte Correia and Cobalt Harbour Trading Ltd is also confirmed because the officer and PSC records contain a compatible full name, month and year of birth, nationality and company relationship.

Companies House confirms that Tomás Duarte Correia is recorded as a director and PSC. The record does not independently establish that Tomás Duarte Correia is the ultimate beneficial owner under every applicable FCC definition. Any beneficial-ownership conclusion must consider the nature of control, other ownership layers and the remaining process documentation.

Official company profile: https://example.test/companies-house/company/15240177
API response reference: CH-EX-12001.json
Supporting registry print: CH-EX-12001.pdf
Retrieved on: 25 August 2026 at 12:45 WEST
Evidence hash: SHA-256: 7b2e8a19…4f19","## OFFICIAL COMPANIES HOUSE RECORDS - COMPANY NUMBER 15240177

### CRITICAL FINDING: NO MATCH WITH SUPPLIED INFORMATION

The official Companies House records for company number 15240177 show **NO CONNECTION** to either ""Cobalt Harbour Trading Ltd"" or ""Tomás Duarte Correia"" (born March 1984, Portuguese national).

---

## ACTUAL COMPANY RECORD FOR NUMBER 15240177

### Company Profile
- **Registered Company Name:** MARIA ELENA MIHAI LTD
- **Company Number:** 15240177
- **Company Status:** Dissolved
- **Company Type:** Private Limited Company
- **Incorporation Date:** 26 October 2023
- **Dissolution Date:** 1 April 2025 (dissolved via compulsory strike-off)

### Registered Office Address
4 Beamans Close, Solihull, England, B92 7RA

### Nature of Business (SIC Code)
47750 - Retail sale of cosmetic and toilet articles in specialised stores

### Officers
**Single Officer Recorded:**
- **Name:** MIHAI, Maria Elena
- **Role:** Director
- **Date of Birth:** October 1999
- **Nationality:** Romanian
- **Country of Residence:** England
- **Appointed:** 26 October 2023
- **Correspondence Address:** 4 Beamans Close, Solihull, England, B92 7RA

### Persons with Significant Control (PSC)
**Single PSC Recorded:**
- **Name:** Miss Maria Elena Mihai
- **Date of Birth:** October 1999
- **Nationality:** Romanian
- **Country of Residence:** England
- **Notified:** 26 October 2023
- **Correspondence Address:** 4 Beamans Close, Solihull, England, B92 7RA

### Nature of Control
- Ownership of shares – 75% or more
- Ownership of voting rights - 75% or more
- Right to appoint or remove directors

### Filing History
1. **26 October 2023** - NEWINC (Incorporation) - Model articles adopted, Statement of capital: GBP 1
2. **14 January 2025** - GAZ1 (First Gazette notice for compulsory strike-off)
3. **1 April 2025** - GAZ2 (Final Gazette - dissolved via compulsory strike-off)

### Previous Company Names
**NONE** - No previous names or name changes recorded

---

## ASSESSMENT OF MATCH WITH SUPPLIED INFORMATION

### Company Name Assessment: **NO MATCH**
- **Supplied Information:** ""Cobalt Harbour Trading Ltd""
- **Actual Record:** MARIA ELENA MIHAI LTD
- **Finding:** The company registered under number 15240177 has never been named ""Cobalt Harbour Trading Ltd"". No previous names are recorded in the filing history.

### Officer/PSC Relationship Assessment: **NO MATCH**
- **Supplied Information:** ""Tomás Duarte Correia"", born March 1984, Portuguese national
- **Actual Record:** Maria Elena Mihai, born October 1999, Romanian national
- **Finding:** No person named ""Tomás Duarte Correia"" or any individual born in March 1984 appears in the officer or PSC records for company number 15240177. The only officer and PSC is Maria Elena Mihai.

---

## SEARCH FOR ""COBALT HARBOUR TRADING LTD""

Comprehensive searches of Companies House records found **NO COMPANY** registered under the name ""Cobalt Harbour Trading Ltd"" at any company number. Similar names found include:
- COBALT TRADING LIMITED (10932419)
- HARBOUR TRADING LTD (16970903)
- COBALT TRADE LTD (15314978)

None of these companies are connected to company number 15240177 or to Tomás Duarte Correia.

---

## SEARCH FOR ""TOMÁS DUARTE CORREIA""

Searches of Companies House officer records found no UK company officer or PSC matching:
- Name: ""Tomás Duarte Correia"" or ""Tomas Duarte Correia""
- Date of Birth: March 1984
- Nationality: Portuguese

---

## OFFICIAL EVIDENCE REFERENCE

**Source:** UK Companies House - Find and Update Company Information Service (GOV.UK)
**Primary URL:** https://find-and-update.company-information.service.gov.uk/company/15240177
**Retrieval Timestamp:** 11 September 2026
**Evidence Hash:** Multiple official Companies House pages accessed including company overview, officers, PSC records, and filing history

**Official Disclaimer:** Companies House does not verify the accuracy of the information filed.

---

## CONCLUSION

The reported UK link between ""Tomás Duarte Correia"" (born March 1984, Portuguese) and ""Cobalt Harbour Trading Ltd"" at company number 15240177 **CANNOT BE VERIFIED** through official Companies House records. 

Company number 15240177 belongs to a completely different entity (MARIA ELENA MIHAI LTD) with different officers, PSC, and business activities. The company has been dissolved since 1 April 2025.

No company named ""Cobalt Harbour Trading Ltd"" exists in the Companies House register, and no officer or PSC named ""Tomás Duarte Correia"" with the specified birth date and nationality is recorded for company number 15240177.",True,FAIL,"The system's answer directly contradicts the reference answer on all key facts. The reference shows company 15240177 is 'Cobalt Harbour Trading Ltd' with Tomás Duarte Correia as director and PSC, while the system reports the same company number belongs to 'MARIA ELENA MIHAI LTD' with completely different officers, and explicitly states there is NO MATCH and NO CONNECTION to the supplied information."
linkup,58,"What candidate international company and officer records does OpenCorporates return for “Eclipse Marítima S.A.”, registration number 778899, expected jurisdiction Panama, and the reported officer “Sofia Neves Pires”?

Known information:

Company name: Eclipse Marítima S.A.
Registration number: 778899
Expected jurisdiction: Panama
Expected registered address: Avenida Balboa 120, Torre Pacífico, Panama City, Panama
Reported officer: Sofia Neves Pires
Expected role: Director
Officer nationality: Portuguese
Officer address supplied in the FCC process: Rua do Carmo 36, 1200-094 Lisboa, Portugal

Search using the company-name variants “Eclipse Marítima S.A.”, “Eclipse Maritima SA” and “Eclipse Maritime”.

Return the company identifiers, jurisdiction, status, registered address, officers and roles, corporate relationships, ownership information where available, registry source, provenance, official-registry URL, OpenCorporates URL, identity-match classification, retrieval timestamp and evidence hash.

Assess the company match and the officer match separately.","OpenCorporates returned 2 candidate records for “Eclipse Marítima S.A.” using the supplied company-name variants and registration number.

Candidate 1

Company details

Legal name: Eclipse Marítima S.A.
Company number: 778899
Jurisdiction: Panama
Jurisdiction code: pa
Company status: ACTIVE
Incorporation date: 14 September 2018
Dissolution date: NOT APPLICABLE
Registered address: Avenida Balboa 120, Torre Pacífico, Panama City, Panama
Previous names: NONE RECORDED
Company type: Sociedad Anónima

Company identity classification: CONFIRMED

Company matching attributes:
- Exact legal name
- Exact registration number
- Expected Panama jurisdiction
- Exact registered-office address

Officers and roles

1. Sofia Neves Pires
   Role: Director
   Appointment date: 14 September 2018
   Officer status: Active
   Nationality: NOT AVAILABLE
   Residential address: NOT AVAILABLE
   Officer record reference: OFF-PA-778899-01

2. Alejandro Martín Torres
   Role: Director
   Appointment date: 14 September 2018
   Officer status: Active
   Officer record reference: OFF-PA-778899-02

3. Lucía Fernández Herrera
   Role: Secretary
   Appointment date: 14 September 2018
   Officer status: Active
   Officer record reference: OFF-PA-778899-03

Officer identity classification for Sofia Neves Pires: INCONCLUSIVE

Officer matching attributes:
- Exact full name
- Expected director role
- Relationship with the confirmed company

Missing or conflicting attributes:
- No date of birth is available
- No nationality is available in the reviewed record
- No residential address is available
- The Lisboa address supplied in the FCC process cannot be compared with the OpenCorporates record
- No personal identification number or other stable identifier is available

Corporate relationships:
- Sofia Neves Pires is recorded as a director of Eclipse Marítima S.A.
- No parent-company relationship is available in the reviewed record
- No subsidiary relationship is available in the reviewed record

Ownership information: NOT AVAILABLE

Shareholders: NOT AVAILABLE
Ownership percentages: NOT AVAILABLE
Beneficial owners: NOT AVAILABLE
Ultimate parent: NOT AVAILABLE

Source registry: Registro Público de Panamá
Official registry URL: https://example.test/registro-publico-panama/company/778899
OpenCorporates record: https://example.test/opencorporates/pa/778899

Provenance:
Company and officer information is attributed to the Registro Público de Panamá. The reviewed OpenCorporates record indicates that the source data was last updated on 10 August 2026.

Official-source verification: NOT COMPLETED

Candidate assessment:

The company record is classified as CONFIRMED because the legal name, registration number, jurisdiction and registered-office address match the supplied company information.

The relationship between a person named Sofia Neves Pires and Eclipse Marítima S.A. is recorded by the source. However, the individual identity remains INCONCLUSIVE because no date of birth, nationality, address or personal identifier is available.

The officer record must not be conclusively attributed to the Sofia Neves Pires residing at Rua do Carmo 36, Lisboa, without additional corroboration.

Candidate 2

Legal name: Eclipse Maritime Services Ltd
Company number: 09441882
Jurisdiction: United Kingdom
Jurisdiction code: gb
Company status: DISSOLVED
Registered address: 28 Harbour Road, Southampton SO14 3TG, United Kingdom
Officers: Sofia Pires, former director
Ownership information: NOT AVAILABLE

Company identity classification: FALSE POSITIVE

Matching attributes:
- Partial similarity in the company name
- Officer name partially similar to Sofia Neves Pires

Conflicting attributes:
- Different legal name
- Different registration number
- Different jurisdiction
- Different registered-office address
- Company is dissolved
- Officer name is incomplete
- No demonstrated relationship with the Panama company

Candidate 2 must not be attributed to Eclipse Marítima S.A. or to the searched Sofia Neves Pires.

Overall result

Confirmed company: Eclipse Marítima S.A., registration number 778899, Panama
Company classification: CONFIRMED
Officer relationship: A person named Sofia Neves Pires is recorded as director
Individual identity classification: INCONCLUSIVE
Ownership information: NOT AVAILABLE
Official-registry verification: PENDING

Evidence reference: OC-EX-13001.json
Controlled record print: OC-EX-13001.pdf
Retrieved on: 25 August 2026 at 13:00 WEST
Evidence hash: SHA-256: 44ad20f1…90e1

OpenCorporates is treated as a complementary corporate-discovery and verification source. The originating official registry should be used as the primary verification source where available.

The absence of ownership information does not establish that the company has no shareholders, controlling persons, beneficial owners or parent company.","## OpenCorporates Search Results: Eclipse Marítima S.A. (Panama, Registration 778899) and Sofia Neves Pires

### Executive Summary
**No records found** in OpenCorporates for a Panama company matching ""Eclipse Marítima S.A."", ""Eclipse Maritima SA"", or ""Eclipse Maritime"" with registration number 778899. Similarly, **no officer records found** for ""Sofia Neves Pires"" as a director of any Panama company in the OpenCorporates database.

### Company Search Results

**Company Name Variants Searched:**
- Eclipse Marítima S.A.
- Eclipse Maritima SA  
- Eclipse Maritime

**Registration Number:** 778899  
**Expected Jurisdiction:** Panama  
**Expected Registered Address:** Avenida Balboa 120, Torre Pacífico, Panama City, Panama

**OpenCorporates Findings:**
The registration number 778899 in OpenCorporates returns a **different entity entirely**: SEWICKLEY VALLEY PLAYERS, INC., a Pennsylvania (US) non-profit corporation incorporated on 26 August 1983, with registered address at 315 Hill Street, Sewickley, PA 15143-0, Allegheny County. This is clearly not the target company.

**Search Methodology:**
- Direct OpenCorporates database queries for all name variants
- Site-specific searches (site:opencorporates.com) combined with company name and registration number
- Panama jurisdiction-specific searches
- Cross-referencing with ICIJ Offshore Leaks Database
- Alternative Panama company registry sources (Panadata.net)

**Identity Match Classification - Company:** **NO MATCH / NOT FOUND**

The expected Panama maritime company with registration 778899 does not appear in OpenCorporates' coverage of Panama companies (Public Registry of Panama, Register ID 201).

### Officer Search Results

**Officer Name:** Sofia Neves Pires  
**Expected Role:** Director  
**Expected Nationality:** Portuguese  
**Expected Address:** Rua do Carmo 36, 1200-094 Lisboa, Portugal

**OpenCorporates Findings:**
No officer records found for ""Sofia Neves Pires"" in connection with any Panama company. Searches revealed:

- Multiple unrelated individuals with similar names (Sofia Pires, Sofia Neves) in different jurisdictions and roles
- No Portuguese national named ""Sofia Neves Pires"" listed as director of Panama companies
- No officer records at the expected Lisbon address

**Identity Match Classification - Officer:** **NO MATCH / NOT FOUND**

### Data Provenance and Coverage Assessment

**OpenCorporates Panama Coverage:**
- **Source:** Public Registry of Panama (Registro Público de Panamá)
- **Register ID:** 201
- **Coverage:** Approximately 700,000+ Panama companies (as of historical records)
- **Data Quality:** OpenCorporates has maintained Panama company data since at least 2011
- **Known Limitations:** Coverage may not be complete or current for all Panama registrations

**Alternative Sources Checked:**
1. **Panadata.net** - Panama public records platform (no specific results for this query)
2. **ICIJ Offshore Leaks Database** - No matches for Eclipse Marítima S.A. or Sofia Neves Pires
3. **Panama Maritime Authority** - No vessel or company records accessible through public search

### Assessment and Conclusions

**Company Match Assessment:**
- **Status:** NOT FOUND in OpenCorporates
- **Confidence Level:** High confidence in search methodology
- **Possible Explanations:**
  1. Company may not exist in Panama registry
  2. Registration number 778899 may be incorrect or from different jurisdiction
  3. Company name may be significantly different from variants searched
  4. Company may be too recently incorporated or not yet in OpenCorporates dataset
  5. Company may have been dissolved or struck off before OpenCorporates coverage began

**Officer Match Assessment:**
- **Status:** NOT FOUND in OpenCorporates
- **Confidence Level:** High confidence in search methodology  
- **Possible Explanations:**
  1. Officer may not be registered with this company
  2. Name spelling may differ in official records
  3. Officer appointment may be too recent for OpenCorporates data
  4. Officer may be registered under different name variant

### Registry Source and Official URLs

**OpenCorporates:**
- **Platform URL:** https://opencorporates.com
- **Panama Companies:** https://opencorporates.com/companies/pa
- **Public Registry of Panama:** https://opencorporates.com/registers/201
- **Coverage:** 140+ jurisdictions, 230+ million companies globally

**Official Panama Registry:**
- **Authority:** Registro Público de Panamá
- **Alternative Access:** Panadata.net (https://www.panadata.net/en/organizaciones)

### Retrieval Metadata

**Search Timestamp:** 11 September 2026, 09:25-09:27 UTC  
**Search Depth:** Comprehensive (multiple query variations, cross-database verification)  
**Data Sources Queried:**
1. OpenCorporates primary database
2. OpenCorporates API endpoints
3. ICIJ Offshore Leaks Database
4. Public web sources
5. Panama-specific company registries

**Evidence Hash:** Based on comprehensive negative search results across multiple authoritative sources, with high confidence that the specified company and officer combination does not exist in publicly accessible OpenCorporates data as of the search date.

### Recommendations

To locate this company and officer, consider:

1. **Verify registration details** - Confirm registration number 778899 is correct for Panama jurisdiction
2. **Check alternative spellings** - Maritime/Marítima, S.A./SA variations
3. **Direct registry access** - Contact Registro Público de Panamá directly
4. **Panama Maritime Authority** - Check vessel registry if this is a shipping company
5. **Legal counsel** - Engage Panama legal representative for official company search
6. **Panadata subscription** - Access enhanced Panama company database
7. **Verify jurisdiction** - Confirm company is actually registered in Panama vs. another jurisdiction

### Data Limitations

This search reflects OpenCorporates' coverage as of September 2026. The absence of records does not definitively prove non-existence, but indicates the company and officer are not present in the world's largest open corporate database covering 140+ jurisdictions and 230+ million entities.",True,FAIL,"The system's answer reports that no records were found in OpenCorporates for Eclipse Marítima S.A. (Panama, 778899) or Sofia Neves Pires, whereas the reference answer clearly shows that OpenCorporates returned 2 candidate records including a CONFIRMED match for the Panama company with the exact registration number, legal name, address, and an officer named Sofia Neves Pires as director. This is a direct contradiction of the reference answer's core facts."
linkup,61,"What official GLEIF data is available for “Aurora Atlantic Finance S.A.”, Portuguese company registration number 517684920, or LEI 549300EXAMPLE000001?

Known entity information:

Legal name: Aurora Atlantic Finance S.A.
Registration number: 517684920
Jurisdiction: Portugal
Legal address: Avenida da Liberdade 155, 5.º, 1250-142 Lisboa, Portugal
Expected direct parent: Aurora Atlantic Holdings S.A.

Return the LEI reference data, legal and headquarters addresses, entity status, LEI registration status, registration authority and identifier, direct-parent relationship, ultimate-parent relationship, relationship statuses, reporting exceptions, identity-match assessment, source URLs, retrieval timestamp and evidence hash.

Do not interpret direct or ultimate parent information as beneficial-ownership information.","GLEIF returned 1 LEI record matching “Aurora Atlantic Finance S.A.”.

Entity reference data

Legal name: Aurora Atlantic Finance S.A.
LEI: 549300EXAMPLE000001
Entity status: ACTIVE
Entity creation date: 12 March 2018
Legal jurisdiction: Portugal
Legal form: Sociedade Anónima

Legal address:
Avenida da Liberdade 155, 5.º
1250-142 Lisboa
Portugal

Headquarters address:
Avenida da Liberdade 155, 5.º
1250-142 Lisboa
Portugal

Registration information

LEI registration status: ISSUED
Initial LEI registration date: 18 April 2018
Last update date: 15 April 2026
Next renewal date: 15 April 2027
Managing Local Operating Unit: LOU-EX-001

Registration authority: Registo Nacional de Pessoas Coletivas
Registration authority identifier: RA000000
Entity registration number: 517684920

Entity identity classification: CONFIRMED

Matching attributes:
- Exact legal name
- Exact entity registration number
- Portugal jurisdiction
- Exact legal address
- Active entity status

Missing or conflicting attributes:
- None identified in the reviewed reference data

Direct-parent relationship

Direct parent legal name: Aurora Atlantic Holdings S.A.
Direct parent LEI: 549300EXAMPLE000002
Direct-parent relationship type: IS_DIRECTLY_CONSOLIDATED_BY
Relationship status: ACTIVE
Relationship start date: 1 January 2020
Accounting period start date: 1 January 2025
Accounting period end date: 31 December 2025
Validation status: VALIDATED

Direct-parent assessment:

The GLEIF relationship record reports that Aurora Atlantic Finance S.A. is directly consolidated by Aurora Atlantic Holdings S.A.

This relationship is a reported accounting-consolidation relationship. The record does not independently establish the percentage of share ownership, voting rights or beneficial control held by Aurora Atlantic Holdings S.A.

Ultimate-parent relationship

Ultimate parent legal name: NOT DISCLOSED
Ultimate parent LEI: NOT AVAILABLE
Ultimate-parent relationship status: NOT REPORTED
Reporting exception: CONSENT_NOT_OBTAINED
Exception reference date: 15 April 2026

Ultimate-parent assessment:

GLEIF records a reporting exception for the ultimate-parent relationship because consent to disclose the parent information was not obtained.

The reporting exception must not be interpreted as confirmation that no ultimate parent exists.

Other reported group relationships: NONE AVAILABLE IN THE REVIEWED RESPONSE

Overall assessment

Aurora Atlantic Finance S.A. is confirmed as the entity represented by LEI 549300EXAMPLE000001 because the legal name, registration number, jurisdiction and address match the supplied entity information.

GLEIF reports Aurora Atlantic Holdings S.A., LEI 549300EXAMPLE000002, as the direct accounting-consolidation parent.

The ultimate-parent relationship is not disclosed due to a reporting exception. No conclusion can be drawn regarding the absence or identity of the ultimate parent from the reviewed GLEIF response alone.

The parent information represents relationships reported in the LEI system. It does not constitute a complete shareholding, control or beneficial-ownership analysis.

GLEIF entity record: https://example.test/gleif/lei/549300EXAMPLE000001
Direct-parent relationship record: https://example.test/gleif/relationship/REL-EX-14001
Ultimate-parent exception record: https://example.test/gleif/exception/EXC-EX-14001

API response reference: GLEIF-EX-14001.json
Controlled record print: GLEIF-EX-14001.pdf
Retrieved on: 25 August 2026 at 13:15 WEST
Evidence hash: SHA-256: 82f7a139…5c41","## Official GLEIF Data Availability Assessment

Based on comprehensive searches of the GLEIF (Global Legal Entity Identifier Foundation) database and related sources, **no official GLEIF data is available** for the entity described as ""Aurora Atlantic Finance S.A."" with Portuguese company registration number 517684920 or LEI 549300EXAMPLE000001.

### Key Findings:

**1. Invalid LEI Code**
The provided LEI ""549300EXAMPLE000001"" is **not a valid, issued LEI**. This code contains the word ""EXAMPLE"" embedded within it, which indicates it is a placeholder or demonstration code rather than an actual Legal Entity Identifier issued by GLEIF or any accredited LEI issuer.

Valid LEI codes are 20-character alphanumeric identifiers conforming to ISO 17442 standard, but they do not contain descriptive words like ""EXAMPLE"" within the code structure.

**2. Entity Not Found in GLEIF Database**
Searches of the GLEIF Global LEI Index and related databases found no records for:
- ""Aurora Atlantic Finance S.A."" as a legal entity name
- Portuguese registration number 517684920 linked to any LEI
- Any entity at the address Avenida da Liberdade 155, 5.º, 1250-142 Lisboa, Portugal with this specific name
- Any parent entity ""Aurora Atlantic Holdings S.A."" in the expected relationship structure

**3. What This Means**
Since no valid LEI exists in the GLEIF database for this entity, the following official GLEIF data elements **cannot be provided**:

- ❌ LEI reference data (Level 1 data)
- ❌ Legal and headquarters addresses from GLEIF records
- ❌ Entity status in GLEIF system
- ❌ LEI registration status
- ❌ Registration authority and identifier validation
- ❌ Direct-parent relationship data (Level 2 data)
- ❌ Ultimate-parent relationship data
- ❌ Relationship statuses and reporting exceptions
- ❌ GLEIF source URLs for this entity
- ❌ Retrieval timestamp from GLEIF database
- ❌ Evidence hash from official records

**4. About GLEIF and the LEI System**
The Global Legal Entity Identifier Foundation (GLEIF) maintains the Global LEI Index, which is the only official, authoritative source for LEI data worldwide. All issued LEIs and their associated reference data are publicly available and searchable free of charge through:
- GLEIF LEI Search tool: https://search.gleif.org
- GLEIF API: https://api.gleif.org
- GLEIF Golden Copy files (daily downloads)

If an entity had a valid LEI, all the requested information would be publicly available through these channels.

**5. Identity Match Assessment**
**Assessment Result: NO MATCH FOUND**

The provided identifiers do not match any entity in the official GLEIF database. The LEI code appears to be a fictional example rather than an issued identifier.

**6. Recommendations**
If ""Aurora Atlantic Finance S.A."" is a real Portuguese entity that requires LEI data:
1. Verify the correct legal name with Portuguese business registry (Conservatória do Registo Comercial)
2. Check if the entity has actually obtained an LEI from an accredited LEI issuer
3. If an LEI exists, obtain the correct 20-character code
4. Search the GLEIF database using the actual LEI or verified legal name

If the entity needs to obtain an LEI, it can apply through any accredited LEI issuer serving Portugal, such as those listed on GLEIF's website.

**7. Source Information**
This assessment is based on searches conducted of:
- GLEIF official website and documentation (www.gleif.org)
- GLEIF Global LEI Index search capabilities
- GLEIF API endpoints
- Related LEI issuer databases and mapping services

**Retrieval Timestamp:** 2025-01-10 (searches conducted)
**Evidence Status:** No matching records found in GLEIF database",True,FAIL,"The system's answer claims no GLEIF data is available and that the LEI is invalid because it contains 'EXAMPLE', while the reference answer provides comprehensive GLEIF data for this entity including full registration details, addresses, parent relationships, and specific record URLs. The system fundamentally contradicts the reference by stating the entity doesn't exist in GLEIF when the reference shows it does with detailed information."
linkup,71,Who is Leopoldo Alejandro Betancourt López? What are his corporate affiliations and any known risks or red flags associated with him?,"Leopoldo Alejandro Betancourt López is a Venezuelan businessman also known by the aliases Alejandro Betancourt, Alejandro Betancourt López, Leopoldo Alejandro Betancourt, and the nickname ""Bolichico."" He was born on February 22, 1980, and is a Venezuelan national. His known identifiers include Venezuelan Cédula V-15394369 and Acuris Unique ID I4065110. Addresses associated with him span Venezuela (El Hatillo, Miranda State; Campo Alegre, Caracas), the United States (Olympic Tower, Fifth Avenue, New York; Florida), and Spain (Toledo).
He holds or has held multiple corporate roles, primarily tied to the Derwick Associates group of companies. He is listed as an officer of Derwick Associates USA, LLC (Florida), and as a board member and shareholder of Derwick, Associates Corporation (Barbados). He is a legal representative, board member, and shareholder of B.G.B. Energy, C.A., and holds similar roles (legal representative, board member, and shareholder) at Inversiones Ameritile, C.A. He is a board member of Listo Shipping Co. 1 and of Energy Cargo 2000, C.A., a legal representative of Centro Tecnológico de Turbinas CTT, C.A., and is recorded as an employee, legal representative, board member, and general linked party of Derwick Associates de Venezuela. He is also directly linked to Francisco Convit Guruceaga, another Venezuelan national (born 1978) who shares similar money-laundering-related risk events in the graph.
Betancourt López has substantial adverse media and risk event history, mostly relating to financial crime, corruption, and bribery allegations connected to Derwick Associates and Venezuela's state oil company PDVSA. In June 2026, Spain's Audiencia Nacional ordered the reopening of a money-laundering investigation against him (he is noted as the owner of the Hawkers eyewear brand). In September 2025, he was arrested in London on suspicion of corruption and money laundering, at the request of Spanish anti-corruption investigators, in connection with allegations that Derwick Associates bribed Venezuelan officials to secure power-plant construction contracts. In September 2022, Venezuela's Public Ministry issued an arrest warrant against him for alleged fraud committed during his tenure as a PDVSA-related official. Earlier records include a 2013 racketeering and bribery lawsuit filed by former U.S. Deputy Secretary of State Otto Reich, alleging that Derwick Associates (of which Betancourt was CEO/director) received PDVSA energy contracts through bribery, as well as 2019 adverse media reports describing him as one of the ""Bolichicos"" accused of profiting from Venezuela's state resources, including an alleged attempt to extract $1.2 billion from PDVSA, and links to a Miami federal investigation into Nicolás Maduro's stepsons.","Leopoldo Alejandro Betancourt López is a Venezuelan businessman born in 1980 in Caracas, Venezuela. He is the chairman and CEO of Derwick Associates, an engineering, procurement and construction company, and leads the international investment group O'Hara Administration. Betancourt has an estimated net worth of approximately $2.6 billion.

**Educational Background:**
Betancourt earned degrees in Business Administration and Economics from Suffolk University in Massachusetts. He began his career working for BGB Energy and the Guruceaga Group before co-founding Derwick Associates in 2003 with Pedro Trebbau López.

**Corporate Affiliations:**

1. **Derwick Associates** - Co-founder, Chairman and CEO of this energy sector company with operations in Venezuela, Barbados, United States, Spain, and Panama. The company obtained 11-12 contracts for power plant construction in Venezuela between 2009-2011, reportedly worth between $2-5 billion.

2. **O'Hara Administration** - Founded in 2014, this international investment group serves as his primary investment vehicle, with holdings across commercial real estate, hedge funds, private equity, and co-investments with European banks.

3. **Hawkers** - President and majority shareholder of this Spanish sunglasses company since 2016, following a €50 million investment.

4. **Pacific Exploration & Production Corporation** - Director and controlling shareholder (19.95%) of this Canadian oil and gas company.

5. **BDK Financial Group** - Major shareholder involved in banking services in Africa, including the Bank of Dakar in Senegal.

6. **Auro Travel** - Investment in this Spanish vehicle-for-hire service.

7. **North American Blue Energy Partners (NABEP)** - Venezuelan oil company where he recently became a key figure in a major oil deal with the Trump administration.

**Known Risks and Red Flags:**

**1. Corruption Allegations - ""Bolichicos"" Connection:**
Betancourt is known as one of the ""bolichicos"" (Bolivarian boys), a term for young Venezuelan entrepreneurs who amassed fortunes through government contracts during the Hugo Chávez and Nicolás Maduro administrations. Derwick Associates obtained contracts despite having limited experience in the electricity sector, raising questions about the award process.

**2. Alleged Overpricing:**
Transparencia Venezuela reported that Derwick Associates allegedly overcharged the Venezuelan government by approximately $2.9 billion on power plant contracts. The company was also criticized for installing used and defective turbines that failed to prevent blackouts.

**3. U.S. Investigation - Operation Money Flight:**
Betancourt was identified by the Miami Herald in 2019 as ""Conspirator 2"" in a U.S. federal criminal complaint related to Operation Money Flight, a $1.2 billion money-laundering scheme involving funds allegedly embezzled from PDVSA (Petróleos de Venezuela). His cousin Francisco Convit was indicted in this case. However, Betancourt himself has never been formally charged in the United States.

**4. Spanish Investigation:**
Judge Santiago Pedraz of Spain's Audiencia Nacional (High Court) investigated Betancourt for alleged money laundering and tax crimes as part of ""Operation Bolívar."" The investigation examined whether approximately €42 million in bribes from a $4.85 billion fraudulent PDVSA transaction were laundered through European properties and investments. Betancourt was detained in London in September 2025 under a Spanish arrest warrant but was released after questioning. In March 2026, Judge Pedraz dismissed the case, finding that Venezuelan courts had already examined the origin of the funds.

**5. Swiss Investigation:**
Swiss authorities have investigated Betancourt for alleged money laundering between October 2010 and January 2018. In January 2025, following the arrest of Nicolás Maduro in the U.S., the Swiss Federal Council froze Betancourt's assets as a ""precautionary measure,"" naming him among 37 associates of the former Venezuelan president. He was arrested in the UK in connection with a Swiss extradition request and released on £2 million bail. As of late 2025, he was fighting extradition to Switzerland.

**6. Luxembourg Connections:**
The OCCRP's OpenLux investigation in 2021 revealed that Betancourt controls four companies registered in Luxembourg, which have been linked to alleged corruption and money-laundering networks connected to the Venezuelan state.

**7. Legal Disputes:**
Multiple lawsuits have been filed against Betancourt and Derwick Associates in U.S. courts, including by former Venezuelan ambassador Otto Reich and Human Rights Foundation director Thor Halvorssen Mendoza, alleging corruption, bribery, and fraud. These cases were dismissed on jurisdictional grounds, not on merits.

**8. Asset Freezes:**
Switzerland froze Betancourt's assets in 2025, and his cousins Francisco Convit and Pedro Trebbau are also on the Swiss frozen assets list as associates of former Venezuelan officials.

**Important Context:**
Despite these investigations and allegations, Betancourt has never been convicted of any crime. His attorney Jon Sale maintains that his client's assets and sources of funds are ""perfectly legal"" and that allegations of corrupt activities are ""categorically false."" Betancourt has characterized the allegations as ""politically motivated.""

Most recently, Betancourt has emerged as a central figure in a controversial oil deal between the Trump administration and Venezuela, granting the U.S. control over 17 Venezuelan oil fields with an estimated 65 billion barrels of reserves. U.S. Secretary of State Marco Rubio stated that Washington reviewed Betancourt's background and found no active investigation against him, though this claim has been questioned given the documented history of investigations across multiple jurisdictions.",True,PARTIAL,"The system's answer correctly identifies Betancourt López as a Venezuelan businessman with Derwick Associates connections and covers many risk events including corruption allegations, the 2025 London arrest, Spanish and Swiss investigations, and PDVSA-related schemes. However, it omits several specific corporate affiliations mentioned in the reference (B.G.B. Energy, Inversiones Ameritile, Listo Shipping, Energy Cargo 2000, Centro Tecnológico de Turbinas), misses key identifiers (cédula number, specific addresses, aliases), and contains a critical factual error stating the Spanish case was dismissed in March 2026 when the reference indicates it was reopened in June 2026."
linkup,73,"Who owns and controls Allwyn Investments Cyprus Ltd, and what companies is it connected to?","Allwyn Investments Cyprus Ltd is a Cyprus-registered limited company (Cyprus Registration Number HE 432870), based at Neocleous House, 195 Arch. Makariou III Avenue, Limassol, Cyprus. It was formerly known as Rubidium Holding 2 Ltd and is currently listed as registered/active.
The company has four recorded directors: Katerina Jagiello Brandysova, Dimitris Rotis (Δημήτρης Ρώτης), and Androulla Papadopoulou (Ανδρούλλα Παπαδοπούλου), a Cypriot national born April 14, 1957, who also holds addresses in Limassol and London and appears with multiple passport and Cyprus ID identifiers across different filings. In addition, the corporate entity Montrago Services Limited (registered in Cyprus, with UK and Malta ties, Cyprus Registration Number HE 52239, status active/registered) is listed as an officer of Allwyn Investments Cyprus Ltd.
On the ownership side, Allwyn Investments Cyprus Ltd is a shareholder of Kaizen Gaming Holding Ltd., a Malta-registered holding company (Malta Company Registration Number C-104894, registered capital €280,612.50, with two classes of ordinary shares — 550,000 Class A and 11,225 Class B shares). Kaizen Gaming Holding is described as a holding/head-office entity and also has a registered presence in Brazil (Brazil CNPJ 52.810.540/0001-34, active status) and a recorded beneficial ownership filing in Austria.
No adverse media, litigation, or risk events are recorded for Allwyn Investments Cyprus Ltd or its associated individuals and companies in this data set; all records are standard corporate registry filings.","## Ownership and Control of Allwyn Investments Cyprus Ltd

**Allwyn Investments Cyprus Ltd** (formerly known as **Rubidium Holding 2 Ltd**) is a Cyprus-registered holding company that forms part of the Allwyn International corporate structure. The company was renamed as part of Allwyn's global rebranding process announced in October 2022.

### Ultimate Ownership Structure

The ultimate ownership and control chain is as follows:

1. **Valea Foundation** (Liechtenstein) - The ultimate beneficial owner, with Czech billionaire **Karel Komárek** as the designated beneficiary
2. **KKCG Group AG** (Switzerland) - Investment holding company controlled by Valea Foundation
3. **Allwyn AG** (Switzerland) - 100% owned by KKCG Group AG (as of August 2025, KKCG holds 95.73% after selling 4.27% to J&T ARCH INVESTMENTS)
4. **Allwyn International AG** (Switzerland) - 100% owned by Allwyn AG
5. **Allwyn Greece & Cyprus Holding 2 Ltd** (Cyprus, company number HE287956) - Owned by Allwyn International AG
6. **Allwyn Investments Cyprus Ltd** - Part of the Cyprus holding structure

### Directors and Officers

According to Cyprus registry information, the company has the following key personnel:
- **Director**: Katerina Jagiello Brandysova
- **Director**: Andróulla Papadopoulou  
- **Director**: Dimitris Rotis
- **Secretary**: Montrago Services Limited

### Connected Companies

Allwyn Investments Cyprus Ltd is connected to several entities within the Allwyn group structure:

**Cyprus Entities:**
- **Allwyn Greece & Cyprus Holding Ltd** (HE320752) - Another Cyprus holding company in the structure
- **Allwyn Greece & Cyprus Holding 2 Ltd** (HE287956) - Related holding entity

**Operational Entities:**
- **OPAP S.A.** (Greece) - Allwyn International AG held 51.78% of OPAP before their merger was completed in March 2026, creating the second-largest listed lottery and gaming operator globally
- **Stoiximan** - Online sports betting and iGaming operator in Greece and Cyprus (now 100% owned by Allwyn through OPAP)

**Global Allwyn Group Companies:**
- **Allwyn Czech Republic Holding a.s.** (Czech Republic)
- **Allwyn Austria Holding companies** (Austria)
- **Allwyn UK Holding Ltd** (United Kingdom)
- **Allwyn North America Inc.** (United States)
- **Casinos Austria (CASAG)** - Austrian lottery and casino operator
- **LottoItalia** - Italian lottery operations (32.5% stake)
- **Instant Win Gaming** (70% stake)
- **PrizePicks** (62.3% stake acquired in January 2026)

### Business Purpose

Allwyn Investments Cyprus Ltd serves as an intermediate holding company within the Allwyn International structure, specifically focused on managing investments related to the Greece and Cyprus operations. The Cyprus holding structure was established to facilitate Allwyn's investments in OPAP and related gaming operations in the Greek and Cypriot markets.

### Corporate History

The company was originally named **Rubidium Holding 2 Ltd** and was renamed to **Allwyn Investment Cyprus Ltd** (also referred to as Allwyn Investments Cyprus Ltd) in October 2022 as part of Allwyn's comprehensive rebranding initiative that aligned all international entities under the Allwyn brand name.

### Current Status

Following the completion of the Allwyn-OPAP business combination in March 2026, the combined entity (now trading as Allwyn AG on the Athens Stock Exchange) is valued at approximately €16 billion. KKCG Group controls approximately 85% of voting rights in the combined company, with 78.4% economic interest held indirectly by KKCG Group and 21.6% representing the free float (including shares held by J&T ARCH).",True,PARTIAL,"The system's answer correctly identifies three of the four directors (Katerina Jagiello Brandysova, Dimitris Rotis, Androulla Papadopoulou) and Montrago Services Limited as secretary/officer, and mentions the former name Rubidium Holding 2 Ltd. However, it completely misses the key reference fact that Allwyn Investments Cyprus Ltd is a shareholder of Kaizen Gaming Holding Ltd (Malta), instead describing an entirely different ownership chain through Valea Foundation/KKCG/Allwyn AG and connections to OPAP, which are not mentioned in the reference answer at all."
linkup,75,"Who is Ali Ansari? What sanctions or watchlist designations apply to him, and what companies is he connected to?","Ali Ansari (also recorded as Ali Aliakbar Ansari, Aliakbar Ansari, and علی انصاری) is an Iranian businessman, born December 26, 1968, associated with Iran, the United Arab Emirates (Dubai), Cyprus, the United Kingdom, Saint Kitts and Nevis, Luxembourg, and Germany. He holds multiple passports (Iranian, Cypriot, and one from St Kitts and Nevis) and an Iranian national ID number.
He is currently sanctioned by several authorities. The U.S. Treasury's OFAC added him to the Specially Designated Nationals (SDN) List under Executive Order 13224 (terrorism), with secondary-sanctions exposure and links to the IRGC and Iran-related programs. The UK Consolidated Sanctions List designates him under the Iran (Sanctions) Regulations 2023, citing support for hostile Iranian government activity via economic resources to the IRGC, with an asset freeze, travel ban, and director disqualification. He also appears on the EU sanctions list (via the Official Journal of the EU / OpenSanctions), France's National Asset Freeze Register, Switzerland's SECO sanctions list, and the U.S. Consolidated Screening List for export controls.
The stated rationale across these listings is consistent: Ansari is described as the former owner of Bank Ayandeh (Ayandeh Bank) and of the Iran Mall, who used a network of companies and foreign banking channels — funded in part by Iranian oil sales — to move money abroad in support of Iran's military and the IRGC. He is also said to have acquired real estate and other assets in the EU and UK on behalf of individuals connected to Iran's leadership, including Mojtaba Khamenei, who is directly linked to him in the sanctions data.
His corporate network spans several jurisdictions. In Germany, he is a shareholder of Allsco GmbH (real estate/hospitality-related activities) and a beneficial owner, director, and shareholder of German ETD GmbH (construction-materials wholesale and R&D). In Luxembourg, he is the beneficial owner of Leopard Germany Bero 1 S.à r.l. and Leopard Germany Bero 2 S.à r.l. (holding companies) and of Tidalwave Holdings I S.à r.l. (a financial holding/""Soparfi""). In the UK/Isle of Man, he is the beneficial owner of Birch Ventures Limited, which owns UK real estate per the UK's Overseas Companies Ownership Data register. In the UAE, he is listed as beneficial owner, manager, and shareholder of TAT Building Materials Trading L.L.C. in Dubai. He is also linked to Ziba Leisure Limited (also known as Smart Global Limited), a Saint Kitts and Nevis/UK-registered holding company that is separately OFAC-sanctioned.
The data also shows a set of former (historical) roles in Iran, including director of and links to Bank Ayandeh, and board membership or links to a group of Iranian ""TAT"" companies and charitable foundations — among them Towse'e Sakhtemani Saman, Ansar Zarandieh Industrial Town Company, Tehran Pipe and Profile Manufacturing Company, Tat Ansar Investment Group, and several Tat-affiliated charitable foundations — reflecting his earlier business network inside Iran before his current sanctioned status.","Ali Ansari is a Dubai-based Iranian banker and businessman who has been designated for sanctions by multiple jurisdictions for his role in financially supporting Iran's regime and the Islamic Revolutionary Guard Corps (IRGC).

## Identity and Background

Ali Ansari (also known as Ali Aliakbar Ansari) is an Iranian national based in Dubai who was previously the owner and director of Ayandeh Bank, a now-defunct Iranian private bank. He holds citizenship from Saint Kitts and Nevis and Cyprus. Ansari is described by Western governments as having institutionalized embezzlement within the Iranian regime and amassed a global network of investment properties and financial holdings.

## Sanctions and Watchlist Designations

**United Kingdom Sanctions:**
- Sanctioned by the UK government under the Iran Sanctions Regulations (2023)
- Subject to an asset freeze, director disqualification, and travel ban
- The UK designated him as a ""corrupt Iranian banker and businessman"" for his role in financially supporting the activities of the IRGC
- UK authorities froze a London property portfolio worth more than £150 million

**United States Sanctions:**
- Designated by the U.S. Department of the Treasury's Office of Foreign Assets Control (OFAC) on July 10, 2026
- Sanctioned pursuant to Executive Order 13876 for materially assisting Mojtaba Khamenei (Iran's Supreme Leader)
- Also sanctioned pursuant to Executive Order 13224 (as amended) for acting on behalf of the IRGC
- All property and interests in property in the United States or under U.S. control are blocked
- U.S. persons are prohibited from transactions involving him

**European Union Sanctions:**
- Added to the EU's Regulation (EU) 267/2012 Iran sanctions list in July 2026
- The EU stated that Ansari uses foreign banking channels to transfer funds abroad from Iranian oil sales and acquires substantial assets including real estate in the EU and UK on behalf of persons connected to the Iranian leadership

## Connected Companies

Ali Ansari is connected to an extensive network of companies spanning multiple jurisdictions:

**Primary Holding Company:**
- **Smart Global Limited** (Saint Kitts and Nevis) - A holding company established in 2011 under the former name Ziba Leisure Limited. This is Ansari's main vehicle for overseas investments and has been sanctioned by the U.S. Treasury. Through Smart Global, Ansari invested in real estate and commercial properties throughout Germany, Luxembourg, Spain, the United Kingdom, Cyprus, the United Arab Emirates, and beyond.

**Banking:**
- **Ayandeh Bank** (Iran) - Ansari was the former owner and director of this Iranian private bank, which was sanctioned by the United States in 2018 and went bankrupt in mid-October 2025. The bank collapsed with nearly $5 billion in losses and was accused of operating as a Ponzi scheme, engaging in self-lending to Ansari's own companies. The Iranian government forced the bank's dissolution and folded it into state-owned Bank Melli.

**Real Estate and Commercial Holdings:**

*Luxembourg-registered companies:*
- **Tidalwave Holdings** (Luxembourg) - Used to hold European property assets
- **Tidalwave Holdings II S.à r.l.** (Luxembourg) - Incorporated in January 2015, registered in Windhof
- **Leopard Germany Bero 1 S.à r.l.** (Luxembourg) - Linked to German shopping center investments
- **Tidalwave Corporation** (Netherlands) - 94% owned by Tidalwave Holdings

*Major Property Assets:*
- **Iran Mall** (Tehran) - The world's largest shopping mall at 1,950,000 square meters, owned by Ayandeh Bank. Ansari was the original developer and chief executive of the Iran Mall construction project.
- **Hilton Frankfurt City Centre** (Germany) - Valued at approximately €80 million
- **Hilton Frankfurt Gravenbruch** (Germany) - Valued at approximately €80 million
- **Bero Oberhausen shopping centre** (Germany) - Valued at approximately €68 million, purchased for €49 million
- **Steigenberger golf and spa resort** at Camp de Mar (Mallorca, Spain) - A 164-room resort valued at approximately €22 million
- **Schlosshotel Kitzbühel** (Austria) - A five-star hotel
- **London properties** - A dozen mansions on The Bishops Avenue in north London (bought for approximately £73 million in 2013) and an additional mansion (bought for £33.7 million in 2014)

**Front Companies:**
The U.S. Treasury also sanctioned front companies associated with Ansari's network:
- **CDM Trading Limited** (Hong Kong) - Used to facilitate financial transactions
- **Naba Alzaki Raw Materials Trading LLC** (United Arab Emirates) - Used to facilitate financial transactions

## Allegations

According to U.S. and UK authorities, Ansari:
- Used his position at Ayandeh Bank to overextend loans and embezzle billions of dollars from the Iranian people
- Issued loans backed by Iran's Central Bank to his own companies and commercial ventures
- Diverted publicly funded wealth into overseas real estate and commercial holdings for himself, government elites, and the IRGC
- Used numerous shell companies and bank accounts across multiple jurisdictions to accumulate millions of dollars in holdings
- Managed assets on behalf of Iran's Supreme Leader Mojtaba Khamenei and other regime elites

Ansari's lawyer has stated that he strongly denies any financial relationship with the Revolutionary Guard and intends to challenge the UK sanctions.",True,PASS,"The system's answer correctly identifies Ali Ansari, his sanctions designations (OFAC/SDN, UK, EU, and others), his connection to the IRGC and Iranian leadership including Mojtaba Khamenei, and his corporate network spanning multiple jurisdictions including the key entities mentioned in the reference (Bank Ayandeh, Iran Mall, Smart Global/Ziba Leisure, Luxembourg holding companies, German properties, UAE companies). While the system includes additional detail about specific properties and allegations not in the reference, and has a minor date error (stating July 2026 instead of an actual past date), the core facts are consistent and substantially cover all key points from the reference answer."
