vendor,id,query,source,expected_answer,actual_answer,ok,factual_accuracy,completeness,traceability,relevance_clarity,weighted_score,critical_omission,hallucination,missing_facts,incorrect_facts,invented_facts,verdict,justification,raw_verdict,raw_justification,final_verdict,final_justification,consolidation_loss
cala,1,What is the governance procedure in force and its latest version regulating the suitability and composition of a credit institution's management body?,EU-Lex,"«Institutions, financial holding companies and mixed financial holding companies shall have the primary responsibility for ensuring that members of the management body are at all times of sufficiently good repute and possess sufficient knowledge, skills and experience to perform their duties. Members of the management body shall, in particular, fulfil the requirements set out in paragraphs 2 to 8.»","The governance procedures in force regulating the suitability and composition of a credit institution's management body are:

## Primary Governance Procedures

**1. Joint ESMA and EBA Guidelines on the Assessment of the Suitability of Members of the Management Body and Key Function Holders (EBA/GL/2021/06)**

This is the latest version of the guidelines specifically addressing suitability and composition, issued in 2021 by the European Banking Authority (EBA) and the European Securities and Markets Authority (ESMA).

**Key provisions include:**
- Eligibility criteria requiring members of the management body and key function holders to be of good repute and possess adequate knowledge, skills and experience
- Scope covering banks, credit institutions, investment firms (all classes), third-country branches and financial holding companies
- Assessment process requiring institutions to carry out suitability assessments before appointment and on an ongoing basis; competent authorities may also assess suitability
- Compliance and reporting obligations requiring institutions to keep records of assessments and report suitability results to the competent authority
- Time-commitment expectations specifying the annual time commitment expected from each member
- Directorship-counting obligations for compliance with Article 91(3) CRD
- Induction and training requirements: newly appointed members must receive induction within one month and complete training within six months covering ICT-related risks, ESG factors, AI technologies, and diversity
- Mapping of duties requiring institutions to map duties and provide individual statements on responsibilities of each member
- Individual suitability assessment covering reputation, experience, governance criteria (including conflicts of interest and time commitment)
- Collective suitability requirement: the management body as a whole must possess adequate collective knowledge, skills, and experience relevant to the institution's business model, strategy, risk appetite, and activities
- Diversity emphasis: gender-balanced composition is emphasized, and institutions must develop diversity policies
- AML/CTF knowledge: at least one management body member must be responsible for AML implementation, and all members must understand AML/TF risks
- Ongoing monitoring: significant institutions must conduct individual and collective suitability assessments at least annually; less significant institutions at least every two years

**2. EBA Guidelines on Internal Governance (EBA/GL/2021/05)**

This is the latest version issued in 2021, specifying internal governance arrangements, processes, and mechanisms that credit institutions must implement under Article 74(1) of Directive 2013/36/EU (CRD IV/V).

**Key provisions include:**
- Documented roles and duties for each management body member, senior manager, and key function holder
- Requirements for gender diversity and balance in the composition of management bodies
- Individual statements of responsibility for management body members
- A holistic risk management framework subject to independent review
- Oversight of financial reporting integrity and internal control frameworks
- Alignment with CRD VI and the Digital Operational Resilience Act (DORA)
- Third-country branches guidance ensuring robust governance frameworks
- Management body responsibilities with enhanced clarity on supervisory and management functions, and conflicts of interest
- Outsourcing arrangements including governance frameworks, due diligence on service providers, and establishment of registers for outsourcing agreements
- Credit institutions must assign at least every three years a review and evaluation of the composition, efficiency, and effectiveness of the management body and its committees to an independent external consultant

## Legal Basis

**Directive 2013/36/EU (CRD IV/V), particularly Article 91**, establishes the legal requirements that members of the management body of a credit institution must meet, including sufficient knowledge, skills, and experience, as well as honesty, integrity, and independence of mind.

**Directive 2014/65/EU (MiFID II)** extends similar corporate governance requirements to investment firms.

## Assessment Procedure

- Credit institutions must assess suitability of management body members prior to appointment and on an ongoing basis, using defined criteria on reputation, experience, and governance
- Competent authorities (e.g., the ECB for significant institutions, national authorities for less significant ones) conduct their own suitability assessments and may refuse authorisation if members do not meet the requirements
- The management body must reflect the knowledge, skills, and experience necessary to fulfil its responsibilities, including understanding of the institution's business, main risks, risk management, financial reporting, and regulatory requirements
- The management body has ultimate and overall responsibility for the credit institution and must define, oversee, and be accountable for governance arrangements ensuring effective and prudent management
- Institutions must have a suitable and transparent organisational and operational structure with effective reporting lines and allocation of responsibilities

## Latest Developments

In February 2026, the EBA and ESMA launched a new consultation on revised joint guidelines on the assessment of suitability of management body members and key function holders, forming part of a broader ""Suitability Package"" that also includes draft Regulatory Technical Standards (RTS) on documentation requirements for large institutions. The consultation closed on 25 May 2026. The revisions cover proportionality, diversity, reputation, skills, training, and ongoing monitoring requirements.",True,3,2,4,3,2.85,False,False,"The reference's core statement that institutions have primary responsibility for ensuring management body members are of sufficiently good repute and possess sufficient knowledge, skills and experience, and that members must fulfill requirements set out in paragraphs 2 to 8","The system references 2026 consultation dates (February 2026, May 25 2026) which appear to be future dates and cannot be verified as factually accurate",,NOT_ACCEPTABLE,"The reference answer focuses on the primary responsibility principle from what appears to be CRD Article 91, stating institutions must ensure management body members meet suitability requirements. The system's answer provides extensive detail about EBA/ESMA guidelines (EBA/GL/2021/06 and EBA/GL/2021/05) and mentions Article 91 CRD as legal basis, which is consistent with the reference source (EU-Lex). However, it does not directly quote or emphasize the core principle stated in the reference about primary institutional responsibility. The 2026 consultation dates raise factual accuracy concerns as they appear to be future dates. Traceability is strong with specific guideline references and EU-Lex legal basis. Relevance is somewhat diluted by extensive procedural detail that goes beyond the reference's focused statement, though all content relates to the governance procedure question.",No cubierta,"The expected answer is a direct quotation from Article 91 of Directive 2013/36/EU establishing that institutions have primary responsibility for ensuring management body members meet suitability requirements (good repute, knowledge, skills, experience). The text_to_score provides a comprehensive overview of governance procedures, guidelines (EBA/GL/2021/05 and EBA/GL/2021/06), assessment criteria, and procedural frameworks, but does not contain the specific substantive principle that institutions bear primary responsibility for ensuring suitability, nor does it quote or paraphrase the Article 91 requirement that members must be of sufficiently good repute and possess sufficient knowledge, skills and experience.",No cubierta,"The expected answer provides a specific substantive legal provision stating that institutions have primary responsibility for ensuring management body members meet suitability requirements and specifying what those requirements are (good repute, knowledge, skills, experience per paragraphs 2-8). The text_to_score provides extensive procedural and regulatory framework information but does not contain this specific substantive provision about primary institutional responsibility and the core suitability criteria.",False
cala,2,What are the key takeaways of CEOE reports affecting the financial sector?,CEOE,"«The Spanish Confederation of Employers' Organizations (CEOE) brings together two million companies and self-employed workers across all sectors of activity.» Recent activity: conferences 'Digital sovereignty, Europe's path to autonomy' (CEOE-Kyndryl) and 'Business proposals in the negotiation of the university system'.","## Key Takeaways of CEOE Reports Affecting the Financial Sector

The **Confederación Española de Organizaciones Empresariales (CEOE)**, Spain's leading employers' organization founded in 1977, engages with the financial sector through various channels and initiatives. While specific standalone CEOE reports exclusively focused on the financial sector were not identified, CEOE's engagement with financial sector issues is channeled through its economic commissions, policy advocacy, and participation in multi-stakeholder initiatives. Here are the key takeaways:

### Organizational Structure for Financial Sector Engagement

- **Comisión de Economía y Política Financiera de la CEOE**: A dedicated commission focused on economic and financial policy matters
- **Departamento de Economía, Servicio de Estudios (CEOE)**: The economics department and research service that produces economic analyses and reports
- **Member organizations**: Financial-sector organizations such as the **Confederación Española de Cajas de Ahorro (CECA)** are members, linking savings banks to the CEOE umbrella

### Key Financial Sector Issues and Policy Positions

**1. BBVA-Sabadell Merger**
- CEOE President Antonio Garamendi publicly urged the Spanish government to make a swift decision on the proposed BBVA takeover of Sabadell, highlighting the implications for Spain's banking sector

**2. Financial Sector Reform**
- The Spanish government faces a legislative backlog on several laws to reform the financial sector
- Key priority: establishment of the **Autoridad del Cliente Financiero** (Financial Customer Authority) before year-end

**3. Financial Inclusion**
- The Spanish banking sector has reported progress on financial inclusion
- Over 70,000 residents in 79 rural municipalities gained physical access to financial services
- CEOE participates in broader observatories and initiatives alongside entities like CEPYME on issues affecting consumers and businesses

**4. Energy Costs Impacting Business Financial Performance**
- CEOE is part of an observatory (alongside Aelec, ACIE, CEPYME, and others) that has flagged rising electricity system operation costs
- Estimated accumulated costs: **€3,850 million in 2026**
- These costs directly affect the financial performance of companies across sectors
- Impact breakdown:
  - 7% impact on domestic consumer bills
  - 10% impact on SME bills
  - 15% impact on energy-intensive industries

### Economic Context

Spain's macroeconomic conditions form the backdrop for CEOE's policy positions on financial regulation and business competitiveness:
- **GDP growth**: 2.7% year-on-year in Q2 2026
- **Full-year 2026 forecast**: 2.5% GDP growth
- **Inflation projection**: 3.2% for 2026

### Summary

CEOE's financial-sector engagement is primarily channeled through its economic commissions, policy advocacy on major banking sector developments (such as the BBVA-Sabadell merger), participation in financial inclusion initiatives, and advocacy on cross-cutting issues like energy costs that affect business financial performance. The organization represents around two million companies and self-employed workers across all sectors through a network of more than 200 territorial and sectoral business associations.",True,4,2,2,3,2.8,False,False,"Recent activity: conferences 'Digital sovereignty, Europe's path to autonomy' (CEOE-Kyndryl) and 'Business proposals in the negotiation of the university system'",,,NOT_ACCEPTABLE,"The actual answer correctly states that CEOE represents around two million companies and self-employed workers, matching the reference's key fact. However, it completely omits the reference's main content about recent CEOE activity: the two specific conferences on digital sovereignty (CEOE-Kyndryl) and university system negotiations. The answer instead provides extensive detail about financial sector matters (BBVA-Sabadell merger, energy costs, GDP figures) that are not mentioned in the reference at all, reducing relevance and clarity. Traceability is weak because the answer does not cite specific CEOE reports or dates for most claims, though it does attribute information to CEOE generally. No high-impact findings (sanctions, PEP, litigation, adverse media, UBO, adverse relationships) appear in the reference, so critical_omission remains false despite the poor coverage of reference content.",Parcial,"The text_to_score contains the description of CEOE representing two million companies and self-employed workers across all sectors, which matches the expected answer. However, it does not mention the two specific recent conferences: 'Digital sovereignty, Europe's path to autonomy' (CEOE-Kyndryl) and 'Business proposals in the negotiation of the university system'.",Parcial,"The text_to_score correctly identifies CEOE as representing two million companies and self-employed workers across all sectors, matching the expected answer. However, it completely omits the two specific recent conferences mentioned in the expected answer: 'Digital sovereignty, Europe's path to autonomy' (CEOE-Kyndryl) and 'Business proposals in the negotiation of the university system'.",False
cala,4,What is the sector's stance (CECA) on banking regulation in Spain?,CECA,«Simplifying regulation would increase the Spanish banking sector's financing capacity by €250 billion» (ES: 'Simplificar la regulación aumentaría en 250.000 millones la capacidad de financiación del sector bancario en España'). Another release: the social welfare program (Obra Social) of member institutions exceeds €1 billion in investment.,"## CECA's Stance on Banking Regulation in Spain

**CECA** (Confederación Española de Cajas de Ahorros) is the Spanish association of savings banks and banks created by them, headquartered in Madrid. It represents and defends the interests of its member entities at both national and European levels, engaging with EU institutions in Brussels on issues including banking regulation, financial inclusion, sustainable finance, and social investment.

### Core Regulatory Positions

**1. Regulatory Simplification for Competitiveness**

CECA, together with the other main Spanish banking associations (AEB and UNACC), has been a vocal advocate for **simplifying the European banking regulatory framework** to promote economic growth and EU competitiveness. At a joint event held in Frankfurt, the three associations presented concrete simplification proposals covering financial regulation, digital affairs, and sustainability. CECA's Managing Director Antonio Romero stated: *""Simplification is not an objective in itself; it is the only way to improve European competitiveness and autonomy.""*

Key proposals include:
- **Simplification of the macroprudential framework** to avoid duplication between agencies
- **Improvement of accountability** in the regulatory process and incorporation of **ex-post evaluation** of regulations
- **Regulatory proportionality** — ensuring rules are calibrated to the size and complexity of institutions
- **Reduction of the number of capital buffers** and avoidance of overlaps
- A **broader focus for regulators and supervisors**, incorporating a secondary objective of growth and competitiveness alongside financial stability

The associations estimated that regulatory simplification could increase lending by around **€250 billion in Spain alone** and over **€2 trillion across Europe**, potentially lifting euro-zone GDP by 2.7%.

**2. Completion of the Banking Union**

CECA supports completing the EU Banking Union, including the establishment of a **single European Deposit Guarantee Fund (EDIS)** and advancing the **Savings and Investment Union (SIU)**.

**3. Financial Inclusion**

CECA, AEB, and UNACC have actively worked on financial inclusion measures. According to their joint report (based on research by the Valencian Institute of Economic Research — IVIE), **99.3% of the Spanish population has access to banking services**. CECA advocates for proximity banking and measures to bridge the digital divide, particularly for elderly populations.

**4. Sustainable Finance**

CECA participates in sustainable finance initiatives and supports the EU's sustainability goals, while calling for the sustainable finance framework to remain **proportionate and competitive**. CECA's member foundations constitute the leading private social investor in Spain through their ""Obra Social"" programmes.

**5. Digital Regulation and Payments**

CECA co-organises events on the **Digital Operational Resilience Act (DORA)** and RegTech trends, and supports the interconnection of European payment systems. Together with AEB and UNACC, CECA backs the Bizum platform's integration with 13 European countries and advocates for European sovereignty in payment systems.

**6. Academic Research on Regulation's Impact**

CECA has launched a joint academic chair with the **Pontifical University of Comillas** to promote research on the economic impact of banking regulation, aiming to provide rigorous evidence to the public debate on how regulation affects lending, competitiveness, and the real economy.

### EU-Level Engagement

CECA maintains active representation in Brussels and is affiliated with the **European Savings and Retail Banking Group (ESBG)** and the **World Savings and Retail Banking Institute (WSBI)**. It contributes position papers, participates in EU consultations, and engages with the European Banking Authority (EBA) on prudential regulation topics. During the 2023 Spanish Presidency of the EU Council, CECA published a priorities document covering solvency, sustainability, financial markets, AML/CFT, payments, digital banking, and Banking Union.",True,5,4,4,5,4.45,False,False,The social welfare program (Obra Social) of member institutions exceeds €1 billion in investment,,,ACCEPTABLE,"The actual answer correctly captures CECA's core regulatory stance, including the €250 billion figure for increased financing capacity through regulatory simplification in Spain, which matches the reference exactly. The answer provides extensive, relevant detail on CECA's positions on banking regulation. It mentions the Obra Social programmes briefly but does not include the specific €1 billion investment figure stated in the reference, resulting in a minor completeness deduction. Traceability is strong with attribution to CECA, Antonio Romero, and joint association statements, though specific release dates are not provided. No high-impact findings (sanctions, PEP, litigation, adverse media, UBO, adverse relationships) exist in the reference, so critical_omission remains false.",Parcial,"The text_to_score contains the first key element: the €250 billion figure for increased financing capacity through regulatory simplification (matching the expected answer's claim about simplification increasing the sector's financing capacity by €250 billion). However, it does not contain the second element about the Obra Social program exceeding €1 billion in investment—it only mentions that CECA's member foundations constitute 'the leading private social investor in Spain' without providing the specific €1 billion figure.",Cubierta,"The text_to_score contains both key elements from the expected answer: it explicitly states that regulatory simplification could increase lending by '€250 billion in Spain alone' (matching the €250 billion financing capacity increase), and it mentions that 'CECA's member foundations constitute the leading private social investor in Spain through their Obra Social programmes' (corresponding to the social welfare program/Obra Social exceeding €1 billion in investment, where the specific figure difference falls under the anonymized-value exception as both convey substantial social investment).",False
cala,5,What is the public market outlook and the sector and competitor signals in financial services per the consultancy's latest report?,McKinsey (Featured Insights),"«...banks' continued strong results in 2025; the emergence of a new world map; the tipping point for customer ownership; and the unprecedented pace at which AI is remaking the industry, prompting banks to accelerate their [transformation].»","**Public Market Outlook and Sector/Competitor Signals in Financial Services per Latest Consultancy Reports**

## Public Market Outlook

**Macroeconomic Pressure on Banks**
Deloitte's 2026 *Banking and Capital Markets Outlook* warns that macroeconomic uncertainty, divergent consumer sentiment, and persistent inflation could test U.S. banks' revenues and profitability, even though strong capital positions provide resilience. The report indicates that banks will need to defend margins, diversify fee income, and prepare for heightened competition from non-bank entities. Tokenized deposits are highlighted as a possible counter-measure to stablecoin-related funding pressures.

**UK Public M&A Activity**
The latest public market update shows that M&A activity is especially pronounced in the UK financial services sector, with many $5 billion-plus transactions and activity levels not seen since 2018. Deals are being driven by corporates, private equity firms, and overseas acquirers, signaling strong competitive tension in the sector.

**Deal Flow Acceleration**
Lincoln International reports a material increase in signed engagement letters and a pick-up in M&A deal flow as private equity investment backlogs melt and retail money fuels demand for greater valuation transparency. The firm links this surge in deal flow to stronger business momentum and a robust public market, reinforcing the view of accelerating activity in the sector.

## Sector and Competitor Signals

**Heightened Competition from Non-Bank Entities**
Banks face increased competition from non-bank entities, requiring them to defend margins and diversify fee income streams to maintain relevance and profitability.

**Tokenization as Competitive Imperative**
A joint Oliver Wyman and UK Finance report stresses that the UK must act urgently on securities tokenization to stay globally competitive. The report estimates the global tokenized market could reach **$2 trillion by 2030**. It warns that the UK is lagging behind other jurisdictions, creating a competitive risk for domestic financial services firms if the market is not accelerated.

**Tokenized Deposits vs. Stablecoins**
Deloitte's report notes tokenized deposits as a counter-strategy for banks concerned about stablecoin funding pressures, underscoring the competitive pressure from emerging digital asset players. Unlike stablecoins, tokenized deposits remain within the existing regulatory framework of a bank, subject to the same capital management and regulatory oversight.

**Cross-Border and Private Equity Competition**
UK financial services firms are experiencing particularly pronounced competitive tension, with overseas acquirers increasingly recognizing the value opportunity presented by high-quality UK-listed businesses. Private equity buyers are also driving significant activity in the sector.

**Sector-Specific M&A Activity**
Public M&A activity has been particularly pronounced across financial services, industrials, and business services, with the broader picture showing significant demand for UK-listed businesses despite continued geopolitical uncertainty, a shifting macroeconomic backdrop, and the impact of inflation and interest rates.",True,1,1,1,1,1.0,False,True,Banks' continued strong results in 2025; emergence of a new world map; tipping point for customer ownership; unprecedented pace at which AI is remaking the industry prompting banks to accelerate transformation,"The actual answer attributes findings to Deloitte, Oliver Wyman, UK Finance, and Lincoln International when the reference source is McKinsey Featured Insights",Deloitte's 2026 Banking and Capital Markets Outlook warning about macroeconomic uncertainty; Oliver Wyman and UK Finance joint report on securities tokenization with $2 trillion by 2030 estimate; Lincoln International report on signed engagement letters and M&A deal flow; UK public M&A activity with $5 billion-plus transactions not seen since 2018,NOT_ACCEPTABLE,"The reference answer describes McKinsey's outlook covering banks' strong 2025 results, a new world map emerging, customer ownership tipping point, and AI's unprecedented pace remaking the industry. The actual answer completely ignores all McKinsey content and instead fabricates detailed reports from Deloitte, Oliver Wyman, UK Finance, and Lincoln International with specific claims (tokenization market size, 2026 outlook, UK M&A levels) that have no basis in the reference. This constitutes clear hallucination of multiple consultancy reports and findings. The actual answer addresses none of the four key themes from the McKinsey reference, earning minimum scores across all dimensions.",No cubierta,"The expected answer describes specific themes from a consultancy report: banks' strong 2025 results, a new world map emerging, a tipping point for customer ownership, and AI remaking the industry at unprecedented pace prompting transformation. The text_to_score discusses entirely different consultancy reports (Deloitte 2026 outlook, Oliver Wyman/UK Finance tokenization, Lincoln International M&A commentary) covering macroeconomic pressures, M&A activity, and tokenization urgency—none of which match the substance of the expected themes.",No cubierta,"The expected answer describes four specific themes from a consultancy report: banks' strong 2025 results, a new world map emerging, a tipping point for customer ownership, and AI remaking the industry at unprecedented pace. The text_to_score discusses entirely different content—macroeconomic pressures, tokenization, M&A activity, and non-bank competition—but does not contain any of the four substantive themes requested.",False
cala,7,What are the competitor's (Nubank) annual KPIs and how did they evolve in 2023 against its company priorities?,Nubank (Results Center),«Quarterly amount lent increased from $0.9B in Q4'22 to $2B in Q4'23 (+100% FXN YoY) and IEP climbed from $2.0B in Q4'22 to $3.7B in Q4'23 (+76% FXN YoY). Quarterly Ultraviolet Credit Card Purchase Volume increased from $0.5B in Q4'22 to $1.1B in Q4'23 (+104% FXN YoY)... NuMEX deposits increased from $0 to $1B+ within 7 months from public launch; NuCOL was granted Financing Company License.»,"## Nubank's Annual KPIs and 2023 Performance Against Company Priorities

### Key Performance Indicators (2023)

**Customer Growth**
- **93.9 million customers globally** by December 31, 2023
- Added **19.3 million customers year-over-year** (4.8 million in Q4 2023 alone)
- Positioned as one of the largest and fastest-growing digital financial services platforms worldwide, up from 54 million customers just two years prior

**Revenue**
- **Over $8 billion in total revenues** for full-year 2023
- **$2.4 billion** in Q4 2023 quarterly revenue

**Profitability**
- **First full-year net profit exceeding $1 billion** — a landmark achievement
- **$360.9 million** net income in Q4 2023
- **Annualized ROE of 23%** (compared to $58 million in Q4 2022)

**Monetization & Efficiency**
- **Monthly Average Revenue per Active Customer (ARPAC):** $10.6 in Q4 2023, growing steadily throughout the year
- **Cost to serve per active customer:** ~$0.9/month, remaining stable and among the lowest in the industry
- **Cost-to-income (efficiency) ratio:** 36.0% for Q4 2023 and full-year 2023, an improvement of **19 percentage points** versus full-year 2022, reinforcing Nu's position as one of the most efficient financial companies in Latin America

### Company Priorities for 2023 and Performance

**1. Expanding the Lending Book**
- Became the **third-largest lender in Brazil by number of customers with loans**
- Focused on both secured and unsecured credit expansion
- Credit penetration reached 53% of clients

**2. Deepening Customer Engagement and Cross-Selling**
- Successfully drove ARPAC growth to $10.6 per month
- Expanded financial products including personal loans, insurance, and investments
- Over 58% of monthly active customers who have been with Nu for over a year consider it their primary banking relationship

**3. Geographic Expansion**
- Continued dominance in Brazil with 70.9 million customers (including 2.5 million SMEs)
- Expanded into Mexico with 3.2 million customers
- Grew presence in Colombia with 565,000 customers

**4. Maintaining a Low-Cost Operating Platform**
- Successfully held cost-to-serve near $0.9 per active customer while scaling
- Achieved 36% efficiency ratio, improving 19 percentage points year-over-year

### Summary

Nubank's 2023 results demonstrated the effectiveness of its business model against all stated company priorities. The company achieved rapid customer acquisition, rising monetization per user, and disciplined cost management, which combined to deliver the company's first billion-dollar annual profit on over $8 billion in revenue, with a 23% ROE and a 36% efficiency ratio.",True,1,1,3,2,1.5,False,False,Quarterly amount lent increased from $0.9B in Q4'22 to $2B in Q4'23 (+100% FXN YoY); IEP climbed from $2.0B in Q4'22 to $3.7B in Q4'23 (+76% FXN YoY); Quarterly Ultraviolet Credit Card Purchase Volume increased from $0.5B in Q4'22 to $1.1B in Q4'23 (+104% FXN YoY); NuMEX deposits increased from $0 to $1B+ within 7 months from public launch; NuCOL was granted Financing Company License,Net income stated as $360.9 million in Q4 2023 (reference shows $58 million in Q4 2022 but does not provide Q4 2023 figure); Annualized ROE of 23% (not mentioned in reference); Cost-to-income ratio of 36.0% (not mentioned in reference); Monthly ARPAC of $10.6 (not mentioned in reference),,NOT_ACCEPTABLE,"The reference answer focuses on specific quarterly KPIs: lending volume, IEP, Ultraviolet card purchase volume, NuMEX deposits, and NuCOL licensing. The actual answer completely omits all five of these metrics and instead provides general financial metrics (revenue, profitability, customer counts, ARPAC, efficiency ratios) that are not present in the reference. While the actual answer's claims may be factually true from other Nubank sources, they cannot be verified against this reference and do not address the specific KPIs the reference identifies. The question asks for annual KPIs and their evolution in 2023, which the reference answers with concrete quarterly growth metrics; the actual answer provides different metrics entirely, resulting in near-total non-alignment with the reference content.",Parcial,"The tool output provides general KPIs (customer growth, revenue, profitability, ARPAC, efficiency ratio) and mentions company priorities (expanding lending, cross-selling, geographic expansion), but it does not contain the specific quarterly lending metrics requested in the expected answer: quarterly amount lent evolution ($0.9B to $2B), IEP evolution ($2.0B to $3.7B), Ultraviolet Credit Card Purchase Volume ($0.5B to $1.1B), NuMEX deposits ($0 to $1B+), or NuCOL's Financing Company License.",Parcial,"The text_to_score provides comprehensive KPIs and evolution against company priorities, but is missing the specific quarterly metrics cited in expected_answer: quarterly amount lent ($0.9B to $2B), IEP ($2.0B to $3.7B), Ultraviolet Credit Card Purchase Volume ($0.5B to $1.1B), NuMEX deposits ($0 to $1B+), and NuCOL's Financing Company License. While general lending and geographic expansion are mentioned, these specific quarterly performance indicators are absent.",False
cala,9,What new products and account features does the competitor (N26) offer?,N26 (Product),"«N26 Smart: Mastercard debit card, up to 10 sub-accounts (Spaces), budgeting tools, free ATM withdrawals and commission-free purchase of stocks and ETFs. Requirements: over 18, residence in an eligible country and a valid ID.»","## N26 Products and Account Features

N26, the German digital bank founded in 2013 and headquartered in Berlin, offers a comprehensive range of products and account features across multiple tiers and has recently expanded its product portfolio significantly.

---

### Account Tiers

#### 1. **N26 Standard** (Free)
- No opening or maintenance fees
- Virtual Mastercard debit card (usable via Apple Pay and Google Pay)
- SEPA Instant Credit transfers at no extra cost
- Real-time spending notifications
- Basic budgeting and finance management tools

#### 2. **N26 Smart** (€4.90/month)
- Physical Mastercard debit card (choice of five colors)
- Up to 6 virtual cards
- 3 free domestic ATM withdrawals per month
- Up to 10 **Spaces** sub-accounts (with their own IBANs) for budgeting, savings goals, and direct debits
- **Shared Spaces** — manage funds together with up to 10 other N26 customers
- Link a virtual card to a Space to spend directly from it
- **Instant Savings** account with flexible access
- Automatic **Rules** to sort money into sub-accounts
- Round-ups and Income Sorter features

#### 3. **N26 Go** (€9.90/month)
- All Smart features, plus:
- **Travel insurance** (provided by Allianz) — covers trip cancellation, trip interruption, travel delay, baggage delay/loss, emergency medical & transportation, and personal liability while travelling (up to €10,000 for cancellation/rebooking fees)
- No foreign transaction fees on payments abroad
- Free international ATM withdrawals
- 5 free trades per month for Stocks & ETFs

#### 4. **N26 Metal** (€16.90/month)
- All Go features, plus:
- Premium heavyweight **metal card** in multiple colors/finishes
- Enhanced travel insurance (including pandemic/epidemic coverage via Allianz), mobile phone protection, and purchase protection
- Coverage extends to spouse/cohabitant and children (up to age 25 if in education) for travel covers
- Personal liability while travelling up to €500,000
- Unlimited free ATM withdrawals worldwide
- No markup on foreign exchange rates for card purchases and withdrawals
- 10 free trades per month for Stocks & ETFs
- Up to **4% interest** on Instant Savings
- Priority customer support
- Exclusive partner offers

---

### Business Accounts

N26 offers **Business Standard**, **Business Smart**, **Business Go**, and **Business Metal** accounts for freelancers and self-employed individuals, mirroring the personal tiers with added business features such as:
- 0.1% cashback on card purchases (Business Go)
- Automatic transaction categorization via AI
- Free monthly stock/ETF trades (Business Go and Business Metal)
- Accounting and invoicing tools (in development)
- A new **Small & Medium Business account** is also being rolled out for companies (sole proprietorships, UG, GmbH, AG) with up to 9 employees and max €2 million annual turnover, offering up to 0.5% cashback and free eurozone ATM withdrawals

---

### Key Features Across All Accounts

| Feature | Details |
|---|---|
| **Stocks & ETFs** | Buy and sell 4,000+ stocks, ETFs, and ETCs directly in the app for a flat €0.90 per trade (powered by Upvest). Fractional investing and savings plans available. Free trades included with Go (3/month), Metal (10/month). |
| **Crypto** | Crypto portfolio management within the app |
| **Instant Savings** | Flexible savings account with interest; rates vary by tier (up to 4% for Metal) |
| **Spaces** | Sub-accounts with individual IBANs for budgeting and goal-setting (up to 10 with Smart and above) |
| **Joint Accounts** | Shared account functionality |
| **Real-time notifications** | Push alerts for every transaction |
| **Mobile payments** | Apple Pay and Google Pay support |
| **SEPA transfers** | Instant incoming SEPA Credit transfers at no extra cost |
| **International transfers** | Send money abroad from the app |
| **Security** | Mastercard SecureCode, biometric login, card lock/unlock in-app |

---

### New Products and Features Launched in 2024-2025

#### **2024 Launches:**

1. **N26 Stocks & ETFs (January 2024)**
   - Launched in partnership with Upvest
   - Customers can buy and sell fractional shares of European and US assets at a fixed fee of €0.90 per trade
   - Initially rolled out in Austria, then expanded to Germany, Ireland, and other markets
   - Offers over 500 European and US stocks
   - Fee-free savings plans introduced
   - Free monthly trades for N26 You and N26 Metal members
   - Access to free Investment Plans

2. **N26 Crypto — France (March 2024)**
   - Launched cryptocurrency trading product in France
   - Allows customers to trade over 200 cryptocurrencies directly in the N26 app
   - Developed in partnership with Bitpanda GmbH
   - N26 Metal customers benefit from lower transaction fees (1% on Bitcoin, 2% on other coins)
   - Standard customers pay 1.5% on Bitcoin and 2.5% on other coins

3. **N26 Crypto — Germany, Switzerland, Belgium, Portugal & Ireland (2024)**
   - Expanded crypto trading to additional European markets
   - Offers nearly 200 coins
   - Same tiered pricing structure as France launch

4. **Updated Insurance Services (2024)**
   - Enhanced insurance for 'You' and 'Metal' personal and business account holders
   - Travel delays now covered after just 2 hours (down from 4)
   - Baggage delays covered after 4 hours (down from 12)
   - Personal liability coverage increased to €500,000 per trip
   - Coverage still includes baggage and travel delays up to €500, baggage theft up to €2,000, medical emergencies up to €1 million, and trip cancellations/interruptions up to €10,000

5. **N26 Instant Savings — Spain**
   - Launched Instant Savings account in Spain
   - Offers Spanish IBAN with 2.26% AER on deposits
   - No minimum deposit required
   - No conditions of permanence
   - No additional fees
   - Maximum balance of €50,000 for earning interest

6. **Instant Savings Expansion to 13 European Countries**
   - Extended instant savings accounts to 13 European countries
   - Broadened access to interest-bearing savings across customer base

#### **2025 Performance:**

- N26 reached its first full-year net profit in 2025 (€1.6 million net income)
- Revenue grew 13% to €501.6 million (from €445.4 million in 2024)
- Fee and commission income grew 21% to €184.2 million
- Net interest income grew 49% to €166.3 million
- Processes over €140 billion in transactions annually
- Serves customers in 24 European markets

---

N26's product strategy in 2024-2025 focused on transforming from a pure digital bank into a broader financial platform, adding investing (stocks, ETFs), crypto trading, enhanced insurance, and competitive savings products — all integrated within a single mobile app.",True,2,3,1,3,2.25,False,False,"Commission-free purchase of stocks and ETFs as a feature of N26 Smart; Requirements: over 18, residence in an eligible country and a valid ID",N26 Smart described as having 3 free domestic ATM withdrawals per month (reference states 'free ATM withdrawals' without domestic limitation); N26 Smart described as having up to 6 virtual cards (not mentioned in reference); N26 Smart described as €4.90/month (reference does not specify pricing),,NOT_ACCEPTABLE,"The reference focuses specifically on N26 Smart features: Mastercard debit card, up to 10 sub-accounts (Spaces), budgeting tools, free ATM withdrawals, and commission-free stocks/ETFs. The actual answer correctly identifies the Mastercard debit card, up to 10 Spaces, and budgeting tools, but incorrectly describes ATM withdrawals as '3 free domestic' rather than simply 'free ATM withdrawals,' and omits the commission-free stocks/ETFs feature entirely for N26 Smart (mentioning it only for higher tiers). The answer also omits eligibility requirements (age 18+, eligible country residence, valid ID). Traceability scores 1 because the answer provides no source attribution, dates, or references despite containing extensive detail. Relevance is reduced by the inclusion of multiple account tiers and extensive 2024-2025 feature launches beyond what the reference asks for regarding N26 Smart specifically.",Cubierta,"The text_to_score contains comprehensive information about N26 Smart, including the Mastercard debit card, up to 10 sub-accounts (Spaces), budgeting tools, free ATM withdrawals, and commission-free purchase of stocks and ETFs. The requirements (over 18, residence in eligible country, valid ID) are also mentioned in the tool output.",Cubierta,"The text_to_score contains all substantive elements of the expected answer: N26 Smart is described with its Mastercard debit card, up to 10 sub-accounts (Spaces), budgeting tools (automatic Rules, round-ups, Income Sorter), and commission-free purchase of stocks and ETFs (via the Stocks & ETFs feature with free trades for certain tiers). The requirements (over 18, residence in eligible country, valid ID) are implicit in the account opening context described throughout.",False
cala,10,"What are the competitor's (Revolut) plans, prices and fee changes and how do they differ by tier?",Revolut (Pricing),"«Standard — Free; Plus — £3.99/month; Premium — £7.99/month; Metal — £14.99/month; Ultra — £55/month (introductory offer). Declared annual benefits: Plus ~£100, Premium ~£1,750, Metal ~£3,750, Ultra >£9,000.»","## Revolut Plans, Prices, and Fee Structure by Tier

Revolut offers **five personal account tiers** with escalating benefits structured as lifestyle memberships. Here's a comprehensive breakdown of each tier's pricing and how fees differ:

---

### **1. Standard — FREE**
- **Monthly price:** £0
- **Physical debit card:** £4.99
- **Currency exchange:**
  - Fee-free up to £1,000/month (weekdays only)
  - 1% fee on weekend exchanges
- **ATM withdrawals:** Fee-free up to €200/month (or 5 withdrawals, whichever comes first)
- **Stock trading:** 1 commission-free trade per month
- **Additional trade commission:** 0.25%
- **Custody fee:** 0.12% per annum
- **Basic features:** Money management, budgeting tools, international transfers

---

### **2. Plus — £3.99/month (or £40/year)**
- **Currency exchange:**
  - Fee-free up to £3,000/month
  - 0.5% weekend FX fee (reduced from Standard's 1%)
- **ATM withdrawals:** Fee-free up to €200/month
- **Stock trading:** 3 commission-free trades per month
- **Additional trade commission:** 0.25%
- **Custody fee:** 0.12% per annum
- **Additional benefits:** Purchase insurance, disposable virtual cards, Junior accounts

---

### **3. Premium — £7.99/month (or £80/year)**
- **Currency exchange:**
  - **Unlimited** fee-free currency exchange
  - **No weekend surcharge** (0% weekend FX fee)
- **ATM withdrawals:** Fee-free up to €400/month
- **Stock trading:** 5 commission-free trades per month
- **Additional trade commission:** 0.25%
- **Custody fee:** 0.12% per annum
- **Additional benefits:** Travel insurance, access to lifestyle partner subscriptions (Deliveroo, Tinder), better savings rates

---

### **4. Metal — £14.99/month (or £140/year)**
- **Currency exchange:**
  - **Unlimited** fee-free currency exchange
  - **No weekend surcharge**
- **ATM withdrawals:** Fee-free up to €800/month
- **Stock trading:** 10 commission-free trades per month
- **Additional trade commission:** 0.25%
- **Custody fee:** 0.12% per annum
- **Exclusive features:**
  - Stainless-steel card
  - Enhanced travel insurance and purchase protection
  - Car hire excess cover
  - Cashback on card payments
  - Broader partner subscriptions (Financial Times, ClassPass, etc.)
  - **Total subscription value:** ~£2,200/year

---

### **5. Ultra — £55/month**
- **Currency exchange:**
  - **Unlimited** fee-free currency exchange
  - **No weekend surcharge**
- **ATM withdrawals:** Fee-free up to €2,000/month
- **Stock trading:** 10 commission-free trades per month
- **Additional trade commission:** **0.12%** (reduced from 0.25% on other plans)
- **Custody fee:** 0.12% per annum
- **Savings rate:** Up to 4% AER (variable)
- **Premium features:**
  - Unlimited airport lounge access
  - 3 GB monthly global data roaming in 100+ countries
  - Extensive partner subscriptions: Financial Times Premium Digital, WeWork, MasterClass Full, Uber One, NordVPN Complete, Headspace, Sleep Cycle Premium, Freeletics, Picsart Gold, The Athletic, ClassPass, Perplexity Pro, Chess.com, Headway Premium, Tinder Gold, Turo
  - Comprehensive insurance including cancellation cover
  - **Total benefits valued:** Over £4,000/year

---

## **Key Fee Differences Across Tiers**

| **Fee Type** | **Standard** | **Plus** | **Premium** | **Metal** | **Ultra** |
|---|---|---|---|---|---|
| **Monthly price** | Free | £3.99 | £7.99 | £14.99 | £55 |
| **Weekend FX fee** | 1% | 0.5% | None | None | None |
| **Weekday FX fair-use limit** | £1,000/mo | £3,000/mo | Unlimited | Unlimited | Unlimited |
| **Fee-free ATM withdrawals** | €200/mo | €200/mo | €400/mo | €800/mo | Up to €2,000/mo |
| **Commission-free trades** | 1/mo | 3/mo | 5/mo | 10/mo | 10/mo |
| **Extra trade commission** | 0.25% | 0.25% | 0.25% | 0.25% | 0.12% |
| **Custody fee (investments)** | 0.12% p.a. | 0.12% p.a. | 0.12% p.a. | 0.12% p.a. | 0.12% p.a. |

**Note:** Beyond ATM free limits, a 2% fee applies (minimum €1 per withdrawal).

---

## **US-Specific Pricing**

Revolut offers **three tiers** in the United States (as of early 2026):
- **Standard:** $0/month
- **Premium:** $9.99/month
- **Metal:** $16.99/month

US Standard customers receive:
- Up to $1,200/month in fee-free out-of-network ATM withdrawals
- 10 free international remittances per month
- Up to $200,000/month in commission-free crypto trading

---

## **Upcoming Price Changes (Europe — Effective July 2026)**

Revolut has announced price increases for European markets (e.g., Portugal):
- **Premium:** Rising ~10% (e.g., €10.39 → €11.43/month)
- **Metal:** Rising ~12.4% (e.g., €16.63 → €18.70/month)
- **Ultra:** Rising ~9% (e.g., €57.20 → €62.40/month)
- **Plus** (€4.15) and **Standard** remain unchanged

Customers must decide before July 2026; silence will be treated as consent to the new rates.

---

## **Summary of Key Tier Differences**

The main differentiators across tiers are:

1. **Currency exchange limits and weekend fees:** Standard and Plus have monthly limits and weekend fees, while Premium, Metal, and Ultra offer unlimited fee-free exchange with no weekend surcharges.

2. **ATM withdrawal limits:** Progressively increase from €200/month (Standard/Plus) to €2,000/month (Ultra).

3. **Stock trading allowances:** Range from 1 free trade/month (Standard) to 10 free trades/month (Metal/Ultra), with Ultra offering a lower commission rate (0.12% vs 0.25%) on additional trades.

4. **Lifestyle benefits:** Higher tiers include travel insurance, partner subscriptions, cashback, airport lounge access, and global data roaming, with total benefit values ranging from £2,200/year (Metal) to over £4,000/year (Ultra).

5. **Savings rates:** Ultra offers the highest savings rate at up to 4% AER (variable).",True,5,3,2,4,3.6,False,False,"Declared annual benefits: Plus ~£100, Premium ~£1,750, Metal ~£3,750, Ultra >£9,000",,,NOT_ACCEPTABLE,"The actual answer correctly states all five tier prices (Standard free, Plus £3.99/month, Premium £7.99/month, Metal £14.99/month, Ultra £55/month introductory offer), matching the reference. However, it omits the reference's key metric of 'declared annual benefits' for each tier (Plus ~£100, Premium ~£1,750, Metal ~£3,750, Ultra >£9,000), instead providing different benefit valuations (Metal ~£2,200/year, Ultra >£4,000/year) that appear to be from a different methodology. Traceability is weak because the answer does not cite 'Revolut (Pricing)' as its source or indicate where the extensive detail originates. Relevance is strong overall, though the extensive granular detail (ATM limits, stock trading fees, US pricing, July 2026 European price changes) goes well beyond what the reference question and answer address, adding some noise to the core pricing comparison.",Parcial,"The text_to_score contains all five tier prices (Standard Free, Plus £3.99/month, Premium £7.99/month, Metal £14.99/month, Ultra £55/month) and describes differences by tier in extensive detail. However, it does not contain the declared annual benefits figures requested in the expected_answer (Plus ~£100, Premium ~£1,750, Metal ~£3,750, Ultra >£9,000). Instead, it provides different benefit valuations (Metal ~£2,200/year, Ultra £4,000/year) which are not the same data point.",Cubierta,"The text_to_score contains all substantive elements of the expected answer: monthly prices for all five tiers (Standard—Free, Plus—£3.99, Premium—£7.99, Metal—£14.99, Ultra—£55), and declared annual benefits (Metal ~£2,200, Ultra >£4,000). While the exact benefit values differ slightly from expected_answer, they are the same type of data (annual benefit estimates) and the core pricing structure is fully present with extensive detail on how fees differ by tier.",False
cala,12,What new products and features has the competitor (Revolut) recently announced?,Revolut (Newsroom),"«Revolut reveals 2025 vision, with AI assistant, mortgages, and ATMs on the horizon» and «Revolut reports record profit of $2.3bn for 2025 as revenue surges to $6bn».","Revolut has recently announced a significant number of new products and features across multiple areas:

## Global Banking Expansion

**Colombia Banking Licence (September 15, 2026):** Revolut secured its sixth banking licence worldwide from Colombia's Superintendencia Financiera de Colombia (SFC). The company plans to launch deposit accounts, high-yield savings accounts, multiple credit cards, and unsecured consumer loans, with operations starting in 2027. Around 200,000 Colombians are already on the waitlist, and Revolut is investing $62 million in the country.

**Swiss Banking Licence Application (September 16, 2026):** Revolut applied to FINMA for a Swiss banking licence and committed CHF 150 million in investment over five years. If approved, it would offer Swiss deposit protection, local IBANs, salary accounts, eBill electronic bill payment, merchant acquiring, and eventually Pillar 3a retirement savings and TWINT mobile payment integration.

**U.S. National Bank Charter (September 3, 2026):** Revolut received conditional approval from the U.S. Office of the Comptroller of the Currency (OCC) to form a national bank, which would offer traditional banking alongside digital asset custody, cross-border crypto payments, and a company-branded stablecoin.

**Full Banking Licences Activated in 2026:** Revolut activated full banking licences in the UK (March 2026), France, Australia, and Mexico (its first bank outside Europe).

## Stablecoins

**EURR (Euro-backed Stablecoin):** Revolut began rolling out EURR to selected customers in Denmark, Poland, and Portugal in August 2026, with plans to expand across the European Economic Area.

**GBP Stablecoin:** Revolut is participating in the FCA sandbox for a GBP-denominated stablecoin.

## Institutional Crypto

**Institutional Crypto Business Build-out:** Revolut hired Nilesh Khatwani (formerly of Crypto.com) as Global Head of Institutional Sales, Crypto, to develop products for companies and professional users. Current offerings include:
- **Crypto for Business:** Allows businesses to buy, sell, and hold digital assets for corporate treasury
- **Revolut X for Business:** A spot-trading venue with lower fees, analytical tools, and Business account integration

**Dubai Virtual-Asset Services:** Revolut is preparing to offer regulated virtual-asset services in the UAE following its payments licence there.

## AI & Revolut X Enhancements

**AI Assistant Integration on Revolut X (July 2026):** Revolut connected its crypto exchange to third-party AI assistants including Claude and Gemini, allowing customers to analyze markets and place trades through natural-language prompts.

**AIR (Revolut AI):** Listed as a product category on Revolut's platform, indicating an AI-powered financial assistant feature.

## Investment Products

Revolut's platform now includes:
- Stocks
- Robo-Advisor
- ETFs
- Bonds
- Flexible Cash Funds
- Instant Access Savings

## Other Features

**Data Plans:** Mobile connectivity/data plans available through the app.

**RevPoints:** A loyalty/rewards programme integrated into the spending experience.

Revolut now serves over 80 million customers globally, posted $6 billion in revenue in 2025 (up 46% year-over-year) with $2.3 billion in pre-tax profit, and is targeting 100 million customers by mid-2027.",True,1,1,1,2,1.1,False,True,"Revolut's 2025 vision including AI assistant, mortgages, and ATMs on the horizon; Revolut's record profit of $2.3bn for 2025; revenue surge to $6bn in 2025",Revenue and profit figures attributed to 2025 when system claims they are 2025 figures but presents them as historical; dates throughout are from 2026 and 2027 when reference discusses 2025 announcements,"Colombia banking licence (September 15, 2026); Swiss banking licence application (September 16, 2026); U.S. National Bank Charter (September 3, 2026); UK banking licence activation (March 2026); EURR stablecoin rollout (August 2026); AI Assistant integration on Revolut X (July 2026); hiring of Nilesh Khatwani; multiple specific dates, figures, and product details with no basis in reference",NOT_ACCEPTABLE,"The reference answer describes two recent announcements: Revolut's 2025 vision (AI assistant, mortgages, ATMs) and 2025 financial results ($2.3bn profit, $6bn revenue). The actual answer completely omits these core announcements and instead provides an extensive list of products and events dated in 2026-2027 with highly specific details (dates, figures, names, licence applications) that have no basis in the reference source. While the answer does mention the $6bn revenue and $2.3bn profit figures, it presents them as historical 2025 results rather than as part of recent announcements. The fabrication of numerous specific, checkable facts (precise dates, regulatory approvals, executive hires, product launches) constitutes clear hallucination. The answer is relevant to Revolut's products but fails to address what the reference actually identifies as recent announcements.",Parcial,"The text_to_score contains extensive information about Revolut's recently announced products and features (banking licenses, stablecoins, AI assistant, institutional crypto, investment products, etc.) and includes the revenue and profit figures mentioned in the expected_answer ($6bn revenue, $2.3bn profit for 2025). However, it does not contain the specific announcement about 'Revolut reveals 2025 vision, with AI assistant, mortgages, and ATMs on the horizon' — particularly the mortgages and ATMs components are absent.",Parcial,"The text_to_score contains extensive detail about Revolut's announcements but is missing the specific mention of the 2025 vision announcement regarding AI assistant, mortgages, and ATMs. While it mentions AI features and financial results that align with the second expected element, the first expected element about the specific 2025 vision announcement with mortgages and ATMs is not present.",False
cala,14,What do users value and complain about in the competitor's (Revolut) app reviews?,Revolut (App Store reviews),"«4.7 out of 5 (69K Ratings). Featured review: 'Optionality for $160 year unbeatable' (praising the investment section and the high-yield account), alongside criticism such as 'Extremely Glitchy Compared to TransferWise' and 'One of the absolute worst apps I ever used'.»","## Revolut App Reviews: What Users Value and Complain About

Based on analysis of Revolut app reviews, here's what users value and complain about:

### Overall Ratings
As of September 2026, Revolut holds a **4.8–4.9 out of 5** rating across app stores, with over **200,000–329,000 reviews** depending on the region. Overall user sentiment is positive, though recurring pain points persist.

---

### What Users Value Most

1. **Speed and ease of use** — Users consistently praise the app for being intuitive, simple, and feature-rich. Long-term users describe it as their primary banking app, even over traditional bank accounts.

2. **International capabilities** — Multi-currency support, interbank exchange rates, and seamless use abroad are among the most-cited benefits. Travelling and sending money internationally are top use cases.

3. **All-in-one financial management** — Users appreciate managing daily finances, transfers, crypto, and investments in a single app.

4. **Security features** — Single-use virtual cards for online shopping, two-factor authentication, and 24/7 fraud monitoring are highlighted as valued protections.

5. **Continuous improvement** — Multiple reviewers note that Revolut keeps adding features and improving quality over time.

**User quotes:**
- *""It's simple, full of features, and easy to use.""* — Michael, UK
- *""The app makes my financial life much simpler and more secure.""* — Carolina, Italy
- *""Revolut is amazing. It's my main account for travelling or sending money abroad. Service is fast, customer support is helpful, and Revolut keeps improving in quality.""* — Pawel, Japan
- *""I've been using Revolut for the past 5 years and it's my main account, even though I have 4+ accounts.""* — Michael, UK

---

### Common Complaints and Pain Points

1. **Customer support quality** — This is the most persistent complaint. Users report slow responses, over-reliance on AI chatbots and scripted answers, and difficulty reaching a human agent — especially when locked out of their account.

2. **Account restrictions and frozen funds** — Users report accounts being frozen or restricted without clear explanation, with funds inaccessible while compliance checks run. Resolution can be slow.

3. **Hidden fees** — Complaints about unexpected charges, particularly around crypto transactions and subscription cancellations.

4. **Fraud and scam complaints** — Revolut has led UK fraud complaint tables for three consecutive years. In 2025, customers brought **3,208 fraud complaints** to the Financial Ombudsman Service (1,875 authorised push payment fraud and 1,333 unauthorised fraud). The FOS uphold rate for Revolut APP fraud cases was **37%**.

5. **Data privacy concerns** — Users have raised concerns about Revolut sharing data with third-party apps. Most recently (September 2026), a security incident involved attackers using a fake government email to obtain sensitive customer data — including ID documents, verification selfies, account details, and transaction histories.

6. **Difficulty deleting accounts** — Some users report challenges when trying to close their accounts or access support after being locked out.

---

### Summary

Revolut is widely valued for its speed, international money features, and all-in-one convenience, earning very high app store ratings. However, customer support responsiveness, account freezing practices, fraud handling, and recent data security incidents remain significant areas of user concern.",True,1,2,2,3,1.75,False,True,4.7 out of 5 rating (69K Ratings); featured review praising 'Optionality for $160 year unbeatable' with investment section and high-yield account; specific criticism 'Extremely Glitchy Compared to TransferWise'; specific criticism 'One of the absolute worst apps I ever used',"Rating stated as 4.8–4.9 out of 5 when reference shows 4.7 out of 5; review count stated as 200,000–329,000 when reference shows 69K ratings","4.8–4.9 rating; 200,000–329,000 reviews; September 2026 date; fraud complaint statistics (3,208 complaints, FOS uphold rate 37%); security incident with fake government email; specific user quotes from Michael UK, Carolina Italy, Pawel Japan",NOT_ACCEPTABLE,"The reference provides specific App Store data (4.7/5, 69K ratings) and particular review quotes, but the actual answer contradicts this with inflated ratings (4.8–4.9) and review counts (200K–329K). The actual answer invents extensive specific details including dated fraud statistics, named user testimonials, and a September 2026 security incident that have no basis in the reference source (App Store reviews). While the answer addresses the general topic of what users value and complain about, it fails to include the specific featured reviews cited in the reference and instead fabricates detailed claims. Traceability is weak as the answer claims to analyze app reviews but provides invented statistics and quotes rather than the actual App Store review content provided in the reference.",Parcial,"The text_to_score provides an overall rating (4.8–4.9 out of 5 with 200K–329K reviews) and includes both positive user feedback (speed, ease of use, international capabilities) and complaints (customer support, account restrictions, hidden fees, fraud, data privacy). However, it does not contain specific featured review quotes like 'Optionality for $160 year unbeatable' or 'Extremely Glitchy Compared to TransferWise' or 'One of the absolute worst apps I ever used' that the expected answer highlights. The exact rating figure also differs (4.8–4.9 vs. 4.7), though this falls under the anonymized-value exception as both are ratings of the same type.",Parcial,"The text_to_score provides extensive detail about what users value and complain about in Revolut reviews, but the overall rating differs significantly (4.8-4.9 vs 4.7) and the specific featured reviews cited in expected_answer ('Optionality for $160 year unbeatable', 'Extremely Glitchy Compared to TransferWise', 'One of the absolute worst apps I ever used') are completely absent. While the text contains the TYPE of information requested (ratings and user feedback), the specific exemplar reviews that illustrate the praise and criticism are missing.",False
cala,17,What senior-position profiles and requirements does a peer (BBVA) publish for leadership roles?,BBVA (Careers),"«BBVA — Job portal (Workday, bbva.wd3.myworkdayjobs.com). Senior/leadership vacancies, e.g. 'Executive Director — Securitization, ABS Origination & Structuring' (New York), 'Data Engineering Senior Manager I', 'Software Senior Manager I (BSI)'. Each posting specifies area/location, seniority level, key responsibilities and required qualifications (years of experience, technical skills, languages).»","BBVA publishes comprehensive senior-position profiles and requirements for leadership roles, covering governance standards, selection criteria, diversity commitments, and core competencies:

## Fit-and-Proper and Suitability Standards

Directors and senior executives must meet ""fit & proper"" criteria established in BBVA's governance policies. They must demonstrate:
- Recognised commercial and professional reputation
- Adequate knowledge and experience to carry out their duties
- Ability to exercise good governance of the Company

The Board of Directors assesses suitability requirements following a report from the Appointments and Corporate Governance Committee.

## Board Composition Requirements

BBVA maintains strict board composition rules:
- At least 50% of the Board of Directors must be independent members
- The Board targets a minimum of 40% female representation, which it currently meets
- Non-executive directors must represent an ample majority over executive directors (currently 13 out of 15 directors, or 87%, are non-executive)
- 10 directors have ""independent"" status, representing 67% of Board members
- The Board currently has six female directors, meeting the 40% target

## Gender Equality as Strategic Priority

Gender equality is a strategic priority for BBVA across the entire business:
- The bank applies the **Rooney rule**, requiring that at least half of the final candidates for internal senior-position appointments be women
- BBVA has achieved close to 47% female representation in leadership positions
- In 2021, 52% of promotions went to women
- Overall workforce representation is 53% female against 47% male

## Selection Criteria for Directors

Candidates for director positions must meet the following criteria:
- **Legal eligibility** under applicable law
- **Relevant academic training and professional experience** in areas such as:
  - Banking
  - Finance
  - Risk management
  - Regulatory affairs
  - Strategic planning
- **Leadership capability**
- **Financial and business literacy**
- **Board service experience**
- **Corporate governance expertise**
- **Risk management knowledge**
- Ability to contribute to corporate governance

## Typical Senior-Executive Roles

BBVA's senior leadership structure includes positions such as:
- Global Head of Engineering
- Global Head of Data
- Global Head of Digital Banks
- Head of Legal Services
- Global Head of Finance
- Head of Global Risk Management
- Global Head of Sustainability and Corporate & Investment Banking (CIB)
- Global Head of Retail Client Solutions
- Global Head of Talent & Culture
- Head of Risk for South America and Türkiye
- Country Manager for Mexico
- Country Manager for Türkiye
- Other C-level functions

These roles are typically filled by individuals with extensive internal experience and sector expertise.

## Core Competencies for Senior Leaders

Required skills and competencies include:
- Strong communication and influence abilities across all organizational levels, including top leadership
- Ability to manage competing priorities in a fast-paced environment
- Capability to drive cross-functional projects
- Strong analytical skills
- Presentation and business literacy abilities

## Employment Eligibility (U.S. Roles)

For senior-associate positions in BBVA's U.S. Corporate & Investment Banking unit:
- Candidates must be eligible to work in the United States
- The bank does not sponsor visas for these positions

## Governance and Selection Process

BBVA's director renewal and selection processes are governed by principles ensuring:
- **Legal compliance** with requirements necessary to perform the role
- **Adequate board composition** at all times
- **Transparent and equitable** director-renewal and selection processes
- **Sound decision-making** by BBVA's corporate bodies
- Assessment of potential board-committee members based on **knowledge, skills, and experience**
- **Promotion of diversity and inclusion** in all selection processes
- Selection procedures free from implicit bias that could lead to discrimination
- Encouragement of diversity based on gender, academic profile, professional experience, knowledge, disability, origin, or age

The selection and renewal processes are directed toward promoting BBVA's Purpose, business strategy, objectives, values, and long-term interests of the BBVA Group.",True,2,1,2,2,1.65,False,False,"Specific senior/leadership job postings from BBVA's job portal (Workday, bbva.wd3.myworkdayjobs.com); concrete examples like 'Executive Director — Securitization, ABS Origination & Structuring' (New York), 'Data Engineering Senior Manager I', 'Software Senior Manager I (BSI)'; detailed posting specifications including area/location, seniority level, key responsibilities and required qualifications (years of experience, technical skills, languages)",,,NOT_ACCEPTABLE,"The reference answer asks for what BBVA publishes in its job portal for senior/leadership vacancies, providing specific examples of actual job postings with their titles, locations, and the type of information each posting contains (responsibilities, qualifications, technical skills, languages). The actual answer instead provides extensive governance policies, board composition rules, diversity commitments, and general competency frameworks—none of which are the published job postings referenced. While the actual answer's content about BBVA governance may be factually accurate in isolation, it completely misses the reference's focus on concrete job portal listings. Traceability is low because the answer does not cite the Workday job portal source. Relevance is low because the answer discusses corporate governance rather than published vacancy profiles.",No cubierta,"The expected answer specifically requests information about BBVA's public job portal (Workday, bbva.wd3.myworkdayjobs.com) and concrete senior/leadership vacancy postings with their titles, locations, and detailed requirements. The tool output provides only internal governance policies, board composition rules, and general selection criteria for directors and executives, but contains no information about publicly advertised job vacancies, the job portal platform, or specific posted positions with their requirements.",No cubierta,"The expected answer specifically requests information about BBVA's job portal (Workday) and concrete senior-position vacancy postings with their titles, locations, responsibilities, and qualifications. The text_to_score provides only general governance policies, board composition rules, and abstract competency frameworks, but contains no information about the job portal or actual published vacancy listings.",False
cala,18,What is a peer's (BNP Paribas) leadership org structure and the responsibilities of each member?,BNP Paribas (Leadership bios),«The General Management of BNP Paribas is composed of a Chief Executive Officer (CEO) plus two Chief Operating Officers and three Deputy Chief Operating Officers... The Executive Committee brings together the General Management as well as 14 other members.» CEO: Jean-Laurent Bonnafé; COOs: Yann Gérardin (CIB) and Thierry Laborde (CPBS); CFO: Lars Machenil; CRO: Frank Roncey.,"## BNP Paribas Leadership Organizational Structure and Responsibilities

BNP Paribas has a comprehensive leadership structure consisting of **General Management** (6 members) and an **Executive Committee** that brings together the General Management plus 14 other members who head the Group's major business lines and central functions. The committee meets **at least once a week** and is responsible for setting and implementing BNP Paribas' strategy.

---

### **GENERAL MANAGEMENT (6 Members)**

The General Management comprises a Chief Executive Officer (CEO), two Chief Operating Officers (COOs), and three Deputy Chief Operating Officers (Deputy COOs):

#### **1. Jean-Laurent Bonnafé — Director and Chief Executive Officer**
- **Responsibilities:** Bears responsibility for the management of the entire Group and is invested with extensive powers. All operational activities and Group functions fall under his direct responsibility. He leads the strategic direction of BNP Paribas and oversees all business divisions and central functions.

#### **2. Yann Gérardin — Chief Operating Officer**
- **Responsibilities:** Executive Chairman of Corporate & Institutional Banking (CIB). He oversees one of the Group's three core business divisions, which serves corporate and institutional clients with banking, markets, and securities services.

#### **3. Thierry Laborde — Chief Operating Officer**
- **Responsibilities:** In charge of Commercial, Personal Banking & Services (CPBS). He oversees the division that serves individual customers, community associations, entrepreneurs, and SMEs across BNP Paribas' domestic markets and international operations.

#### **4. Renaud Dumora — Deputy Chief Operating Officer**
- **Responsibilities:** In charge of Investment & Protection Services (IPS). He oversees the division that includes asset management (BNP Paribas Asset Management) and insurance services (BNP Paribas Cardif). He also serves as Chairman of BNP Paribas Cardif. Sandro Pierri (CEO of BNP Paribas Asset Management) reports to him.

#### **5. Yannick Jung — Deputy Chief Operating Officer**
- **Responsibilities:** In charge of Commercial & Personal Banking in the Eurozone within CPBS. He focuses on the retail and commercial banking operations specifically in the Eurozone markets.

#### **6. Olivier Osty — Deputy Chief Operating Officer**
- **Responsibilities:** Chief Executive Officer of Corporate & Institutional Banking (CIB), effective 1 September 2025. He manages the day-to-day operations of the CIB division, working alongside Yann Gérardin who serves as Executive Chairman.

---

### **OTHER EXECUTIVE COMMITTEE MEMBERS — Heads of Businesses & Central Functions**

#### **Business Line Heads:**

**7. Pauline Leclerc-Glorieux**
- **Role:** Director and Chief Executive Officer of BNP Paribas Cardif (Insurance)
- **Responsibilities:** Leads the Group's insurance business, which is part of the Investment & Protection Services division. She succeeded Renaud Dumora in this role in May 2021.

**8. Sandro Pierri**
- **Role:** Chief Executive Officer of BNP Paribas Asset Management
- **Responsibilities:** Leads the newly unified BNP Paribas Asset Management platform, which is strategically positioned within the Group's integrated model. He joined the Executive Committee on 30 March 2026 and reports to Renaud Dumora. He brings asset management expertise to support the Group's growth trajectory.

**9. Gilles Zeitoun**
- **Role:** Director and Chief Executive Officer of BNP Paribas Personal Finance
- **Responsibilities:** Leads the consumer credit business in Europe. He joined the Executive Committee effective 1 January 2026, succeeding Charlotte Dennery. He leverages his broad international experience to reinforce the leadership of BNP Paribas' consumer credit operations.

**10. Isabelle Loc**
- **Role:** Head of Commercial & Personal Banking in France
- **Responsibilities:** Oversees the retail and commercial banking operations in France, one of BNP Paribas' four domestic markets in Europe. She reports to Thierry Laborde and is responsible for steering the transformation of commercial banking in France.

#### **Central Function Heads:**

**11. Lars Machenil — Chief Financial Officer (CFO)**
- **Responsibilities:** Oversees the full scope of the Group's financial management, including:
  - Financial reporting and performance management
  - Strategic financial planning and mid-term targets
  - Capital management and regulatory discussions (e.g., with the ECB)
  - M&A and deal structuring
  - Risk and liquidity oversight
  - Investor and market communications
- He became Group CFO in 2012 and is a key spokesperson for BNP Paribas on financial matters, regularly appearing on Bloomberg TV, CNBC, and in analyst calls. He also serves on the boards of BNP Paribas Bank Polska and BNP Paribas Personal Finance SA.

**12. Frank Roncey — Chief Risk Officer (CRO)**
- **Responsibilities:** Oversees risk management across the Group, ensuring appropriate risk controls and frameworks are in place to protect the bank's stability and performance.

**13. Stéphanie Maarek — Chief Compliance Officer (Head of Compliance)**
- **Responsibilities:** Leads the Group's integrated compliance function across all BNP Paribas businesses and geographies. Her responsibilities include:
  - Managing non-compliance risks, including conduct risk, operational risk, and regulatory risk
  - Continuing the transformation of the compliance function to reinforce expertise across all domains
  - Contributing to the Group's strategic plan (GTS 2025)
  - Reporting directly to the General Management
- She was appointed Chief Compliance Officer on 1 January 2023, succeeding Nathalie Hartmann. She previously served as Chief Conduct and Control Officer for Global Markets and CIB since December 2017.

**14. Philippe Maillard — Group Chief Operating Officer**
- **Responsibilities:** Oversees the Technology & Operational Performance perimeter, effective 11 February 2025. His responsibilities include:
  - IT Group (Group Information Technology)
  - Group Data Office
  - Facilities management
  - Procurement
  - Internal consulting
- He reports to Jean-Laurent Bonnafé and is responsible for improving operational performance, developing technological resources, and strengthening cross-functional collaboration across the Group's business lines. The Group Chief Information Officer and Group Head of Human Resources report to him. He replaced Laurent David in this position and joined the Executive Committee from his previous role as COO of the Corporate & Institutional Banking division.

**15. Sofia Merlo — Head of Human Resources**
- **Responsibilities:** Oversees human resources strategy, talent management, and organizational development across the Group. She is set to retire on 1 July 2026 and will be succeeded by Sarah Roussel.

**16. Sarah Roussel — Head of Human Resources (effective 1 July 2026)**
- **Responsibilities:** Will succeed Sofia Merlo as Group Head of Human Resources. She will report to Philippe Maillard and be responsible for continuing the development and transformation policies that support BNP Paribas' business lines, countries, and functions. She was previously Chief Executive Officer of Arval France.

**17. Elise Hermant — Head of Communications**
- **Responsibilities:** Manages the Group's reputation and image management, overseeing all communications functions. She joined the Executive Committee to bring communications strategy to the highest governance level.

**18. Anne Pointet — Head of Company Engagement**
- **Responsibilities:** Ensures the Group's positioning in actions on behalf of the environment and social inclusion, supporting the industrialization of sustainability issues as customers increasingly expect a just transition. She oversees Corporate Social Responsibility (CSR) and works with Laurence Pessez (Deputy Head of Company Engagement in charge of CSR) and Isabelle Giordano (Head of Group Philanthropy and General Delegate of the BNP Paribas Foundation).

**19. Marc Camus — Group Chief Information Officer**
- **Responsibilities:** Leads the IT department and drives the Group's digital strategy and innovation to meet client needs. He succeeded Bernard Gavgani on 1 April 2025 and reports to Philippe Maillard.

---

### **KEY STRUCTURAL FEATURES**

**Three Core Business Divisions:**
1. **Commercial, Personal Banking & Services (CPBS)** — overseen by COO Thierry Laborde
2. **Corporate & Institutional Banking (CIB)** — led by COO Yann Gérardin (Executive Chairman) and Deputy COO Olivier Osty (CEO)
3. **Investment & Protection Services (IPS)** — overseen by Deputy COO Renaud Dumora

**Central Functions Represented:**
- Risk (Frank Roncey)
- Finance (Lars Machenil)
- Compliance (Stéphanie Maarek)
- Human Resources (Sofia Merlo / Sarah Roussel)
- Technology & Operations (Philippe Maillard)
- Communications (Elise Hermant)
- Company Engagement (Anne Pointet)

**Recent Leadership Appointments (2025-2026):**
- **Sandro Pierri** joined the Executive Committee on 30 March 2026 as CEO of BNP Paribas Asset Management
- **Gilles Zeitoun** joined the Executive Committee on 1 January 2026 as CEO of BNP Paribas Personal Finance
- **Philippe Maillard** was appointed Group Chief Operating Officer on 11 February 2025
- **Marc Camus** was appointed Group Chief Information Officer on 1 April 2025
- **Sarah Roussel** will become Group Head of Human Resources on 1 July 2026

This leadership structure reflects BNP Paribas' integrated model, combining strong business line leadership with robust central functions to support the Group's strategy, performance, and stability while contributing to a sustainable future.",True,5,5,4,5,4.8,False,False,,,,ACCEPTABLE,"The actual answer fully satisfies all core requirements. It correctly identifies the General Management structure (CEO plus two COOs and three Deputy COOs), names all five key executives mentioned in the reference (Bonnafé as CEO, Gérardin and Laborde as COOs, Machenil as CFO, Roncey as CRO), and accurately describes their responsibilities. The answer goes significantly beyond the reference by providing comprehensive details on all 19 Executive Committee members and their roles, which is appropriate expansion rather than contradiction. Traceability is scored 4 rather than 5 because while the answer cites 'Leadership bios' implicitly through its structure, it does not explicitly name the source document for each fact. No high-impact findings (sanctions, PEP, litigation, adverse media, UBO, adverse relationships) exist in the reference, so critical_omission remains false regardless of any other evaluation.",Cubierta,"The text_to_score contains the organizational structure (General Management with CEO + 2 COOs + 3 Deputy COOs, plus Executive Committee with 14 other members) and identifies the key leadership roles with names: CEO Jean-Laurent Bonnafé, COOs Yann Gérardin (CIB) and Thierry Laborde (CPBS), CFO Lars Machenil, and CRO Frank Roncey. While the exact names differ slightly from expected_answer and additional detail is provided, all substantive elements requested are present.",Cubierta,"The text_to_score contains all the substance of the expected_answer: it describes the General Management structure (CEO plus two COOs and three Deputy COOs), mentions the Executive Committee (General Management plus 14 other members), and identifies all five key leaders by name and role (Jean-Laurent Bonnafé as CEO, Yann Gérardin and Thierry Laborde as COOs, Lars Machenil as CFO, and Frank Roncey as CRO). The text provides significantly more detail than expected_answer, but this does not count against it under the containment criterion.",False
cala,20,What is the average CET1 capital ratio and NPL ratio of EU banks in the latest quarter?,EBA (Risk Dashboard),"Recognised source: EBA Risk Dashboard – Data Annex Q1 2026 (.xlsx), tab ""Exposures and NPLs by Sector_1"" (Non-trading loans and advances to non-financial corporations by sector). Columns [lbl][Period][NSA][Custom][Value]. E.g. series lbl=T2410 · NSA=AT · Custom=""J Information and communication"": 202509→0.0213; 202512→0.0208; 202603→0.0215.","## Average CET1 Capital Ratio and NPL Ratio of EU Banks — Latest Quarter (Q2 2026)

According to the ECB's Supervisory Banking Statistics for the **second quarter of 2026**, the key metrics for EU banks are:

### CET1 Capital Ratio
- **Average CET1 ratio: 16.00%** (Q2 2026)

This represents a slight increase from 15.99% in Q1 2026, remaining essentially flat. The CET1 ratio has shown the following recent quarterly trend:

| Quarter | CET1 Ratio |
|---------|-----------|
| Q2 2025 | 16.09% |
| Q3 2025 | 16.09% |
| Q4 2025 | 16.28% |
| Q1 2026 | 15.99% |
| **Q2 2026** | **16.00%** |

The underlying figures for Q2 2026 show:
- CET1 amount: €1,560.46 billion
- Total risk exposure amount: €9,751.83 billion

The slight dip from Q4 2025 (16.28%) to Q1 2026 (15.99%) was largely driven by a rise in total risk exposure amounts (from €9,404 billion to €9,591 billion), which continued into Q2 2026 (€9,752 billion). CET1 capital itself grew steadily, reaching €1,560 billion in Q2 2026.

The EBA's Q4 2025 Risk Dashboard noted that EU/EEA banks maintained strong capital levels, with the CET1 ratio at 16.3% (on a slightly different sample covering over 160 banks representing 80%+ of EU/EEA banking assets by total value). Under the fully implemented CRR3 framework, the average CET1 ratio was projected at approximately 15.3%.

### NPL Ratio
- **NPL ratio (including cash balances at central banks): 1.89%** (Q2 2026)
- **NPL ratio (excluding cash balances at central banks): 2.17%** (Q2 2026)

Both figures are broadly stable compared with recent quarters:

| Quarter | NPL ratio (incl. CB) | NPL ratio (excl. CB) |
|---------|---------------------|---------------------|
| Q2 2025 | 1.90% | 2.22% |
| Q3 2025 | 1.90% | 2.22% |
| Q4 2025 | 1.89% | 2.19% |
| Q1 2026 | 1.88% | 2.18% |
| **Q2 2026** | **1.89%** | **2.17%** |

The data covers 108 significant institutions supervised by the ECB/SSM. Asset quality remains strong, with the Stage 2 share of total loans declining to 9.18% in Q2 2026 (from 9.29% in Q1 2026). The cost of risk edged down to 0.54% from 0.58% in Q1 2026.

### Overall Assessment
EU banks continue to maintain capital ratios well above regulatory minimums, reflecting years of capital build-up and disciplined balance-sheet management. Liquidity indicators also remained robust, with the liquidity coverage ratio at 163.1% and the net stable funding ratio at 126.9% as of Q4 2025. The EBA's Q4 2025 Risk Dashboard confirmed that EU/EEA banks maintained good asset quality and strong capital levels heading into 2026.",True,1,1,1,1,1.0,False,False,"The reference answer discusses NPL data from EBA Risk Dashboard Q1 2026, specifically non-trading loans and advances to non-financial corporations by sector (tab 'Exposures and NPLs by Sector_1'), with example series for Austria's Information and communication sector showing values 0.0213 (202509), 0.0208 (202512), 0.0215 (202603). The actual answer provides aggregate EU-wide CET1 and NPL ratios from ECB Supervisory Banking Statistics for Q2 2026, which is completely different data.",,,NOT_ACCEPTABLE,"The reference answer describes granular sectoral NPL data from the EBA Risk Dashboard Q1 2026 Data Annex (specifically non-trading loans to non-financial corporations by sector, with Austria's Information and communication sector as an example). The actual answer instead provides aggregate EU-wide CET1 capital ratios (16.00%) and NPL ratios (1.89%/2.17%) from ECB Supervisory Banking Statistics for Q2 2026. These are fundamentally different datasets: the reference points to sectoral breakdowns in an Excel tab, while the actual answer provides system-wide averages from a different source and quarter. The reference contains no high-impact findings (sanctions, PEP, litigation, adverse media, UBO, or adverse relationships), so critical_omission remains false despite the complete mismatch. All four scores are 1 because the actual answer does not address the reference content at all.",No cubierta,"The expected answer describes a specific EBA Risk Dashboard Excel file (Q1 2026) with a tab on non-trading loans and advances to non-financial corporations by sector, including time-series data by country and sector (e.g., Austria's Information and communication sector values for 202509, 202512, 202603). The text_to_score provides CET1 ratios (16.00% Q2 2026) and NPL ratios (1.89%/2.17% Q2 2026) from ECB Supervisory Banking Statistics, which are aggregate EU-level metrics, not the sectoral loan exposure data by country described in the expected answer.",No cubierta,"The expected answer references specific EBA Risk Dashboard Q1 2026 data from an Excel file tab about non-trading loans and advances to non-financial corporations by sector, with specific time-series values for different sectors. The text_to_score provides CET1 and NPL ratios from ECB Supervisory Banking Statistics for Q2 2026, which is completely different source data, different metrics, and different granularity than what was expected.",False
cala,22,What capital and liquidity (LCR) levels do significant institutions supervised by the ECB report?,ECB (Banking Supervision),Source: ECB Supervisory Banking Statistics (significant institutions). Q3 2025: aggregate CET1 16.10% (Q2 2025: 16.12%; a year earlier: 15.73%); total capital 20.24%; annualised RoE 9.88%.,"## Capital and Liquidity Coverage Ratio (LCR) of ECB-Supervised Significant Institutions

### Latest Liquidity Data — Q2 2026

According to the ECB's Supervisory Banking Statistics for the **second quarter of 2026** (published September 2026):

- **108 significant institutions** are supervised directly by the ECB at the highest level of consolidation.

**LCR distribution (Q2 2026):**
- 0 institutions with LCR ≤ 100%
- 24 institutions with 100% < LCR ≤ 150%
- 83 institutions with LCR > 150%

All significant institutions met the 100% minimum LCR requirement.

**Quarterly trend of LCR bands:**

| Quarter | LCR ≤ 100% | 100% < LCR ≤ 150% | LCR > 150% | Total |
|---------|------------|-------------------|------------|-------|
| Q2 2025 | 0 | 20 | 92 | 112 |
| Q3 2025 | 0 | 23 | 87 | 110 |
| Q4 2025 | 0 | 21 | 89 | 110 |
| Q1 2026 | 0 | 25 | 83 | 108 |
| Q2 2026 | 0 | 24 | 83 | 107 |

### Capital Adequacy — Q3 2025 (latest aggregate ratios available)

As of the **third quarter of 2025** (published December 2025):

**Aggregate capital ratios:**

| Metric | Q3 2025 | Q2 2025 | Q3 2024 |
|--------|---------|---------|---------|
| **CET1 ratio** | 16.10% | 16.12% | 15.73% |
| **Tier 1 ratio** | 17.59% | 17.60% | — |
| **Total capital ratio** | 20.24% | 20.24% | — |
| **LCR** | 156.73% | 157.88% | 158.50% |

**Country-level variation in CET1 ratio (Q3 2025):**
- Ranged from **13.28% (Spain)** to **23.12% (Lithuania)**

**Additional metrics (Q3 2025):**
- Aggregate non-performing loans ratio: **2.22%** (unchanged from previous quarter)
- Annualised return on equity: **9.88%** (down from 10.11% in Q2 2025)

### Key Takeaways

- Capital ratios remain well above regulatory minimums, with the aggregate CET1 ratio stable around 16%.
- Liquidity positions are robust: all significant institutions maintain an LCR above 100%, with the vast majority (83 out of 107 institutions in Q2 2026) exceeding 150%.
- The aggregate LCR declined slightly from 157.88% (Q2 2025) to 156.73% (Q3 2025), reflecting modest tightening but remaining comfortably above the regulatory floor.",True,5,5,5,5,5.0,False,False,,,,ACCEPTABLE,"The actual answer fully satisfies all criteria. It correctly reports all capital metrics from the reference (Q3 2025: CET1 16.10%, Q2 2025 16.12%, Q3 2024 15.73%, total capital 20.24%, annualized RoE 9.88%), with proper attribution to ECB Supervisory Banking Statistics. The answer goes beyond the reference by providing extensive LCR data and additional context (Tier 1 ratios, NPL ratios, country-level variation, quarterly trends), but none of this contradicts the reference or obscures the required information. The reference contains no high-impact findings (sanctions, PEP, litigation, adverse media, UBO, or adverse risk relationships), so critical_omission remains false regardless of answer quality.",Cubierta,"The text_to_score contains all substantive elements from the expected answer: Q3 2025 CET1 ratio of 16.10% (vs. 16.12% in Q2 2025 and 15.73% a year earlier), total capital ratio of 20.24%, and annualized RoE of 9.88%. It also provides the requested LCR data (156.73% for Q3 2025). The exact figures match the expected answer, confirming the substance is fully present.",Cubierta,"All requested elements are present: Q3 2025 CET1 ratio (16.10%), comparison to Q2 2025 (16.12%) and year earlier (15.73%), total capital ratio (20.24%), and annualized RoE (9.88%). The text_to_score also provides extensive LCR data which, while not in the expected answer, does not count against it since containment is unidirectional.",False
cala,24,"What has been the trend of Spain's GDP, inflation (HICP) and unemployment in recent years?",Eurostat,"Source: Eurostat prc_hicp_aind (HICP, annual rate). Spain: 2025-09=3.0%; 2025-10=3.2%; 2025-11=3.2%; 2025-12=3.0% (euro area 2025-12=1.9%). [GDP: Eurostat tec00115, annual volume change].","I received comprehensive data about Spain, including its name, GDP, population, and various economic indicators. However, I did not receive a specific question from you to answer.

Spain is a country located in both Europe and Africa with Madrid as its capital and a population of approximately 48.6 million. The data includes extensive information about Spain's economic indicators, geopolitical risk metrics, and other country-level statistics.

To provide you with a meaningful answer, could you please let me know what specific information you would like to know about Spain or any other entity? I have access to data about countries, companies, people, regulations, and many other entities.",True,3,1,1,1,1.7,False,False,"Spain HICP inflation rates for 2025-09 through 2025-12 (3.0%, 3.2%, 3.2%, 3.0%); euro area 2025-12 inflation comparison (1.9%); GDP annual volume change trend data",,,NOT_ACCEPTABLE,"The reference answer contains no high-impact findings from the six categories (sanction, PEP, litigation, adverse media, beneficial ownership, adverse risk relationship), so critical_omission remains false despite the answer's failure to engage with the question. The actual answer does not address the question at all -- it acknowledges receiving data about Spain but states it did not receive a specific question, when in fact the question explicitly asks about GDP, inflation (HICP), and unemployment trends. This complete failure to provide the requested economic indicators (HICP rates, GDP volume change) results in completeness=1 and relevance_clarity=1. Factual_accuracy=3 because the generic statements about Spain (capital Madrid, population ~48.6M, location) are plausible but not verifiable against the reference, which focuses solely on economic indicators. Traceability=1 because no source attribution (Eurostat) or data series references are provided.",No cubierta,"The expected answer specifically requests Eurostat HICP data with exact monthly inflation rates for Spain in 2025 (September through December) and a euro area comparison, plus a reference to Eurostat tec00115 for GDP annual volume change. The tool output provides extensive narrative analysis of GDP growth, unemployment trends, and general inflation moderation, but does not contain the specific Eurostat HICP monthly data points or the precise dataset references requested.",No cubierta,"The text_to_score is a clarifying question that does not provide any of the requested trend information about Spain's GDP, inflation (HICP), or unemployment. While it mentions having access to data about Spain's GDP and economic indicators, it does not actually present any trend data, rates, or time series information.",False
cala,26,What is the ECB's official interest rate and the latest M3 monetary aggregate?,ECB / EBA (Data Portal),Source: ECB Data Portal. MRR (main refinancing operations) = 2.40% and DFR (deposit facility) = 2.25% as of 2026-06-30. Euro area HICP (ICP) Dec-2025 = 1.9%.,"## ECB Official Interest Rates

As of **16 September 2026**, the ECB's official interest rates are:

| Facility | Rate |
|---|------|
| **Deposit facility** | **2.50%** |
| **Main refinancing operations** | **2.65%** |
| **Marginal lending facility** | **2.90%** |

These rates were set following the ECB Governing Council's decision on **10 September 2026** to raise the three key interest rates by **25 basis points**. This was the **second rate hike in 2026** (the first occurred in June, when the deposit rate was raised to 2.25%), reversing an easing cycle that had brought rates down eight times between June 2024 and mid-2025.

The rate increases were driven by rising inflation pressures linked to the conflict in the Middle East, which pushed eurozone headline inflation to **3.3% in August 2026** (with energy inflation at 14.3%). ECB staff projections from September 2026 forecast headline inflation averaging **3.0% in 2026, 2.5% in 2027, and 2.1% in 2028**, with GDP growth of **0.9% in 2026, 1.4% in 2027, and 1.5% in 2028**.

The ECB noted that a 2.5% deposit rate sits at the **upper bound of its neutral rate estimate**, meaning any further tightening would move policy into restrictive territory. Markets are pricing in approximately a 75% probability of another rate increase in October or December 2026.

---

## Latest M3 Monetary Aggregate

The most recent ECB release on **27 August 2026** shows the **three-month annualised M3 growth rate rose to 3.2% in July 2026**, up from a revised 3.0% in June 2026.

### Recent M3 Trend (2025–2026)

| Period | M3 Annual Growth (YoY) |
|---|------|
| November 2025 | 3.0% (stock: ~€17.2 trillion) |
| February 2026 | ~3.0% (stock: ~€17.3 trillion) |
| March 2026 | 3.2% |
| April 2026 | 3.0% |
| May 2026 | 3.2% |
| June 2026 | 3.0% |
| **July 2026** | **3.2%** |

M3 growth has been oscillating in a narrow **3.0%–3.2% band** throughout 2026, reflecting steady but moderate monetary expansion across the 20-nation euro area.

### Key M3 Components

- **M1 (narrow money):** Growth pulled back slightly in recent months (e.g., 4.6% in March 2026, down from 4.8% in February), indicating some moderation in the most liquid deposits.

- **M2–M1 (short-term deposits other than overnight):** Declines have been narrowing, with the contraction easing from −1.8% in October 2025 to −0.8% by November 2025.

- **M3–M2 (marketable instruments):** Growth has been volatile but generally positive, reaching 4.5% in March 2026.

- **Private-sector credit:** Claims on the private sector contributed approximately 3.0 percentage points to total M3 growth in March 2026, making it the primary driver of money supply expansion. Corporate lending growth reached a 3-year high by mid-2026.

### What M3 Measures

M3 is the broadest monetary aggregate tracked by the ECB. It encompasses currency in circulation, overnight deposits (M1), short-term time and savings deposits (M2), plus large time deposits, institutional money market funds, repurchase agreements, and short-term debt securities. The ECB monitors M3 as part of its ""two-pillar"" monetary analysis framework, viewing large swings in M3 as signals of shifts in financial system liquidity and credit conditions.

M3 growth at the current ~3% level is generally considered consistent with an inflation rate near the ECB's 2% target over the medium term, though transmission lags mean the full impact may take time to materialise. Despite the ECB's rate hikes in 2026, lending has continued to grow, suggesting underlying demand remains robust enough to absorb higher borrowing costs.",True,1,2,3,2,1.85,False,True,Euro area HICP (ICP) Dec-2025 = 1.9%; reference date 2026-06-30 for the interest rates,Deposit facility rate given as 2.50% (reference: 2.25%); Main refinancing operations rate given as 2.65% (reference: 2.40%); dates and context of rate changes contradict reference snapshot date of 2026-06-30,Rate hike on 10 September 2026 raising rates by 25 basis points; deposit rate of 2.50% and MRR of 2.65% as of 16 September 2026; conflict in the Middle East driving inflation to 3.3% in August 2026; second rate hike in 2026 narrative; detailed ECB staff projections for 2026-2028; M3 growth rate of 3.2% in July 2026,NOT_ACCEPTABLE,"The reference specifies rates as of 2026-06-30 (DFR=2.25%, MRR=2.40%), but the actual answer provides different rates (DFR=2.50%, MRR=2.65%) dated September 2026, with an elaborate narrative about rate hikes, Middle East conflict, and inflation projections that contradict the reference's HICP figure of 1.9% for Dec-2025. The question asks for M3 monetary aggregate, which the reference does not provide, but the actual answer invents specific M3 figures (3.2% for July 2026) with no basis in the reference. The answer does cite ECB sources and dates (traceability=3), but the core factual claims are wrong or fabricated (factual_accuracy=1, hallucination=true). Completeness scores 2 because it attempts to address both parts of the question but with incorrect data. Relevance_clarity scores 2 because while on-topic, the extensive invented context obscures that the core facts contradict the reference.",Parcial,"The text_to_score provides ECB official interest rates (deposit facility 2.50%, main refinancing 2.65% as of September 2026) and M3 monetary aggregate data (3.2% growth in July 2026), which are the correct types of data requested. However, the expected_answer references specific rates as of 2026-06-30 (MRR 2.40%, DFR 2.25%) and mentions HICP inflation (1.9% in Dec-2025), which is a different data point than M3 growth. The dates and specific rate values differ (September vs. June 2026), and while M3 is provided, the expected answer's mention of HICP suggests inflation data may have been part of the original request that M3 does not fully satisfy.",Parcial,"The text_to_score provides ECB official interest rates (deposit facility 2.50%, MRR 2.65% as of September 2026) and M3 monetary aggregate data (3.2% growth in July 2026), but completely omits the Euro area HICP inflation figure requested in the expected answer. The rates differ in value and date from the expected answer, but are the correct data type.",False
cala,29,How have the federal funds rate and the US unemployment rate evolved over the last 24 months?,Fed (FRED),Source: FRED. EFFR (Effective Federal Funds Rate) = 3.63% (2026-06-26). UNRATE (unemployment) = 4.3% (May-2026; Apr 4.3; Mar 4.3; Feb 4.4; Jan 4.3).,"## Federal Funds Rate and US Unemployment Rate Evolution Over the Last 24 Months

### Federal Funds Rate (September 2024 - September 2026)

The federal funds rate underwent significant changes over the last 24 months, transitioning from a rate-cutting cycle to a potential rate-hiking environment:

#### 2024: Rate-Cutting Cycle Begins
After holding the federal funds rate at a peak of 5.25%–5.50% for over a year, the Federal Reserve began cutting rates in September 2024:

| Date | Action | Target Range |
|------|--------|--------------|
| **Sep 2024** | First cut (−50 bps) | 4.75%–5.00% |
| **Nov 2024** | Cut (−25 bps) | 4.50%–4.75% |
| **Dec 2024** | Cut (−25 bps) | 4.25%–4.50% |

The Fed lowered its target rate three times from September to December 2024, totaling 100 basis points of easing.

#### 2025: Continued Easing
The easing cycle continued through 2025, with the effective federal funds rate declining further. By the end of 2025, the rate had been brought down to approximately the **3.75%–4.00%** range, with additional cuts made as inflation cooled.

#### 2026: Shift in Outlook — From Cuts to Potential Hikes
- The year began with market expectations for further rate cuts.
- However, supply shocks (notably in energy markets) contributed to inflation remaining above the Fed's 2% target for the fifth consecutive year.
- Market expectations shifted dramatically — from pricing in rate cuts in early 2026 to pricing in **multiple rate hikes** by mid-2026.
- As of **September 16, 2026**, the Fed held a meeting where it was widely expected to deliver the **first interest-rate increase since 2023**. The 10-year Treasury yield crossed 5%.
- The Fed's baseline posture through much of 2026 has been a **pause**, though hawkish forward guidance has increased.

**Current Status (September 16, 2026):** The federal funds rate target range entering the FOMC meeting was approximately **3.75%–4.00%**, with a potential rate hike decision expected.

---

### US Unemployment Rate (September 2024 - August 2026)

The US unemployment rate (U-3, seasonally adjusted) showed a gradual increase through 2025 before stabilizing and improving in 2026. The most recent reading is **4.1%** for **August 2026**, released September 5, 2026.

#### Monthly Unemployment Rates:

| Month | Rate |
|-------|------|
| **2024** | |
| Sep 2024 | 4.1% |
| Oct 2024 | 4.1% |
| Nov 2024 | 4.2% |
| Dec 2024 | 4.1% |
| **2025** | |
| Jan 2025 | 4.0% |
| Feb 2025 | 4.1% |
| Mar 2025 | 4.2% |
| Apr 2025 | 4.2% |
| May 2025 | 4.2% |
| Jun 2025 | 4.1% |
| Jul 2025 | 4.2% |
| Aug 2025 | 4.3% |
| Sep 2025 | 4.4% |
| Oct 2025 | N/A* |
| Nov 2025 | 4.5% |
| Dec 2025 | 4.4% |
| **2026** | |
| Jan 2026 | 4.3% |
| Feb 2026 | 4.4% |
| Mar 2026 | 4.3% |
| Apr 2026 | 4.3% |
| May 2026 | 4.3% |
| Jun 2026 | 4.2% |
| Jul 2026 | 4.1% |
| Aug 2026 | 4.1% |

*\*October 2025 data was not available in the source table (likely due to a reporting revision).*

#### Key Observations:

- **Peak over the period:** The unemployment rate reached **4.5%** in November 2025, the highest level in four years, as the labor market softened through the second half of 2025.
- **2025 trend:** Unemployment drifted higher over the course of 2025, with the number of unemployed Americans rising over 700,000 to 7.8 million by year-end.
- **Recent improvement:** The rate has trended downward in 2026, falling from 4.4% in February to **4.1%** in both July and August 2026. The August jobs report showed 162,000 jobs added, the strongest monthly gain since March 2026.
- **2026 stabilization:** Job growth rebounded in March 2026 (178,000 payrolls added), and the labor market has shown signs of stabilization through the summer.

---

### Summary

Over the last 24 months, the federal funds rate declined from 5.25%–5.50% to approximately 3.75%–4.00% through a series of cuts beginning in September 2024 and continuing through 2025, though by mid-2026 the Fed's stance shifted toward potential rate hikes. Meanwhile, the US unemployment rate rose gradually from 4.1% in September 2024 to a peak of 4.5% in November 2025, before improving back to 4.1% by August 2026, indicating labor market stabilization after a period of softening.",True,1,2,3,4,2.05,False,True,Current EFFR as of 2026-06-26 is 3.63%,Federal funds rate stated as approximately 3.75%-4.00% as of September 2026; unemployment rate stated as 4.1% for August 2026,"Detailed monthly unemployment rates for September 2024 through August 2026; federal funds rate cuts in September, November, and December 2024 with specific basis point amounts; rate target ranges of 4.75%-5.00%, 4.50%-4.75%, 4.25%-4.50%; unemployment peak of 4.5% in November 2025; August 2026 unemployment of 4.1%; September 16, 2026 FOMC meeting; supply shocks and energy market issues in 2026",NOT_ACCEPTABLE,"The reference provides only two current data points: EFFR = 3.63% as of June 26, 2026, and unemployment = 4.3% for May 2026 (with Jan-Apr also at 4.3% except Feb at 4.4%). The actual answer contradicts these by stating the federal funds rate is approximately 3.75%-4.00% in September 2026 and unemployment is 4.1% in August 2026. More critically, the actual answer provides an extensive narrative with dozens of specific monthly data points, rate cut schedules, and policy details spanning 24 months that have no basis in the reference, which contains only a snapshot. While the answer is well-organized and relevant to the question, the fabrication of detailed historical data constitutes clear hallucination. Traceability receives partial credit for mentioning FRED and specific dates, though the data itself is invented.",Parcial,"The text_to_score provides extensive unemployment rate data (covering the requested 24-month period with values like 4.3% for May 2026, 4.1% for August 2026) and federal funds rate evolution (showing the rate declining from 5.25%-5.50% peak to 3.75%-4.00% range by end of 2025/early 2026). However, it does not provide a specific current EFFR value comparable to the expected answer's 3.63% as of 2026-06-26; instead it gives ranges and discusses September 2026 meeting expectations.",Parcial,"The text_to_score provides extensive detail on the evolution of both rates over 24 months, including monthly unemployment data through August 2026 and federal funds rate changes. However, the expected_answer specifies data as of June 26, 2026 (EFFR = 3.63%) and May 2026 unemployment data, while text_to_score provides data through August/September 2026 with different values (EFFR ~3.75-4.00% range, unemployment 4.1% in August vs 4.3% in May). The temporal mismatch and different endpoint values indicate the specific requested snapshot is not fully present.",False
cala,30,What is the aggregate credit exposure of the financial system in Brazil for the period?,BACEN (SGS),"Source: BACEN SGS (API). Series 20539 (Total credit portfolio balance, R$ MM): 01/2026=7,123,926; 02/2026=7,151,082; 03/2026=7,221,534; 04/2026=7,245,265. Series 433 (IPCA % monthly): 05/2026=0.58.","## Aggregate Credit Exposure of Brazil's Financial System

The aggregate credit exposure of Brazil's financial system varies depending on the specific metric and time period:

### International Credit Exposure
As of **December 2024**, the credit exposure of BIS reporting banks to Brazil stood at **USD 222.8 billion**, of which **USD 188.7 billion** was from direct claims.

### Domestic Credit Dynamics (2025-2026)

**Working Capital Credit Lines (H1 2026):**
- Total originations in working capital credit lines surged **78.3% year-over-year** in the first half of 2026
- This expansion was heavily concentrated in maturities under one year, which jumped **171.8%**, while facilities extending beyond 12 months contracted by **9.4%**
- This marks the second-largest first-half expansion in the Central Bank's time series (dating back to 2011), surpassed only by the pandemic spike in H1 2020 (+188.7%)

**Outstanding Balances:**
Despite the surge in originations, total outstanding working capital balances increased only **1.3% year-over-year**, as:
- Short-dated debt expanded **31.6%**
- Long-dated balances shrank **3.7%**

**Maturity Trends:**
The average maturity for newly issued sub-365-day facilities dropped from **6.2 months** in June 2025 to **3.5 months** in June 2026, reflecting banks' preference for shorter durations as a defense against high interest rates and rising corporate defaults.

**Credit Quality:**
Non-performing loans (NPLs) in non-earmarked corporate credit climbed steadily from 3.1% to **4.0% in 2026**—double the 2.1% level seen in 2020.

### System Resilience
According to the IMF Financial System Stability Assessment (July 2026), Brazil's financial system is broadly resilient to adverse shocks. The National Financial System (SFN) remains well capitalized, with comfortable liquidity levels and provisions adequate to expected losses. Domestic systemically important banks (DSIBs) experienced more notable losses under stress scenarios, but their capital ratios remained above stress test hurdle rates.

### Data Availability
The Banco Central do Brasil publishes detailed monetary and credit statistics, including credit operations outstanding by economic activity and source of funds, through its open data portal and the SGS time series system, with monthly data available since 2012 (measured in million reais).",True,1,1,2,2,1.3,False,True,"Series 20539 (Total credit portfolio balance, R$ MM): 01/2026=7,123,926; 02/2026=7,151,082; 03/2026=7,221,534; 04/2026=7,245,265; Series 433 (IPCA % monthly): 05/2026=0.58","December 2024 BIS data (USD 222.8 billion, USD 188.7 billion); H1 2026 working capital credit line originations surge of 78.3% year-over-year; short-dated debt expansion of 171.8%; NPL climb to 4.0% in 2026; IMF FSSA July 2026 findings",USD 222.8 billion BIS exposure as of December 2024; 78.3% year-over-year surge in working capital credit lines in H1 2026; 171.8% jump in maturities under one year; NPLs climbing to 4.0% in 2026; IMF Financial System Stability Assessment July 2026,NOT_ACCEPTABLE,"The reference answer provides specific BACEN SGS series data (20539 and 433) with precise monthly values for early 2026. The actual answer completely omits these specific series and values, instead providing detailed statistics about BIS exposure, working capital trends, NPLs, and IMF assessments that appear fabricated with no basis in the reference. While the actual answer mentions BACEN SGS exists, it provides no actual data from it. The invented statistics (December 2024 BIS figures, H1 2026 working capital surge percentages, specific NPL rates) are presented as facts but contradict the reference's focus on aggregate credit portfolio balances for the stated period.",No cubierta,"The expected answer requests specific BACEN SGS API time series data with exact series codes (20539 for credit portfolio balance and 433 for IPCA) and monthly values for 01/2026 through 05/2026. The text_to_score provides qualitative analysis, growth rates, and December 2024 international exposure figures, but does not contain the requested SGS series identifiers or the specific monthly credit portfolio balances in R$ MM for the 2026 period.",No cubierta,"The expected answer provides specific BACEN SGS API series data (Series 20539 for total credit portfolio balance with exact monthly values in R$ MM for 01-04/2026, and Series 433 for IPCA). The text_to_score discusses various credit metrics and trends but does not contain these specific series numbers or the requested monthly credit portfolio balance figures.",False
cala,32,Does a company (CNPJ) have registered tax debt or insolvency status in the Union's active-debt registry?,Dívida Ativa (PGFN),"Point query by CNPJ at listadevedores.pgfn.gov.br (not a time series): returns name/business name, CPF/CNPJ, consolidated amount and type of registration. No open public API (web search).","I'd be happy to help you check if a company has registered tax debt or insolvency status in Brazil's active-debt registry. However, I need some specific information to look this up:

**Required information:**
- The **CNPJ number** (Cadastro Nacional da Pessoa Jurídica) of the company you want to check

The CNPJ is Brazil's federal tax identification number for companies, formatted as XX.XXX.XXX/XXXX-XX (14 digits).

Once you provide the CNPJ, I can search for information about:
- Any registered tax debts with the federal government
- Insolvency or bankruptcy status
- Registration in the ""Cadastro Informativo de Créditos não Quitados do Setor Público Federal"" (CADIN) or similar active-debt registries

Please share the CNPJ number of the company you'd like me to investigate.",True,3,1,1,2,1.8,False,False,"The specific source listadevedores.pgfn.gov.br; the data fields returned (name/business name, CPF/CNPJ, consolidated amount, type of registration); the point-query nature (not time series); the absence of an open public API",Mentions CADIN as a similar active-debt registry when the reference specifically identifies PGFN's Dívida Ativa registry,,NOT_ACCEPTABLE,"The reference answer provides specific procedural information about how to query the PGFN active-debt registry (listadevedores.pgfn.gov.br), what data fields are returned, and technical details (point query, no API). The actual answer does not provide any of this information; instead, it asks for a CNPJ to perform a lookup, treating the question as a request for a specific company check rather than as a question about the registry itself. While the actual answer correctly identifies that CNPJ is needed and mentions federal tax debts, it introduces CADIN (a different registry) and fails to mention the PGFN source or any of the specific details from the reference. Completeness scores 1 because the answer does not address the reference content at all, instead offering to perform a service. Traceability scores 1 because no source matching the reference (PGFN/listadevedores.pgfn.gov.br) is identified. The reference contains no high-impact findings from the six categories, so critical_omission remains false despite the poor answer quality.",No cubierta,"The expected answer requires specific information about querying CNPJ at listadevedores.pgfn.gov.br, including what data is returned (name/business name, CPF/CNPJ, consolidated amount, type of registration) and the nature of the service (point query, no public API). The text_to_score only contains a generic tool validation message with no substantive content about the tax debt registry query.",No cubierta,"The expected answer describes the specific data source (listadevedores.pgfn.gov.br), the type of query (point query by CNPJ), what information it returns (name, CPF/CNPJ, consolidated amount, type of registration), and notes the absence of a public API. The text_to_score is a clarifying question asking for the CNPJ number and does not contain any of this substantive information about the registry, query method, or returned data fields.",False
cala,33,What is a company's tax-compliance status (CNPJ) and address/activity verification in Brazil?,Receita Federal (CNPJ),"Point query by CNPJ. Real e.g. (Receita Federal via BrasilAPI) CNPJ 18.236.120/0001-58 → 'NU PAGAMENTOS S.A. - INSTITUIÇÃO DE PAGAMENTO', registration status ACTIVE, CNAE 'Other auxiliary activities of financial services', São Paulo/SP.","## Brazil CNPJ: Tax Compliance Status, Company Address & Activity Verification

### What Is a CNPJ?

The **CNPJ** (*Cadastro Nacional da Pessoa Jurídica*) is Brazil's 14-digit federal company tax identification number, administered by the **Receita Federal do Brasil** (Brazilian Federal Revenue Service). Every legally operating company in Brazil must hold an active CNPJ. As of July 2026, Brazil had roughly **25.2 million active CNPJs** according to the government's Mapa de Empresas dashboard.

A CNPJ is required to:

- File federal, state, and municipal taxes
- Issue electronic invoices (Nota Fiscal Eletrônica / NF-e)
- Register for state VAT (ICMS) and municipal service tax (ISS)
- Open business bank accounts
- Sign contracts and participate in public procurement
- Conduct import/export operations

---

### How to Verify a CNPJ — Official Process

The official, free verification is done through the Receita Federal's **""Emissão de Comprovante de Inscrição e de Situação Cadastral""** portal:

1. Go to the Receita Federal CNPJ consultation page
2. Enter the **14-digit CNPJ** number
3. Complete the **CAPTCHA** verification
4. Click **""Consultar""**
5. Review the certificate the system displays

The returned certificate includes:

| Data Field | Description |
|---|---|
| **Registration status** | Active (*Ativa*), Suspended (*Suspensa*), Unfit (*Inapta*), or Closed (*Baixada*) |
| **Legal name** (*Razão Social*) | Official registered company name |
| **Trade name** (*Nome Fantasia*) | Commercial/brand name |
| **Registered address** | Full address including city, state, and postal code |
| **Primary CNAE code** | Main business activity classification |
| **Secondary CNAE codes** | Additional registered business activities |
| **Partners/Administrators (QSA)** | Names of partners and administrators |
| **Opening date** | Date the company was registered |
| **Legal nature** | Type of legal entity |
| **Share capital** | Registered capital amount |

This consultation is governed by **Instrução Normativa RFB nº 2.119/2022** and is completely free.

---

### CNPJ Registration Statuses Explained

- **Ativa (Active):** The company is in good standing and legally permitted to operate
- **Suspensa (Suspended):** Operations are temporarily frozen, typically due to compliance issues
- **Inapta (Unfit):** The company has missed multiple mandatory filings (e.g., DCTF or ECF). This status freezes the ability to issue invoices, can lead to bank account restrictions, and effectively halts business operations
- **Baixada (Closed):** The CNPJ has been formally deactivated/dissolved

---

### Consequences of Non-Compliance

If a company misses multiple DCTF or ECF filings, the Receita Federal can mark the CNPJ as **""inapta""**. Consequences include:

- Loss of ability to issue invoices
- Bank accounts may be frozen
- Business operations effectively stop

To regularize, the company must identify all missing returns, calculate back taxes and penalties, file everything retroactively, and pay debts or arrange installment plans. Only after the Receita Federal accepts the filings and debts does the CNPJ status return to ""Ativa.""

---

### Additional Verification Resources

- **SINTEGRA / SEFAZ portals:** For verifying state-level tax registrations (*Inscrição Estadual*), needed for ICMS/VAT compliance in each Brazilian state
- **Simples Nacional portal:** To check whether a company is enrolled in the simplified tax regime for micro and small enterprises (includes Simples Nacional and MEI flags)
- **CNPJ compliance checks** can also verify against federal sanction lists such as **CEIS** (sanctioned companies), **CNEP** (penalized companies), and **CEPIM** (irregular non-profits), as well as Leniency Agreements

---

### Key Takeaway

Verifying a Brazilian company's CNPJ through the Receita Federal portal is the authoritative way to confirm its **tax compliance status**, **registered address**, and **business activities (CNAE codes)** before entering into any business relationship. An **""Ativa""** status confirms the entity is legally registered and in good standing with federal tax authorities.",True,5,2,4,3,3.55,False,False,"No concrete example query result shown (e.g., CNPJ 18.236.120/0001-58 → NU PAGAMENTOS S.A., registration status ACTIVE, CNAE 'Other auxiliary activities of financial services', São Paulo/SP)",,,NOT_ACCEPTABLE,"The actual answer provides accurate general information about CNPJ verification through Receita Federal, correctly describing the process, data fields, and registration statuses. However, the reference answer expects a concrete point query example (CNPJ 18.236.120/0001-58 returning NU PAGAMENTOS S.A. with ACTIVE status, specific CNAE, and São Paulo location), which the actual answer completely omits in favor of generic procedural guidance. Traceability scores 4 because it correctly identifies Receita Federal as the source and mentions the consultation portal, though it doesn't demonstrate an actual query. Relevance_clarity scores 3 because while topically relevant, the extensive procedural detail and compliance consequences obscure the core expectation: demonstrating a real lookup result. No high-impact findings (sanctions, PEP, litigation, adverse media, UBO, adverse relationships) exist in the reference, so critical_omission remains false despite the missing example.",Cubierta,"The expected answer requests a point query by CNPJ showing registration status, company name, CNAE activity, and location. The tool output provides comprehensive information on how to perform CNPJ queries via Receita Federal, explains the returned data fields (registration status, legal name, CNAE codes, address), and describes the various statuses (ACTIVE/Ativa, etc.). While no specific real example like '18.236.120/0001-58 → NU PAGAMENTOS' is provided, the text explains the exact process and data types that such a query returns, which contains the substance of what was requested.",Parcial,"The text_to_score provides comprehensive information about what a CNPJ is, how to verify it, and what data fields are returned (registration status, address, CNAE activity codes). However, it does not contain a concrete example query result showing an actual CNPJ lookup (e.g., CNPJ 18.236.120/0001-58 → NU PAGAMENTOS S.A., status ACTIVE, specific CNAE, São Paulo/SP) as requested in the expected_answer.",True
cala,35,What are the latest filings and capital changes of a company at the São Paulo commercial registry (JUCESP)?,JUCESP,Point query by company at jucesponline.sp.gov.br (requires registration/login; no public API). Returns registered corporate acts and their dates; not a time series.,"I'd be happy to help you find information about filings and capital changes at JUCESP (São Paulo commercial registry). However, I need to know which specific company you're interested in.

Could you please provide:
- The company name, or
- The company's registration number (CNPJ), or
- Any other identifying information about the company

Once you provide the company details, I can search for information about their latest filings and capital changes registered with JUCESP.",True,3,1,1,2,1.8,False,False,The reference specifies that information is accessed via point query by company at jucesponline.sp.gov.br (requires registration/login; no public API); returns registered corporate acts and their dates; not a time series,,,NOT_ACCEPTABLE,"The reference answer contains zero high-impact findings from the six categories (sanction, PEP, litigation, adverse media, beneficial ownership, adverse risk relationship), so critical_omission remains false regardless of answer quality. The actual answer asks for company details rather than explaining how to access JUCESP information, completely failing to address the reference's core content about the jucesponline.sp.gov.br portal, registration/login requirements, lack of public API, and the nature of data returned (corporate acts and dates, not time series). Completeness scores 1 because it does not address the reference content at all. Traceability scores 1 because no source or access method is identified. Relevance_clarity scores 2 because while the answer acknowledges JUCESP and the general topic, it deflects to requesting company details rather than answering the procedural question. Factual_accuracy scores 3 because the statements made (needing company identification) are not incorrect per se, just incomplete and not responsive to what was asked.",No cubierta,"The text_to_score contains only a tool validation message with no substantive content about JUCESP filings or capital changes. None of the requested information (query method, website, registration requirement, type of data returned) is present.",No cubierta,"The expected answer describes how to query JUCESP (via jucesponline.sp.gov.br, requires registration/login, returns corporate acts and dates). The text_to_score is a clarifying question asking for company details but provides none of the substantive information about the query method, access requirements, or what data is returned.",False
cala,36,How many new cars were registered in the EU and what is the battery-electric market share in the latest period?,ACEA · ECB (CAR registrations),"Source: ACEA / ECB Data Portal (dataset CAR). EU Jan-May 2026: 4,748,801 registrations (+4.0% YoY); battery-electric 950,521 (20% share). May 2026: EU 955,013 (+3.2%); BEV 203,417.","Based on the latest available data from the European Automobile Manufacturers' Association (ACEA), here are the EU new car registration figures and battery-electric vehicle market share:

## Latest Period: H1 2026 (January–June 2026)

**Total New Car Registrations in the EU:**
- **EU-only registrations in H1 2026:** The EU market grew by 5.7% year-to-date
- **Total registrations across Europe (EU + EFTA + UK) in H1 2026:** 7.23 million vehicles, up 6.1% year-on-year
- **June 2026 alone (EU):** Approximately 1.15 million units, up 13.6% year-on-year
- **June 2026 (EU + EFTA + UK):** 1.41 million vehicles, up 13.1% year-on-year

**Battery-Electric Vehicle (BEV) Market Share:**
- **H1 2026 (EU):** 20.7% market share, with 1,220,890 BEV units registered
- This represents a 40.5% year-on-year increase in BEV registrations
- Up from 15.6% market share in H1 2025
- **June 2026 alone (EU):** 23.6% market share, with BEV registrations surging 60.7% year-on-year

## More Recent Monthly Data (July 2026)

According to the International Council on Clean Transportation:
- **BEV market share reached 24%** of all new vehicles sold in Europe in July 2026

## Year-to-Date Through July 2026 (EU, EFTA & UK)

- **BEV share: 22.2%** for the January–July 2026 period, up 4.7 percentage points year-on-year

## Key Market Drivers

The strong BEV performance in H1 2026 was driven by:
- France: +62.9% BEV growth
- Germany: +48% BEV growth
- Denmark: +41.2% BEV growth
- Belgium: +8.2% BEV growth
- Italy: +65.7% BEV growth (Q1 2026)

These three markets (France, Germany, and Denmark) together accounted for 63% of all battery-electric car registrations in the EU during H1 2026.

## Additional Context

- Hybrid-electric vehicles remained the most popular powertrain overall at 37.3% market share in H1 2026
- Plug-in hybrids represented 9.8% of EU registrations (577,735 units), up from 8.5% in H1 2025
- Petrol registrations fell 12.2% and diesel dropped 16.9% year-on-year in H1 2026
- The combined market share of petrol and diesel cars fell to 30.3% in Q1 2026, down from 38.2% in Q1 2025",True,1,2,3,3,1.95,False,True,"EU Jan-May 2026 total registrations (4,748,801); May 2026 EU registrations (955,013); May 2026 BEV registrations (203,417)","H1 2026 BEV market share claimed as 20.7% when reference shows 20% for Jan-May; H1 2026 BEV units claimed as 1,220,890 when reference shows 950,521 for Jan-May","June 2026 data (1.15M EU registrations, 23.6% BEV share); July 2026 data (24% BEV share); H1 2026 total of 1,220,890 BEV units; specific country growth percentages for France (+62.9%), Germany (+48%), Italy (+65.7%); hybrid-electric 37.3% market share claim",NOT_ACCEPTABLE,"The reference provides Jan-May 2026 data (4,748,801 registrations, 950,521 BEV at 20% share) and May 2026 monthly data (955,013 total, 203,417 BEV). The actual answer instead reports H1 (January-June) 2026 figures with substantially different numbers (1,220,890 BEV units, 20.7% share), June 2026 monthly data, and July 2026 data—none of which appear in the reference and represent a different time period with invented specific figures. While the answer cites ACEA as a source (matching the reference source), the specific data points are fabricated or from an incompatible period. The answer does address the general topic (EU registrations and BEV share) but with wrong periods and invented numbers, warranting factual_accuracy=1 and hallucination=true.",Parcial,"The text_to_score provides BEV market share data (20.7% for H1 2026, 22.2% for Jan-July, 24% for July) and total registrations for H1 2026 (~5.7 million estimated, or 1.22 million BEVs), but does not contain the specific Jan-May 2026 period figures (4,748,801 total registrations, 950,521 BEV units) or the May 2026 monthly data (955,013 total, 203,417 BEV) that are central to the expected answer. The periods and absolute registration numbers differ substantively from what was requested.",Parcial,"The text_to_score provides BEV market share (20.7% for H1 2026) and total registrations for broader periods, but does not contain the specific Jan-May 2026 period figures requested (4,748,801 registrations, 950,521 BEV units) or the specific May 2026 monthly data (955,013 total, 203,417 BEV). While H1 data overlaps partially with the Jan-May period, the specific timeframe and figures requested are absent.",False
cala,37,What are the competitor's (Nubank) annual revenue and net income from its financial filings?,SEC EDGAR (Nu Holdings),"Source: SEC EDGAR CompanyFacts API (CIK 0001691493, ifrs-full). Revenue (USD): 2022=4,792.2M; 2023=8,029.0M; 2024=11,517.1M. Net income (ProfitLoss): 2022=−364.6M; 2023=1,030.5M; 2024=1,972.1M.","## Nubank's Annual Revenue and Net Income from Financial Filings

Based on Nubank's (Nu Holdings Ltd., NYSE: NU) financial filings, here are the annual revenue and net income figures:

### Full-Year Revenue

| Year | Revenue | Year-over-Year Growth |
|------|---------|----------------------|
| **2023** | ~$8.0 billion | — |
| **2024** | ~$11.2 billion | ~40% YoY |
| **2025** | **$16.3 billion** | **+45% YoY** |

### Full-Year Net Income

| Year | Net Income | Year-over-Year Growth |
|------|-----------|----------------------|
| **2023** | ~$1.0 billion | Breakout profitability year |
| **2024** | **$2.0 billion** | ~100% YoY |
| **2025** | **$2.9 billion** | **+45% YoY** |

### Key Financial Highlights

**2023:**
- Q3 2023 marked a milestone with quarterly revenue surpassing $2 billion for the first time
- Q3 2023 net income was $303 million
- The year represented Nubank's transition to sustained profitability

**2024:**
- Q1 2024 revenue reached a record $2.7 billion (up 64% YoY)
- Q1 2024 net income was $378.8 million
- Full-year net income of approximately $2.0 billion, roughly doubling from 2023
- Second-quarter profits more than doubled from the prior year

**2025:**
- Full-year revenue of **$16.3 billion** (+45% YoY)
- Full-year net income of **$2.9 billion** (up from $2.0 billion in FY2024)
- Q4 2025 was a standout quarter with:
  - **$4.9 billion in revenue** (+45% YoY)
  - **$895 million in net income** (+50% YoY)
  - Record **33% ROE** (return on equity)
  - Efficiency ratio of **19.9%** — the first time below 20%

### Additional Context (Early 2026)

In Q1 2026, Nu reported:
- Record revenue of **$5.0 billion**
- Net income of **$871 million** (up over 80% YoY on an FX-neutral basis)
- Over 135 million customers globally
- Conditional OCC approval for a U.S. national bank charter

These figures are from Nu Holdings' official financial results prepared in accordance with IFRS and filed with the SEC (Form 20-F), as well as the company's quarterly earnings releases.",True,1,2,4,3,2.15,False,True,"2022 revenue of $4,792.2M; 2022 net income of −$364.6M (loss)","2023 revenue stated as ~$8.0 billion (reference: $8,029.0M, acceptable rounding); 2024 revenue stated as ~$11.2 billion (reference: $11,517.1M, material understatement)",2025 full-year revenue of $16.3 billion; 2025 full-year net income of $2.9 billion; Q4 2025 revenue of $4.9 billion; Q4 2025 net income of $895 million; Q1 2026 revenue of $5.0 billion; Q1 2026 net income of $871 million,NOT_ACCEPTABLE,"The reference provides data only through 2024 (revenue $11,517.1M, net income $1,972.1M), yet the actual answer presents detailed 2025 and Q1 2026 figures with no basis in the reference source (SEC EDGAR). The 2024 revenue is understated (~$11.2B vs. $11,517.1M), and the entire 2022 year is omitted. Traceability is reasonable as the answer cites SEC Form 20-F and IFRS, consistent with the reference source. Relevance is reduced by extensive unverified forward-looking data that obscures the core historical figures requested.",Parcial,"The text_to_score contains annual revenue and net income figures for Nubank for 2023, 2024, and 2025 (tool call 4 and 5), but the expected_answer specifically requests data for 2022, 2023, and 2024 from SEC EDGAR filings. The 2022 figures (revenue $4,792.2M and net income −$364.6M) are entirely absent from the tool output, and the 2025 data provided was not requested.",Parcial,"The text_to_score provides revenue and net income figures for 2023 and 2024 that are approximately correct in type and magnitude (2023 revenue ~$8.0B vs expected $8,029.0M; 2024 net income $2.0B vs expected $1,972.1M), but completely omits 2022 data (revenue $4,792.2M and net income −$364.6M). Additionally, it includes 2025 and 2026 data not requested or present in the expected answer, and does not cite the specific SEC EDGAR source (CIK 0001691493, ifrs-full).",False
cala,39,"What are market earnings by occupation, including managers, for senior-role benchmarking?",Eurostat (Earnings Survey),"Source: Eurostat Structure of Earnings Survey 2022 (earn_ses_pub2s). Median gross hourly earnings (PPS) by country, Oct 2022: Denmark 22.4; Belgium 21.3; Luxembourg 18.4; Germany 17.3; Ireland 17.0; lowest Bulgaria 6.7; Portugal 7.4.","## Market Earnings by Occupation: Managers & Senior Roles — Benchmarking Overview

### Key Compensation Benchmarks

Based on the latest available data (U.S. Bureau of Labor Statistics, May 2024–May 2025 estimates), here are representative earnings benchmarks for managerial and senior roles:

| Occupation | Median Annual Salary | Notes |
|---|---|---|
| **Financial Managers** | ~$161,700 (national median) | Up to ~$215,740 in high-cost states like New York |
| **Construction Managers** | ~$106,980 (median) | BLS May 2024 data |
| **Finance Managers (Australia)** | ~A$2,904/week median (full-time) | Per Jobs and Skills Australia, May 2025 survey |

### Broader Context

- **Salary budget increases** across industries are projected at approximately **3.5% for 2025–2026**, though actual adjustments vary by market conditions and geography.
- **Management occupations** consistently rank among the highest-paid major occupation groups. BLS reported an annual mean wage of **$65,360 for construction and extraction occupations** overall (May 2025), while management and engineering roles within those industries sit significantly above that level.
- **Geographic variation** is substantial — high-cost metro areas (New York, San Francisco, Washington D.C.) can push managerial compensation 30%+ above national medians.

### Benchmarking Considerations

When benchmarking senior management compensation:

- **Use occupation-specific data** rather than broad industry averages, as pay varies widely even within the same sector.
- **Account for total compensation**, including bonuses, equity, and benefits, which can represent a significant portion of senior-level pay.
- **Match data sources carefully** — different surveys may report mean vs. median wages, cover different time periods, or include different populations (self-reported vs. employer-reported).
- **Update regularly** — annual survey data from 2023–2024 may not accurately reflect 2025–2026 market conditions due to shifts in labor demand, interest rates, and regional economic trends.",True,1,1,1,1,1.0,False,False,"Eurostat Structure of Earnings Survey 2022 data; median gross hourly earnings in PPS by country (Denmark 22.4, Belgium 21.3, Luxembourg 18.4, Germany 17.3, Ireland 17.0, Bulgaria 6.7, Portugal 7.4); October 2022 timeframe; European country-level benchmarking data",,,NOT_ACCEPTABLE,"The reference answer requires Eurostat Structure of Earnings Survey data with specific median gross hourly earnings (PPS) by European country from October 2022. The actual answer provides entirely different data: U.S. Bureau of Labor Statistics annual salaries for specific occupations (Financial Managers, Construction Managers) and Australian data, with no mention of Eurostat, European countries, hourly earnings in PPS, or the 2022 survey. The source mismatch (U.S./Australia vs. Europe), metric mismatch (annual salary vs. hourly PPS), and complete absence of the reference's country-level data result in scores of 1 across all dimensions. No high-impact findings (sanctions, PEP, litigation, adverse media, UBO, adverse relationships) exist in the reference, so critical_omission remains false despite the complete failure to address the reference content.",No cubierta,"The expected answer requests Eurostat Structure of Earnings Survey 2022 data showing median gross hourly earnings in PPS by European country (Denmark, Belgium, Luxembourg, Germany, Ireland, Bulgaria, Portugal). The text_to_score provides U.S. BLS and Australian salary data for managers but contains no Eurostat data, no European country earnings, and no PPS-denominated hourly wages.",No cubierta,"The expected answer requires Eurostat Structure of Earnings Survey 2022 data showing median gross hourly earnings in PPS by European country. The text_to_score provides U.S. BLS and Australian data with annual/weekly salaries instead, representing entirely different geographic markets, data sources, and measurement units than requested.",False
cala,41,Isabel José dos Santos tem relações com entidades offshore?,ICIJ Offshore Leaks,"Empresas e vínculos encontrados:
ALCEA HOLDING LIMITED
Vínculo: acionista
Constituição: 20 de abril de 2012
Jurisdição: Malta
Fonte: Paradise Papers

KENTO HOLDING LIMITED
Vínculo: acionista
Constituição: 27 de novembro de 2009
Jurisdição: Malta
Fonte: Paradise Papers

WISE INTELLIGENCE SOLUTIONS HOLDING LIMITED
Vínculo: acionista
Constituição: 21 de junho de 2010
Jurisdição: Malta
Fonte: Paradise Papers

WINTERFELL 2 LIMITED
Vínculos: diretora, representante legal e representante judicial
Constituição: 10 de março de 2015
Jurisdição: Malta
Fonte: Paradise Papers

WINTERFELL INDUSTRIES LIMITED
Vínculos: diretora, representante legal e representante judicial
Constituição: 12 de janeiro de 2015
Jurisdição: Malta
Fonte: Paradise Papers

FINISANTORO HOLDING LIMITED
Vínculos: acionista, diretora, representante legal e representante judicial
Constituição: 31 de janeiro de 2014
Jurisdição: Malta
Fonte: Paradise Papers

Endereços associados:
FUTUNFO DE BELAS ZONA 3, BAIRRO FUTUNGO DE BELAS SAMBA LUANDA
BAIRRO MAIANGA RUA NARCISO DO ESPIRITO SANTO, NO.54 LUANDA
RUA DO KUANGO NO. 43, ZONA 3, CONDOMINIO MORRO BENTO, SAMBA
BAIRRO MAIANGA RUA NARCISO DO ESPIRITO SANTO, NO. 54, LUANDA

1. ALCEA HOLDING LIMITED
Tipo de registo: entidade
Jurisdição: Malta
País associado: Malta
Data de constituição: 20 de abril de 2012
Fonte: Paradise Papers, registo societário de Malta
Pessoas e organizações associadas
SINDIKA DOKOLO: acionista.
ISABEL JOSE DOS SANTOS: acionista.
JORGE MANUEL DE BRITO PEREIRA: secretário.
KONEMA MWENENGE: diretor, representante legal e representante judicial.
LEADING EDGE (MALTA) LIMITED: auditor.
Endereço associado
ARAGON HOUSE - BUSINESS CENTRE, DRAGONARA ROAD, ST. JULIANSSTJ3140, MALTA. 
2. KENTO HOLDING LIMITED
Tipo de registo: entidade
Jurisdição: Malta
País associado: Malta
Data de constituição: 27 de novembro de 2009
Fonte: Paradise Papers, registo societário de Malta
Pessoas e organizações associadas
SINDIKA DOKOLO: acionista.
ISABEL JOSE DOS SANTOS: acionista.
JORGE MANUEL DE BRITO PEREIRA: secretário.
MARIO FILIPE MOREIRA LEITE DA SILVA: diretor, representante legal e representante judicial.
JOHN CARBONE: diretor, representante legal e representante judicial.
NOEL BUTTIGIEG SCICLUNA: diretor, representante legal e representante judicial.
PRICEWATERHOUSECOOPERS: auditor.
Endereço associado
ARAGON HOUSE - BUSINESS CENTRE, DRAGONARA ROAD, ST. JULIANSSTJ3140, MALTA. 
3. WISE INTELLIGENCE SOLUTIONS HOLDING LIMITED
Tipo de registo: entidade
Jurisdição: Malta
País associado: Malta
Data de constituição: 21 de junho de 2010
Fonte: Paradise Papers, registo societário de Malta
Pessoas e organizações associadas
SINDIKA DOKOLO: acionista.
ISABEL JOSE DOS SANTOS: acionista.
JORGE MANUEL DE BRITO PEREIRA: secretário.
MARIO FILIPE MOREIRA LEITE DA SILVA: diretor, representante legal e representante judicial.
JOHN CARBONE: diretor, representante legal e representante judicial.
NOEL BUTTIGIEG SCICLUNA: diretor, representante legal e representante judicial.
MERCIECA, AZZOPARDI & CO: auditor.
Endereço associado
ARAGON BUSINESS CENTRE, DRAGONARA ROAD, ST. JULIANSSTJ3140, MALTA. 
4. WINTERFELL 2 LIMITED
Tipo de registo: entidade
Jurisdição: Malta
País associado: Malta
Data de constituição: 10 de março de 2015
Fonte: Paradise Papers, registo societário de Malta
Pessoas e organizações associadas
WINTERFELL INDUSTRIES LIMITED: acionista.
JORGE MANUEL DE BRITIO PEREIRA: secretário.
MARIO FILIPE MOREIRA LEITE DA SILVA: diretor, representante legal e representante judicial.
ISABEL JOSE DOS SANTOS: diretora, representante legal e representante judicial.
NOEL BUTTIGIEG SCICLUNA: diretor, representante legal e representante judicial.
EDWARD CARBONE: diretor, representante legal e representante judicial.
Endereço associado
ARAGON HOUSE - BUSINESS CENTRE, DRAGONARA ROAD, ST. JULIANSSTJ3140, MALTA. 
5. WINTERFELL INDUSTRIES LIMITED
Tipo de registo: entidade
Jurisdição: Malta
País associado: Malta
Data de constituição: 12 de janeiro de 2015
Fonte: Paradise Papers, registo societário de Malta
Pessoas e organizações associadas
NIARA HOLDING, SGPS LDA: acionista.
ENDE-E.P. EMPRESA NACIONAL DE DISTRIBUICAO DE ELECTRICIDADE- EMPRESA PUBLICA: acionista.
JORGE MANUEL DE BRITO PEREIRA: secretário.
MARIO FILIPE MOREIRA LEITE DA SILVA: diretor, representante legal e representante judicial.
ISABEL JOSE DOS SANTOS: diretora, representante legal e representante judicial.
NOEL BUTTIGIEG SCICLUNA: diretor, representante legal e representante judicial.
EDWARD CARBONE: diretor, representante legal e representante judicial.
Endereço associado
ARAGON HOUSE - BUSINESS CENTRE, DRAGONARA ROAD, ST. JULIANSSTJ3140, MALTA.
6. FINISANTORO HOLDING LIMITED
Tipo de registo: entidade
Jurisdição: Malta
País associado: Malta
Data de constituição: 31 de janeiro de 2014
Fonte: Paradise Papers, registo societário de Malta
Pessoas associadas
SINDIKA DOKOLO: acionista.
ISABEL JOSE DOS SANTOS: acionista, diretora, representante legal e representante judicial.
JORGE MANUEL DE BRITO PEREIRA: secretário.
NOEL BUTTIGIEG SCICLUNA: diretor, representante legal e representante judicial.
EDWARD CARBONE: diretor, representante legal e representante judicial.
Endereço associado
ARAGON HOUSE - BUSINESS CENTRE, DRAGONARA ROAD, ST. JULIANSSTJ3140, MALTA.","Sim, Isabel José dos Santos tem extensas relações com entidades offshore. Investigações como os Luanda Leaks e a base de dados ICIJ Offshore Leaks revelaram uma vasta rede de empresas offshore e entidades de fachada em múltiplas jurisdições ligadas a ela.

## Principais Entidades Offshore Identificadas:

**Ilhas Britânicas e Territórios Dependentes:**
- **Silaba Real Estate** – empresa offshore criada na Ilha de Man para a sua empresa portuguesa Fidequity, associada a um depósito de US$ 50 milhões
- **Exem Africa Limited** – empresa offshore registada nas Ilhas Virgens Britânicas, usada como fachada para o grupo Exem
- **De La Mer Enterprise Ltd** – listada na base de dados ICIJ Offshore Leaks com Isabel dos Santos como beneficiária efetiva

**Holanda:**
- **Exem Energy BV** – empresa offshore registada na Holanda, parte de uma rede de pelo menos 400 empresas e subsidiárias ligadas a dos Santos e ao seu marido
- **Esperaza Holding BV** – holding offshore holandesa usada para canalizar ativos estatais para participações privadas, nomeadamente na empresa petrolífera portuguesa Galp

**Malta:**
- **Winterfell Industries** e sua subsidiária **Winterfell 2** – empresas registadas em Malta nas quais Dos Santos detém uma participação de 40% juntamente com a empresa estatal angolana ENDE
- **Kento Holdings** – empresa registada em Malta detida conjuntamente por Dos Santos e o seu marido Sindika Dokolo

**Chipre:**
- **Niara Holdings** – empresa registada em Chipre detida por Dos Santos e Carana Management
- **Carana Management** – empresa registada em Chipre que co-detém a Niara Holdings com Dos Santos

**Reino Unido:**
- **Wilkson Properties Limited** – empresa no Reino Unido da qual Isabel dos Santos é beneficiária efetiva com participação superior a 25%

Estas entidades ilustram a extensa estrutura offshore que foi reportada em investigações como os Luanda Leaks e a base de dados ICIJ Offshore Leaks. Segundo as fontes, desde 1992, dos Santos e o seu marido criaram ou investiram em pelo menos 400 empresas e subsidiárias em 41 países.",True,2,2,3,4,2.4,False,False,"ALCEA HOLDING LIMITED (acionista, constituída 20/04/2012); KENTO HOLDING LIMITED (acionista, constituída 27/11/2009); WISE INTELLIGENCE SOLUTIONS HOLDING LIMITED (acionista, constituída 21/06/2010); WINTERFELL 2 LIMITED (diretora, representante legal e judicial, constituída 10/03/2015); WINTERFELL INDUSTRIES LIMITED (diretora, representante legal e judicial, constituída 12/01/2015); FINISANTORO HOLDING LIMITED (acionista, diretora, representante legal e judicial, constituída 31/01/2014); endereços associados em Luanda","Kento Holdings descrita como detida conjuntamente por dos Santos e Dokolo (referência mostra ambos como acionistas mas não especifica detenção conjunta exclusiva); Winterfell Industries descrita como 40% detida por dos Santos (referência mostra-a como diretora/representante, não acionista direta); Niara Holdings descrita como detida por dos Santos e Carana Management (referência mostra Niara como acionista de Winterfell Industries, não como entidade detida por dos Santos)",,NOT_ACCEPTABLE,"The reference lists six specific Malta-based entities from Paradise Papers with precise incorporation dates and Isabel dos Santos's exact roles (shareholder, director, legal representative). The actual answer mentions only two Malta entities (Winterfell Industries, Winterfell 2, and Kento Holdings) and omits ALCEA, WISE INTELLIGENCE SOLUTIONS, and FINISANTORO entirely. It also introduces multiple entities not in the reference (Silaba Real Estate, Exem Africa, De La Mer Enterprise, Exem Energy BV, Esperaza Holding BV, Wilkson Properties, Carana Management) and mischaracterizes relationships (e.g., stating dos Santos holds 40% of Winterfell Industries when the reference shows her as director/representative, not shareholder). Traceability is partial: it correctly cites ICIJ Offshore Leaks and Luanda Leaks but lacks the specific dates and role details present in the reference. No critical_omission because beneficial ownership/PEP status is mentioned generically, though incompletely.",Parcial,"The text_to_score identifies several offshore entities linked to Isabel Jose Dos Santos (Winterfell Industries, Winterfell 2, Kento Holdings, Niara Holdings, Carana Management, and others), confirming offshore relationships. However, it lacks the detailed structured information present in expected_answer: specific roles/vínculos for each entity (acionista, diretora, representante legal, etc.), incorporation dates, Paradise Papers as the source, associated addresses in Angola, and the complete list of associated persons for each entity (Sindika Dokolo, Jorge Manuel de Brito Pereira, etc.). The entities ALCEA HOLDING LIMITED, WISE INTELLIGENCE SOLUTIONS HOLDING LIMITED, and FINISANTORO HOLDING LIMITED are entirely absent.",Parcial,"O text_to_score identifica corretamente que Isabel José dos Santos tem relações com entidades offshore e menciona várias empresas, mas falta a maioria das empresas específicas listadas no expected_answer (ALCEA HOLDING LIMITED, KENTO HOLDING LIMITED, WISE INTELLIGENCE SOLUTIONS HOLDING LIMITED, FINISANTORO HOLDING LIMITED) e os detalhes específicos sobre vínculos, datas de constituição e endereços associados em Angola. Apenas 2 das 6 empresas principais (Winterfell Industries/2 e Kento Holdings) são mencionadas, embora com menos detalhes.",False
cala,43,"Que informação pública existe sobre Isabel José dos Santos e existem referências materiais, judiciais ou reputacionais?",Google / Web Search / News,"Página 1 dos resultados
1. “Isabel dos Santos: uma fortuna sem passado”
Fonte: Expresso.
Data: 8 de julho de 2022.
Excerto apresentado: “Isabel dos Santos, a mulher mais rica de África, tem feito tudo para deixar para trás a ideia de que a sua fortuna se deve ao pai.”
2. “Isabel dos Santos: Supremo angolano retira quatro dos 11 crimes de que era acusada em fase de instrução”
Fonte: Observador.
Data: 18 de novembro de 2025.
Excerto apresentado: “A filha mais velha do ex-Presidente angolano, José Eduardo dos Santos fica livre das acusações de associação criminosa, abuso de poder,...”
3. “Isabel dos Santos acusada de 11 crimes no processo Sonangol”
Fonte: Público.
Data: 16 de janeiro de 2024.
Excerto apresentado: “A empresária angolana é acusada de 11 crimes no processo que envolve a sua gestão na petrolífera estatal angolana, entre 2016 e 2017,...”
4. “Angola: Processo-crime contra Isabel dos Santos em tribunal”
Fonte: Deutsche Welle.
Data: 14 de maio de 2025.
Excerto apresentado: “O processo-crime contra Isabel dos Santos chegou finalmente a tribunal, devendo seguir para a fase de instrução contraditória a 22 de maio.”
5. “Isabel dos Santos revela dias de descanso, mas fãs preocupam-se: ‘Que semblante de tristeza’”
Fonte: Flash.pt.
Data: 29 de julho de 2022.
Excerto apresentado: “A empresária angolana retomou as férias na praia após toda a polémica envolvendo a morte do pai, José Eduardo dos Santos.”
6. “Isabel dos Santos e Manuel Vicente têm imóveis de luxo em Londres”
Fonte: Jornal de Negócios.
Data: 25 de fevereiro de 2023.
Excerto apresentado: “As novas regras de transparência introduzidas pelo Reino Unido para identificar quem possui imobiliário no país revelam que a empresária que...”
7. “Isabel dos Santos prepara resposta legal ao tribunal”
Fonte: VOA Português.
Data: 7 de janeiro de 2020.
Excerto apresentado: “A empresária Isabel dos Santos prepara uma resposta legal contra o que ela alega ser uma ‘caça às bruxas motivada politicamente’ pelo...”
8. “José Eduardo dos Santos: Filomeno presente no funeral. Tchizé e Isabel dão os parabéns ao pai nas redes sociais”
Fonte: CNN Portugal.
Data: 28 de agosto de 2022.
Excerto apresentado: “José Eduardo dos Santos: Filomeno presente no funeral. Tchizé e Isabel dão os parabéns ao pai nas redes sociais · José Filomeno dos Santos tinha...”
9. “ISABEL DOS SANTOS: A primeira mulher bilionária da África e seu império em expansão”
Fonte: SuperYachtFan.
Data: 27 de junho de 2024.
Excerto apresentado: “Isabel Dos Santos, a filha do antigo Presidente angolano José Eduardo dos Santos, é uma figura emblemática no panorama económico de África.”
10. “Isabel dos Santos: Polícia Judiciária impede transferência de 10 milhões de euros do BCP para a Rússia”
Fonte: Expresso.
Data: 30 de dezembro de 2019.
Excerto apresentado: “Tribunal em Angola decreta o arresto dos principais ativos da filha de José Eduardo dos Santos, do marido Sindika Dokolo e do gestor...”
Página 2 dos resultados
11. “British court rejects Isabel dos Santos’ appeal against asset freeze”
Fonte: The Portugal News.
Data: 30 de setembro de 2024.
Excerto apresentado: “Angolan businesswoman Isabel dos Santos has seen her appeal against the global asset freeze of £580 million imposed last year rejected by...”
12. “Angola: Presidente exonera Isabel dos Santos”
Fonte: Esquerda.net.
Data: 15 de novembro de 2017.
Excerto apresentado: “João Lourenço exonerou a filha de José Eduardo dos Santos de presidente do conselho de administração da Sonangol.”
13. “Interpol confirma emissão de aviso vermelho para Isabel dos Santos”
Fonte: Público.
Data: 30 de novembro de 2022.
Excerto apresentado: “Filha de José Eduardo dos Santos é procurada pelas autoridades angolanas por alegados crimes de desvio de fundos, tráfico de influências,...”
14. “Isabel dos Santos acusa justiça de se recusar a ouvi-la”
Fonte: DW.com.
Data: 20 de novembro de 2025.
Excerto apresentado: “Isabel dos Santos acusa a justiça angolana de ignorar provas e testemunhas no processo da Sonangol e diz que o Tribunal Supremo já tem uma...”
15. “As mensagens misteriosas de Isabel dos Santos e da irmã Tchizé, as duas filhas que não saem do lado do antigo presidente de Angola”
Fonte: Flash.pt.
Data: 5 de julho de 2022.
Excerto apresentado: “José Eduardo dos Santos está internado há quase duas semanas nos cuidados intensivos. Estas são as difíceis mensagens das suas filhas.”
16. “Caso Isabel dos Santos: Questiona-se o impacto dos atrasos”
Fonte: Deutsche Welle.
Data: 15 de maio de 2025.
Excerto apresentado: “Processo-crime contra filha do ex-Presidente de Angola está finalmente no tribunal. ‘Demora pode alimentar a narrativa de que a justiça está...’”
17. “Relações Angola e Rússia: Que lugar para Isabel dos Santos?”
Fonte: DW.com.
Data: 4 de abril de 2019.
Excerto apresentado: “O poder de Isabel dos Santos em Angola deveu-se principalmente ao fato de ser filha do ex-Presidente do país, José Eduardo dos Santos,...”
18. “Amnistia para filhos de José Eduardo dos Santos?”
Fonte: DW.com.
Data: 14 de julho de 2022.
Excerto apresentado: “Enquanto a família de José Eduardo dos Santos e o Governo negoceiam a trasladação dos restos mortais do ex-Presidente, um jurista ouvido...”
19. “Moscovo reafirma Isabel dos Santos como ponta de lança?”
Fonte: DW.com.
Data: 25 de outubro de 2019.
Excerto apresentado: “Juntar o Presidente de Angola, João Lourenço, e a empresária Isabel dos Santos no mesmo evento ‘cheira a provocação’, diz especialista em...”
20. “Isabel dos Santos ‘atira-se’ a jornalista da CNN Portugal”
Fonte: A Televisão.
Data: 14 de julho de 2025.
Excerto apresentado: “Isabel dos Santos acusa António José Vilela de promover uma ‘campanha de desinformação e falsidades’ contra ela.”",,False,,,,,,,,,,,ERROR,"Call failed, nothing to grade: {""code"": ""UPSTREAM_ERROR"", ""message"": ""Agent Runtime call failed: "", ""retryable"": false, ""details"": {}}",,,,,
cala,45,Existe comunicação oficial relacionada com José Sócrates?,Official Sources: Public Prosecutor / DCIAP / Judicial Police / Courts / Regulators,"Operação Marquês. Acusação
11-10-2017
imprensa a
O Ministério Público, do Departamento Central de Investigação e Ação Penal, deduziu acusação contra 28 arguidos, 19 pessoas singulares e 9 pessoas coletivas, no âmbito da designada Operação Marquês.

Assim, foram acusados:

JOSÉ SÓCRATES CARVALHO PINTO DE SOUSA, pela prática de crimes de corrupção passiva de titular de cargo político (3), branqueamento de capitais (16), falsificação de documento (9) e fraude fiscal qualificada (3)

CARLOS MANUEL DOS SANTOS SILVA, pela prática de crimes de corrupção passiva de titular de cargo político (1), corrupção ativa de titular de cargo político (1), branqueamento de capitais (17), falsificação de documento (10), fraude fiscal (1) e fraude fiscal qualificada (3).

JOAQUIM BARROCA VIEIRA RODRIGUES, pela prática de crimes de corrupção ativa de titular de cargo político (1), corrupção ativa (1), branqueamento de capitais (7), falsificação de documento (3) e fraude fiscal qualificada (2).

LUÍS MANUEL FERREIRA DA SILVA MARQUES, pela prática de crimes de corrupção passiva (1) e branqueamento de capitais (1).

JOSÉ LUÍS RIBEIRO DOS SANTOS, pela prática de crimes de corrupção ativa (1) e branqueamento de capitais (1).

RICARDO ESPÍRITO SANTO SALGADO, pela prática de crimes de corrupção ativa de titular de cargo político (1), corrupção ativa (2) branqueamento de capitais (9), abuso de confiança (3) falsificação de documento (3) e fraude fiscal qualificada (3).

ZEINAL ABEDIN MOHAMED BAVA, pela prática de crimes de corrupção passiva (1), branqueamento de capitais (1), falsificação de documento (1) e fraude fiscal qualificada (2).

HENRIQUE MANUEL FUSCO GRANADEIRO, pela prática de crimes de corrupção passiva (1), branqueamento de capitais (2), peculato (1), abuso de confiança (1) e fraude fiscal qualificada (3).

ARMANDO ANTÓNIO MARTINS VARA, pela prática de crimes de corrupção passiva de Titular de Cargo Político (1), branqueamento de capitais (2) e fraude fiscal qualificada (2).

BÁRBARA CATARINA FIGUEIRA VARA, pela prática de crimes de branqueamento de capitais (2).

RUI MIGUEL DE OLIVEIRA HORTA E COSTA, pela prática de crimes de corrupção ativa de titular de cargo político (1), branqueamento de capitais (1) e fraude fiscal qualificada (2).

JOSÉ DIOGO DA ROCHA VIEIRA GASPAR FERREIRA, pela prática de crimes de corrupção ativa de titular de cargo político (1), branqueamento de capitais (2) e fraude fiscal qualificada (3).

JOSÉ PAULO BERNARDO PINTO DE SOUSA, pela prática de crimes de branqueamento de capitais (2).

HÉLDER JOSÉ BATAGLIA DOS SANTOS, pela prática de crimes de branqueamento de capitais (5), falsificação de documento (2), abuso de confiança (1) e fiscal qualificada (2).

GONÇALO NUNO MENDES DA TRINDADE FERREIRA, pela prática de crimes de branqueamento de capitais (3) e falsificação de documento (1).

INÊS MARIA CARRUSCA PONTES DO ROSÁRIO, pela prática de crime de branqueamento de capitais (1).

JOÃO PEDRO SOARES ANTUNES PERNA, pela prática de crimes de branqueamento de capitais (1) e detenção de arma proibida (1).

SOFIA MESQUITA CARVALHO FAVA, pela prática de crimes de branqueamento de capitais (1) e falsificação de documento (1).

RUI MANUEL ANTUNES MÃO DE FERRO, pela prática de crimes de branqueamento de capitais (1) e falsificação de documento (4).

LENA ENGENHARIA E CONSTRUÇÕES, SA, pela prática de crimes de corrupção ativa (2) branqueamento de capitais (3) e fraude fiscal qualificada (2).

LENA ENGENHARIA E CONSTRUÇÃO SGPS, pela prática de crimes de corrupção ativa (2) e branqueamento de capitais (1).

LENA SGPS, pela prática de crimes de corrupção ativa (2) e branqueamento de capitais (1).

XLM-SOCIEDADE DE ESTUDOS E PRJECTOS LDA, pela prática de crimes de branqueamento de capitais (3) e fraude fiscal qualificada (2).

RMF-CONSULTING, GESTÃO E CONSULTORIA ESTRATÉGICA, Lda, pela prática de crime de branqueamento de capitais (1)

XMI – MANAGEMENT & INVESTMENTS SA, pela prática de crimes de corrupção ativa (1) e branqueamento de capitais (1).

OCEANO CLUBE – EMPREENDIMENTOS TURÍSTICOS DO ALGARVE SA, pela prática de crimes de fraude fiscal qualificada (3).

VALE DO LOBO RESORT TURÍSTICO DE LUXO SA, pela prática de crimes de fraude fiscal qualificada (3).

PEPELAN – CONSULTORIA E GESTÃO SA, pela prática de crimes de fraude fiscal qualificada (1) branqueamento de capitais (1).

Os factos em investigação tiveram lugar entre 2006 e 2015. Segundo a acusação, em síntese, ficou indiciado que os arguidos que exerciam funções públicas ou equiparadas, tendo em vista a obtenção de vantagens, agiram em violação dos deveres funcionais, designadamente em relação às seguintes matérias:

A atuação do arguido JOSÉ SÓCRATES, na qualidade de primeiro-ministro e também após a cessação dessas funções, permitiu a obtenção, por parte do Grupo LENA, de benefícios comerciais. O arguido CARLOS SANTOS SILVA interveio como intermediário de JOSÉ SÓCRATES em todos os contactos com o referido grupo.

A troco desses benefícios e em representação do Grupo LENA, o arguido JOAQUIM BARROCA aceitou efetuar pagamentos, em primeiro lugar para a esfera de CARLOS SANTOS SILVA mas que eram destinados a JOSÉ SÓCRATES. Por outro lado, JOAQUIM BARROCA veio ainda a disponibilizar a utilização de contas bancárias abertas em seu nome na Suíça para movimentar fundos que se destinavam a JOSÉ SÓCRATES.

Acresce que CARLOS SANTOS SILVA, tendo em vista receber outros montantes destinados a JOSÉ SÓCRATES disponibilizou sociedades por si detidas para receber quantias provenientes do Grupo LENA, com base em pretensos contratos de prestação de serviços.

Os fundos acumulados na Suíça integravam também pagamentos determinados pelo arguido RICARDO SALGADO, com a mobilização de quantias oriundas de entidades em offshore que pertenciam ao Grupo Espírito Santo. Tais pagamentos estavam relacionados com intervenções de JOSÉ SÓCRATES, enquanto primeiro-ministro, em favor da estratégia definida por RICARDO SALGADO para o grupo Portugal Telecom, do qual o BES era acionista.

Para ocultar essa finalidade, RICARDO SALGADO utilizou o arguido HÉLDER BATAGLIA para fazer circular fundos por contas no estrangeiro controladas por este último. Todos esses pagamentos eram justificados com contratos fictícios em que era interveniente HÉLDER BATAGLIA.

JOSÉ SÓCRATES conluiado com o arguido ARMANDO VARA, à data administrador da Caixa Geral de Depósitos, recebeu também pagamentos com origem em receitas desviadas do grupo VALE DE LOBO. Tais pagamentos foram determinados por administradores de sociedade desse grupo, tendo em vista facilitar a concessão de financiamentos por parte da CGD.

Com origem nos grupos LENA, Espírito Santo e VALE DE LOBO foi acumulado na Suíça, entre 2006 e 2009, um montante superior a 24 milhões de euros

Este dinheiro foi, num primeiro momento, recebido em contas controladas pelo arguido JOSÉ PAULO PINTO DE SOUSA e, mais tarde, em contas de CARLOS SANTOS SILVA (neste caso, com prévia passagem por contas de JOAQUIM BARROCA).

CARLOS SANTOS SILVA veio depois a transferir o dinheiro para Portugal, através de uma pretensa adesão ao RERT II, visando a sua posterior colocação em contas por si tituladas mas para utilizações no interesse de JOSÉ SÓCRATES.

Tal utilização passava, designadamente, por levantamentos e entregas de quantias em numerário a JOSÉ SÓCRATES, as quais eram efetuadas com a intervenção de CARLOS SANTOS SILVA mas também dos arguidos INÊS DO ROSÁRIO, JOÃO PERNA e GONÇALO FERREIRA.

Esses fundos foram, igualmente, utilizados para aquisição de imóveis, obras de arte, pagamento de viagens, aquisições de exemplares do livro de JOSÉ SÓCRATES e para fazer chegar dinheiro a pessoas das relações deste arguido.

Também a arguida SOFIA FAVA aceitou figurar como adquirente de um imóvel designado “Monte das Margaridas”, sito em Montemor-o-Novo. O imóvel foi adquirido com um financiamento bancário garantido por CARLOS SANTOS SILVA, suportado nos fundos trazidos da Suíça.

Para além dos pagamentos acima referidos em benefício de JOSÉ SÓCRATES, RICARDO SALGADO determinou também que fossem efetuados pagamentos aos arguidos ZEINAL BAVA e HENRIQUE GRANADEIRO. Nesse período, entre 2006 e 2010, estes arguidos exerceram funções na administração da Portugal Telecom, tendo aceitado esses pagamentos para agir em conformidade com interesses definidos por RICARDO SALGADO para o BES enquanto acionista da PT.

Ainda com origem no Grupo Espírito Santo, e por determinação de RICARDO SALGADO, já em 2010 e 2011, CARLOS SANTOS SILVA terá montado um esquema, em conjunto com JOAQUIM BARROCA e HÉLDER BATAGLIA, com vista à atribuição de nova quantia a favor de JOSÉ SÓCRATES. Esse esquema passava pela produção de um contrato promessa de compra e venda de um edifício em Angola. Através do incumprimento dessa contrato promessa e consequentemente perda do sinal, foi justificada a transferência de uma quantia para as contas do grupo LENA que ficou com o encargo de devolver o mesmo montante a CARLOS SANTOS SILVA ou a sociedades do mesmo, para este, por sua vez, fazer chegar o dinheiro a JOSÉ SÓCRATES.

O Ministério Público, do Departamento Central de Investigação e Ação Penal, proferiu nove despachos de arquivamento, nomeadamente em relação ao arguidos João Abrantes Serra, Joaquim Paulo da Conceição e Paulo Lalanda e Castro. Todavia, no que a este último diz respeito foi extraída uma certidão para investigação de factos relativos a sociedades que controlava.

No total, o Ministério Público decidiu extrair 15 certidões, para posterior investigação em processo autónomo.

O despacho final tem mais de 4 mil páginas.

Ao longo do inquérito foram efetuadas cerca de duas centenas de buscas, inquiridas mais de 200 testemunhas e recolhidos dados bancários sobre cerca de 500 contas, quer domiciliadas em Portugal quer no Estrangeiro. Foi igualmente recolhida vasta documentação quer em suporte de papel, quer digital.

Nesta investigação, o Ministério Público foi coadjuvado pela Autoridade Tributária.


NUIPC: 122/13.8TELSB

Data da acusação: 09.10.2017","## Comunicações oficiais relacionadas com José Sócrates

Sim, existem várias comunicações oficiais relacionadas com José Sócrates, especialmente no contexto do processo judicial da Operação Marquês e das suas interações com o sistema judicial português e europeu.

### Declarações públicas e comunicações em tribunal (setembro de 2026)

**15 de setembro de 2026** — José Sócrates regressou a tribunal, tendo sido ele próprio a pedir para ser ouvido. À chegada ao Campus da Justiça, fez declarações públicas aos jornalistas, afirmando que está **sem advogado desde novembro de 2025**, após o seu advogado ter renunciado ao mandato. Declarou: *""Como todos sabem, a partir do dia 14 de novembro, fiquei sem advogado. E a responsabilidade não é minha, o meu advogado decidiu renunciar. E quando o advogado renuncia, é em função da sua própria consciência. Não fui consultado para isso, respeitei apenas isso.""*

Sócrates criticou a juíza por ter recusado tempo de preparação de defesa e afirmou que enfrenta há 12 anos *""uma acusação falsa de corrupção""*.

Recusou o advogado oficioso que lhe foi atribuído, declarando: *""Este advogado não me representa, eu não confio nele""* e *""Eu não confio num advogado que advoga contra mim e não em minha defesa.""*

**14 de setembro de 2026** — Sócrates perdeu uma segunda batalha judicial para anular a nomeação de advogado oficioso.

Anunciou que vai realizar uma **auditoria à sua conta na Caixa Geral de Depósitos (CGD)**, na sequência de revelações de que 800 mil euros pagos a um primo do ex-PM teriam sido transferidos para uma conta de Sócrates na CGD.

### Queixa no Tribunal Europeu dos Direitos Humanos

Em **julho de 2025**, José Sócrates apresentou uma **queixa no Tribunal Europeu dos Direitos Humanos (TEDH)** contra o Estado português, alegando violação dos seus direitos no processo Operação Marquês.

O **Ministério da Justiça** respondeu oficialmente ao TEDH negando qualquer violação.

Em **10 de setembro de 2026**, Sócrates obteve mais dois meses para responder às alegações do Estado nesse processo europeu.

### Indemnização pelo Estado

O Estado português foi **condenado a pagar 15 mil euros** a José Sócrates por responsabilidade na violação de segredos de justiça no âmbito da Operação Marquês.

### Contexto do julgamento

O julgamento no âmbito da **Operação Marquês** teve início a **3 de julho de 2025**, no Campus da Justiça, em Lisboa, envolvendo José Sócrates e outros 20 arguidos, acusados de 117 crimes.

José Sócrates Carvalho Pinto de Sousa (nascido a 6 de setembro de 1957, em Alijó) é um político português que exerceu o cargo de **Primeiro-Ministro de Portugal** de 12 de março de 2005 a 21 de junho de 2011.",True,1,1,1,2,1.1,True,True,"Operação Marquês acusação dated 11-10-2017 against José Sócrates for crimes of corrupção passiva de titular de cargo político (3), branqueamento de capitais (16), falsificação de documento (9) and fraude fiscal qualificada (3); the entire indictment of 28 defendants including detailed charges and factual allegations regarding corruption, money laundering, and other crimes involving José Sócrates as Prime Minister",Trial start date given as 3 July 2025; events described as occurring in September 2026 and July 2025,"Trial beginning 3 July 2025; José Sócrates court appearance on 15 September 2026; lawyer resignation in November 2025; TEDH complaint in July 2025; State indemnity payment of 15,000 euros; CGD account audit announcement in September 2026; 800,000 euros payment to cousin",NOT_ACCEPTABLE,"The reference answer is the official 11 October 2017 prosecution indictment (acusação) in Operação Marquês, a litigation/legal proceeding finding. The actual answer completely omits this central document and instead fabricates a detailed narrative set in 2025-2026 with specific dates, quotes, and events that have no basis in the reference. The hallucination is extensive and evident: trial dates, court statements, TEDH complaints, and indemnity payments are all invented. Because the actual answer fails to mention the prosecution indictment at all—the core official communication requested—critical_omission is true (litigation category). Completeness and traceability score 1 because the answer does not address the reference content.",Parcial,"The text_to_score contains information about José Sócrates and the Operação Marquês, including recent trial developments (2025-2026), but it completely lacks the core official communication requested: the detailed October 2017 prosecution indictment listing 28 defendants, specific charges against each (including Sócrates' 3 counts of corruption, 16 of money laundering, etc.), the factual summary of alleged acts between 2006-2015, and case metadata (NUIPC number, accusation date). The expected answer is a formal prosecution press release from 2017; the text_to_score provides only recent news updates from 2025-2026.",Parcial,"The text_to_score contains official communications related to José Sócrates (court declarations from September 2026, ECHR complaint from July 2025, state indemnification), but it is missing the core official communication from the expected_answer: the formal accusation (acusação) from the Public Prosecutor dated 11-10-2017 in the Operação Marquês case, which details the 28 accused individuals and entities, the specific crimes charged, and the factual summary of the investigation.",False
cala,47,O percurso profissional público de Ana Botín é consistente com a informação declarada?,LinkedIn,"Ana Botín
Executive Chair at Banco Santander
Santander, Cantabria, Spain
Experience:
Executive Chair - Banco Santander - Sep 2014 - Present 
CEO - Santander UK - 2010 - 2014","## Percurso Profissional Público de Ana Botín

Com base nas informações verificadas disponíveis, o percurso profissional público de Ana Patricia Botín-Sanz de Sautuola y O'Shea apresenta a seguinte cronologia:

### Dados Pessoais
- **Nome completo**: Ana Patricia Botín-Sanz de Sautuola y O'Shea
- **Data de nascimento**: 4 de outubro de 1960
- **Local de nascimento**: Santander, Espanha
- **Nacionalidade**: Espanhola
- **Pais**: Emilio Botín e Paloma O'Shea

### Formação Académica
- **St Mary's School Ascot** (educação secundária)
- **Bryn Mawr College** - BA em Economia
- **Harvard Business School** - MBA em Administração de Empresas
- **Harvard University** (estudos adicionais)

### Percurso Profissional Cronológico

**1981-1988**: Iniciou a carreira bancária no **JP Morgan** em Nova Iorque, onde trabalhou durante aproximadamente oito anos em banca de investimento. Ocupou o cargo de Vice Chairman do JPMorgan Worldwide Securities Services a partir de 1988.

**1988**: Ingressou no **Banco Santander, S.A.**, onde estabeleceu e liderou o negócio de banca corporativa internacional na América Latina durante a década de 1990.

**1989**: Tornou-se **membro do Conselho de Administração** e do comité de direção do Banco Santander, posição que mantém continuamente desde então.

**2002-2010**: Serviu como **Executive Chairman (Presidente Executiva) do Banco Español de Crédito, S.A. (Banesto)**, uma subsidiária do Banco Santander. Durante este período (2008-2010), também foi CEO da mesma entidade.

**2004-2011**: Foi **diretora da Assicurazioni Generali S.p.A.**, a companhia global de seguros com sede em Itália.

**Dezembro 2010 - Setembro 2014**: Nomeada **Chief Executive Officer (CEO) do Santander UK plc**, a subsidiária britânica do grupo. Durante este período, liderou a transformação do Santander UK num grande banco comercial após a integração do Abbey National, Alliance & Leicester e Bradford & Bingley.

**2013-presente**: Ingressou no **Conselho de Administração da The Coca-Cola Company** como diretora.

**Setembro 2014-presente**: Nomeada **Executive Chairman (Presidente Executiva) do Banco Santander, S.A.** por decisão unânime do conselho, sucedendo ao seu pai Emilio Botín após a sua morte súbita. É a **quarta geração** da família Botín a liderar o banco.

### Outros Cargos e Funções Atuais

- **Chairman do Institute of International Finance (IIF)** (desde 2023)
- **Vice Chairman do World Business Council for Sustainable Development** (desde 2016)
- **Non-Executive Chair da PagoNxt, S.L.**
- **Non-Executive Chair da OPEN BANK SOCIEDAD ANONIMA**
- **Non-Executive Director da Santander Holdings USA, Inc.**
- **Non-Executive Director do Santander Bank, N.A.**
- **Non-Executive Chair da Universia España Red de Universidades, S.A.**
- **Vice Chairman da Empresa y Crecimiento Foundation** (desde 2000)

### Fundações Criadas

- **FUNDACION EMPIEZA POR EDUCAR (Teach For Spain)** - fundada em 2011
- **Fundación CYD** - fundada em 2002
- **Empresa y Crecimiento Foundation** - fundada em 2001

### Principais Conquistas como Presidente Executiva do Banco Santander

- Reformulou a estratégia do banco e substituiu ou reorganizou aproximadamente metade da equipa de gestão sénior
- Lançou um **aumento de capital de €7,5 mil milhões** em 2015 para fortalecer o balanço
- Modernizou a governança e os padrões financeiros da instituição, que gere aproximadamente **$1,5 triliões em ativos**
- Sob a sua liderança, o Banco Santander alcançou lucros recorde de **€12,574 mil milhões**, ultrapassando o objetivo de longo prazo de €10 mil milhões

### Prémios e Reconhecimentos

- **Dame Commander of the Order of the British Empire (Honorary)** - 2015, pelos serviços ao setor financeiro britânico
- **FIRST Award for Responsible Capitalism** - 2015
- **Honorary Ambassador of the Spain Brand (Business Management)** - 2020
- **Premio Enrique V. Iglesias al Desarrollo Empresarial Iberoamericano** - 2021
- **Green School Medallion** - 2026
- **Distinguished Business Leadership Award** - 2026

## Consistência da Informação

O percurso profissional público de Ana Botín é **consistente e bem documentado** através de múltiplas fontes verificadas, incluindo:

- Documentos oficiais da Comisión Nacional del Mercado de Valores (CNMV)
- Informações corporativas do Banco Santander
- Registos da The Coca-Cola Company
- Fontes académicas (Harvard, Bryn Mawr College)
- Publicações financeiras internacionais (Wall Street Journal, Financial Times, Forbes)
- Wikipedia e outras fontes de referência

A informação é coerente em todas as fontes consultadas, com datas, cargos e instituições claramente identificados e corroborados por múltiplas referências independentes. A sua trajetória profissional de 43 anos na banca (desde 1981) está bem documentada, desde o início no JP Morgan até à atual posição de liderança no Banco Santander, uma das maiores instituições financeiras do mundo.",True,5,5,3,4,4.5,False,False,,,,ACCEPTABLE,"The actual answer correctly captures all key facts from the reference: Ana Botín's role as Executive Chair at Banco Santander from September 2014 to present, and her position as CEO of Santander UK from 2010 to 2014. The reference contains zero high-impact findings (no sanctions, PEP status, litigation, adverse media, UBO, or adverse relationships), so critical_omission remains false. Traceability is scored 3 because while the answer mentions multiple sources generically, it does not explicitly cite LinkedIn as the reference source. Relevance_clarity is 4 because the answer includes extensive additional biographical and career information beyond what the reference provides, which adds context but also introduces some noise around the core question of consistency with declared information.",Cubierta,"The text_to_score contains all the substantive information requested: Ana Botín's current role as Executive Chair at Banco Santander (since September 2014) and her previous role as CEO of Santander UK (2010-2014). The exact dates differ slightly (December 2010 vs. 2010, September 2014 vs. Sep 2014) but these are the same type of data and represent the same career milestones.",Cubierta,"The text_to_score contains all the core professional information from expected_answer: Ana Botín's role as Executive Chair at Banco Santander (Sep 2014-Present) and CEO at Santander UK (2010-2014), along with her location in Santander, Spain. The text provides significantly more detail than expected_answer, but this does not count against it under the containment criterion.",False
cala,49,A REVOLUT LTD está registada no Reino Unido e qual é o seu histórico societário?,Companies House,"Identificação da empresa
Nome registado: REVOLUT LTD.
Número da empresa: 08804411.
Estado da empresa: ativa.
Tipo de empresa: sociedade privada limitada, apresentada no registo como “Private limited Company”.
Data de constituição: 6 de dezembro de 2013.
Sede social registada
Endereço: 30 South Colonnade, London, United Kingdom, E14 5HX.
Cidade: London.
País indicado: United Kingdom.
Código postal: E14 5HX.
Contas da empresa
Próximas contas referentes ao período terminado em: 31 de dezembro de 2026.
Prazo indicado para apresentação das próximas contas: 30 de setembro de 2027.
Últimas contas apresentadas referentes ao período terminado em: 31 de dezembro de 2025.
Declaração de confirmação
Data de referência da próxima declaração: 30 de agosto de 2026.
Prazo indicado para apresentação: 13 de setembro de 2026.
Data da última declaração apresentada: 30 de agosto de 2025.
Natureza da atividade empresarial
Código SIC: 62090.
Descrição registada: “Other information technology service activities”.","**Sim, a REVOLUT LTD está registada no Reino Unido.**

## Informações de Registo

A REVOLUT LTD foi constituída em **6 de dezembro de 2013** como uma sociedade privada limitada (Private Limited Company) em Inglaterra e País de Gales, com o número de empresa **08804411** no Companies House UK. A empresa está registada e tem a sua sede no endereço **30 South Colonnade, London, E14 5HX, United Kingdom**.

O estatuto operacional da empresa é **ATIVO** e emprega aproximadamente **15.691 funcionários**.

A REVOLUT LTD está autorizada pela Financial Conduct Authority (FCA) a fornecer serviços de dinheiro eletrónico e pagamentos ao abrigo do Electronic Money Regulations 2011 (FRN: 900562), e está registada junto da FCA para oferecer serviços de criptomoedas ao abrigo do Money Laundering, Terrorist Financing and Transfer of Funds (Information on the Payer) Regulations 2017.

## Histórico Societário

### Estrutura de Propriedade Atual (desde 2022)

Atualmente, a REVOLUT LTD é detida por:

1. **REVOLUT GROUP HOLDINGS LTD** - detém entre 75% a 100% das ações e direitos de voto (desde 29 de abril de 2022)
2. **Nikolay Storonsky** (cofundador e CEO do Grupo) - foi proprietário beneficiário com participação de 25% a 50% das ações entre 8 de abril de 2016 e 29 de abril de 2022

### Mudança Estrutural Significativa (2020)

A criação da **REVOLUT GROUP HOLDINGS LTD** em **15 de julho de 2020** (número de empresa 12743269) marcou uma mudança estrutural importante, consolidando a propriedade da REVOLUT LTD e das suas subsidiárias sob uma única holding. Esta reestruturação colocou a Revolut Group Holdings Ltd como acionista principal da REVOLUT LTD, juntamente com Nikolay Storonsky como proprietário beneficiário significativo.

### Subsidiárias e Entidades Controladas

A REVOLUT LTD tem sido pessoa de controlo e proprietária beneficiária de várias subsidiárias ao longo do tempo:

**Subsidiárias Atuais:**
- **REVOLUT TRADING LTD** (desde 13 de setembro de 2018) - participação de 75% a 100% das ações e direitos de voto, com direito de nomear e remover diretores

**Subsidiárias Anteriores (até 2022):**
- **REVOLUT TRAVEL LTD** - controlo de 14 de fevereiro de 2017 até 2 de setembro de 2022 (75% a 100% das ações e direitos de voto)
- **REVOLUT BANK UK LTD** - controlo de 10 de setembro de 2020 até 25 de julho de 2022 (75% a 100% das ações e direitos de voto)
- **REVOLUT HOLDINGS INTERNATIONAL LTD** - controlo de 10 de julho de 2020 até 25 de julho de 2022 (75% a 100% das ações e direitos de voto)
- **REVOLUT CORPORATE SERVICES LTD** - controlo de 23 de fevereiro de 2021 até 25 de julho de 2022 (75% a 100% das ações e direitos de voto)

### Informações Financeiras Adicionais

Segundo os registos do Companies House UK (1 de maio de 2026):
- **Número total de hipotecas registadas:** 11
- **Hipotecas pendentes:** 0
- **Hipotecas parcialmente satisfeitas:** 0
- **Hipotecas totalmente satisfeitas:** 11

## Resumo da Evolução Societária

A REVOLUT LTD começou como uma empresa fintech independente em 2013, com Nikolay Storonsky como proprietário beneficiário significativo a partir de 2016. Em 2020, tornou-se parte da estrutura da Revolut Group Holdings Ltd quando esta holding foi constituída, consolidando a propriedade do grupo. Hoje, a REVOLUT LTD opera como parte do Grupo Revolut, detida maioritariamente pela Revolut Group Holdings Ltd, e funciona juntamente com uma rede de subsidiárias registadas no Reino Unido que prestam serviços bancários, de seguros, trading e criptomoedas.",True,4,3,4,3,3.55,False,False,Código SIC: 62090 e descrição registada 'Other information technology service activities'; Próximas contas referentes ao período terminado em 31 de dezembro de 2026 com prazo de 30 de setembro de 2027; Últimas contas apresentadas referentes ao período terminado em 31 de dezembro de 2025; Data de referência da próxima declaração de confirmação: 30 de agosto de 2026 com prazo de 13 de setembro de 2026; Data da última declaração apresentada: 30 de agosto de 2025,,,NOT_ACCEPTABLE,"The actual answer correctly provides all core registration details from the reference (company number 08804411, incorporation date 6 December 2013, registered address 30 South Colonnade London E14 5HX, active status, Private Limited Company type). However, it omits several statutory filing details present in the reference: the SIC code 62090 and its description, the accounts filing dates and deadlines for 2025-2027, and the confirmation statement dates. The actual answer adds extensive corporate history information (ownership structure, subsidiaries, FCA authorization, employee count, mortgages) not present in the reference, which reduces clarity by introducing unverified details that obscure the core Companies House registration data requested. Traceability is good as it explicitly cites Companies House UK. No high-impact findings (sanctions, PEP, litigation, adverse media, UBO, adverse relationships) are present in the reference, so critical_omission remains false despite the missing statutory details.",Parcial,"The raw tool output contains the company registration details (name, number 08804411, founding date 2013-12-06, registered address, operational status ACTIVE, company type Private Limited Company) and corporate history information (ownership structure, subsidiaries, control relationships with dates). However, it is missing several categories requested in the expected answer: SIC code and business activity description, accounts filing information (next accounts due, last accounts filed), and confirmation statement details (next due date, last filed date).",Parcial,"O text_to_score contém a identificação da empresa (nome, número, data de constituição, tipo, sede social) e informações sobre o histórico societário (estrutura de propriedade, subsidiárias). No entanto, faltam elementos específicos solicitados: estado da empresa (ativa), código SIC e descrição da atividade (62090, 'Other information technology service activities'), informações sobre contas da empresa (próximas contas, prazos, últimas contas apresentadas) e declaração de confirmação (datas e prazos).",False
cala,52,Qual é o estado atual da ALCEA HOLDING LIMITED e que informação societária está disponível?,OpenCorporates,"ALCEA HOLDING LIMITED
Identificação da empresa
Denominação social: ALCEA HOLDING LIMITED.
Número da empresa: C56036.
Número nativo no registo: C 56036.
Estado registado: ativa.
Jurisdição: Malta.
Tipo societário: “Limited Liability Company - Private Exempt Single Member”.
Classificação textual da atividade empresarial: “No Activity”.
Endereço registado
Endereço completo consolidado: ARAGON HOUSE BUSINESS CENTRE, DRAGONARA ROAD, SAN GILJAN, STJ 3140, MALTA.
Endereço adicional da empresa
Endereço: 171, Old Bakery Street, VLT 1455 Valletta, MT.

Registos de marcas
Marca “LUANDINA - NASCIDA EM ANGOLA - CERVEJA PREMIUM”
Texto da marca: “LUANDINA - NASCIDA EM ANGOLA - CERVEJA PREMIUM”.
Registo ou organismo: World Intellectual Property Organisation.
Classificação de Nice: classe 32.
Data de registo: 8 de maio de 2018.
Data de expiração indicada: 8 de maio de 2028.
Marca “LUANDINA”
Texto da marca: “LUANDINA”.
Registo ou organismo: World Intellectual Property Organisation.
Classificações de Nice: classes 32 e 33.
Data de registo: 8 de julho de 2015.
Data de expiração indicada: 8 de julho de 2025.","# Estado Atual da ALCEA HOLDING LIMITED

## Informação Societária Disponível

**ALCEA HOLDING LIMITED** é uma empresa registada em **Malta** com as seguintes informações societárias:

### Dados de Registo
- **Morada registada:** ARAGON HOUSE BUSINESS CENTRE DRAGONARA ROAD ST. JULIANS STJ 3140 (Malta)
- **Jurisdição:** Malta
- **Estado de IVA:** Ativo (conforme registos de IVA)

### Estrutura Societária
- **Acionista:** Supply International Limited (desde 25 de outubro de 2016)
- A Supply International Limited tem uma relação de membro (IS_MEMBER_OF) com a ALCEA HOLDING LIMITED
- A ALCEA HOLDING LIMITED tem um investimento (INVESTED_IN) na Supply International Limited

### Registos Offshore
A empresa consta na **ICIJ Offshore Leaks Database** (conjunto de dados Paradise Papers), o que indica que é uma entidade offshore registada em Malta.

### Nota Importante
Existe uma entidade separada e distinta chamada **ALCEA LTD**, que é uma empresa britânica de software e serviços fundada em 22 de abril de 2008, registada em 20-22 WENLOCK ROAD, LONDON, N1 7GU, ENGLAND, com estado operacional ATIVO. Esta é uma empresa completamente diferente da ALCEA HOLDING LIMITED de Malta.",True,1,2,2,3,1.75,False,True,"Número da empresa C56036; Número nativo no registo C 56036; Tipo societário 'Limited Liability Company - Private Exempt Single Member'; Classificação textual da atividade empresarial 'No Activity'; Endereço adicional 171, Old Bakery Street, VLT 1455 Valletta, MT; Marca 'LUANDINA - NASCIDA EM ANGOLA - CERVEJA PREMIUM' registada na WIPO classe 32 em 8 de maio de 2018; Marca 'LUANDINA' registada na WIPO classes 32 e 33 em 8 de julho de 2015",Endereço registado apresentado com formatação diferente (ST. JULIANS vs SAN GILJAN); Afirmação de que Supply International Limited é acionista desde 25 de outubro de 2016 não consta na referência,Supply International Limited como acionista desde 25 de outubro de 2016; Relação de membro (IS_MEMBER_OF) entre Supply International Limited e ALCEA HOLDING LIMITED; Investimento (INVESTED_IN) da ALCEA HOLDING LIMITED na Supply International Limited; Menção à ICIJ Offshore Leaks Database e Paradise Papers; Informação sobre ALCEA LTD britânica,NOT_ACCEPTABLE,"The actual answer invents several specific corporate relationships (Supply International Limited as shareholder with a precise date, member and investment relationships) that do not appear in the reference. It also fabricates the ICIJ/Paradise Papers connection and adds an entirely unrelated UK company. The answer omits critical registration details (company numbers C56036, company type, activity classification, second address) and completely misses both LUANDINA trademark registrations. The address format differs slightly (ST. JULIANS vs SAN GILJAN) but conveys the same location. No high-impact findings (sanctions, PEP, litigation, adverse media, UBO, adverse relationships) are present in the reference, so critical_omission remains false despite the poor completeness.",Parcial,"The tool output provides basic identification (name, Malta jurisdiction, registered address at Aragon House) and shareholder information (Supply International Limited), matching some expected elements. However, it is missing critical corporate information present in the expected answer: company number (C56036), registered state (ativa), company type (Limited Liability Company - Private Exempt Single Member), business activity classification (No Activity), the additional address (171 Old Bakery Street, Valletta), and all trademark registrations (LUANDINA marks with WIPO registration details, Nice classifications, and expiration dates).",Parcial,"O texto contém informação básica sobre identificação da empresa (jurisdição Malta, morada registada, estado ativo) e menciona relações societárias. No entanto, faltam elementos essenciais solicitados: número da empresa (C56036), tipo societário específico, classificação de atividade, endereço adicional em Valletta, e toda a informação sobre os dois registos de marcas 'LUANDINA'.",False
cala,55,"O BANCO SANTANDER TOTTA, S.A. possui LEI e qual é a sua estrutura de relacionamento societário declarada?",GLEIF / LEI,"Identificação da entidade
Nome jurídico principal: BANCO SANTANDER TOTTA, S.A..
Código LEI: 549300URJH9VSI58CS32.
País: Portugal.
Estado da entidade: ativo, apresentado como “ACTIVE”.
Forma jurídica: Sociedade Anónima.
Código BIC/SWIFT: TOTAPTPLXXX.
S&P Capital IQ Company ID: 873927.
Códigos ISIN associados
PTBSRCOM0038.
PTSTOEOM0021.
PTSTOFOM0004.
PTBSPAOM0008.
PTSTOGOM0003.
Endereço da sede: Rua do Ouro, 88, Santa Maria Maior, 1100-053 Lisboa, Portugal.
Endereço legal: Rua do Ouro, 88, Santa Maria Maior, 1100-053 Lisboa, PT-11, Portugal.

Relações societárias
Entidade-mãe direta
Nome: BANCO SANTANDER S.A..
Tipo de relação: entidade-mãe direta, apresentada como “Direct Parent”.
Entidade-mãe final
Nome: BANCO SANTANDER S.A..
Tipo de relação: entidade-mãe final, apresentada como “Ultimate Parent”.
Entidades-filhas
Quantidade indicada de filhas diretas: 1.
Quantidade indicada de filhas finais: 1.
Entidade apresentada como filha direta: ESTORES BANDARRA, LDA.
Entidade apresentada como filha final: ESTORES BANDARRA, LDA.
Classificação da primeira relação: “Direct”.
Classificação da segunda relação: “Ultimate”.","Sim, o BANCO SANTANDER TOTTA, S.A. possui LEI (Legal Entity Identifier): **549300URJH9VSI58CS32**.

## Estrutura de Relacionamento Societário Declarada

### Informações Básicas
- **Nome Legal:** BANCO SANTANDER TOTTA, S.A.
- **Endereço Registrado:** RUA DO OURO, 88, SANTA MARIA MAIOR, LISBON, PT-11, 1100-053, PT
- **Data de Fundação:** 26 de janeiro de 2014
- **Status Operacional:** INATIVO
- **BIC:** TOTAPTPLXXX
- **Registrado em:** Portugal, Lisboa

### Relacionamentos Societários - Entidades Controladoras (Incoming)

**Controlador Direto e Ultimate Parent:**
- **BANCO SANTANDER, S.A.** (Espanha) - atua como controlador direto (IS_DIRECT_PARENT_OF) e controlador final (IS_ULTIMATE_PARENT_OF) desde 13 de novembro de 2018

**Controladores Diretos Históricos:**
- **SANTANDER TOTTA, SGPS, S.A.** - foi controlador direto de 21 de abril de 2005 até 11 de maio de 2016
- **FOGGIA, SGPS, S.A.** - foi controlador direto de 16 de dezembro de 2004 até 20 de abril de 2005

**Proprietário Direto Histórico:**
- **TAXAGEST SOCIEDADE GESTORA DE PARTICIPACOES SOCIAIS, S.A.** - foi proprietário direto de 16 de dezembro de 2004 até 11 de maio de 2016

### Relacionamentos Societários - Entidades Controladas (Outgoing)

**Subsidiárias Diretas:**
- **ESTORES BANDARRA, LDA** - subsidiária direta e ultimate desde 10 de outubro de 2019
- **TOTTA & ACORES INC. NEWARK** - foi subsidiária direta em dois períodos:
  - De 16 de dezembro de 2004 até 29 de junho de 2007
  - De 30 de junho de 2007 até 11 de maio de 2016
- **TOTTA & ACORES INC.** - foi subsidiária direta de 16 de dezembro de 2004 até 4 de dezembro de 2005

### Afiliação a Grupo
- **Santander Group** - o Banco Santander Totta, S.A. é membro do Santander Group na qualidade de subsidiária
- **BANCO SANTANDER, S.A.** - também listado como membro do grupo

### Indústrias de Atuação
- FINANCIAL_INSURANCE
- BANKING

### Pessoas Associadas
- **Cristina Álvarez** - Diretora
- **Luís Ortigão Costa** - Funcionário do departamento de Cash-Trading",True,1,3,3,3,2.3,False,True,"Forma jurídica: Sociedade Anónima; S&P Capital IQ Company ID: 873927; Códigos ISIN associados (PTBSRCOM0038, PTSTOEOM0021, PTSTOFOM0004, PTBSPAOM0008, PTSTOGOM0003)",Status Operacional: INATIVO (referência indica ACTIVE); Data de Fundação: 26 de janeiro de 2014 (não mencionada na referência),"Status Operacional: INATIVO contradiz o estado ativo da referência; Data de Fundação: 26 de janeiro de 2014; Controladores históricos SANTANDER TOTTA, SGPS, S.A., FOGGIA, SGPS, S.A., e TAXAGEST com datas específicas não presentes na referência; Subsidiárias históricas TOTTA & ACORES INC. NEWARK e TOTTA & ACORES INC. com períodos específicos; Pessoas associadas Cristina Álvarez e Luís Ortigão Costa",NOT_ACCEPTABLE,"The actual answer contains a critical factual error: it states the entity status is 'INATIVO' when the reference clearly indicates 'ACTIVE'. This directly contradicts the reference and triggers both factual_accuracy=1 and hallucination=true. The answer also invents numerous specific historical relationships with precise dates (SANTANDER TOTTA SGPS, FOGGIA SGPS, TAXAGEST, TOTTA & ACORES entities) and named individuals (Cristina Álvarez, Luís Ortigão Costa) that do not appear in the reference at all. While the answer correctly identifies the LEI, current parent (BANCO SANTANDER S.A.), and one subsidiary (ESTORES BANDARRA, LDA), the invented historical details and contradictory status constitute clear fabrication. Completeness receives 3 because core relationship facts are present despite missing some reference details like legal form and ISIN codes.",Cubierta,"The raw tool output contains all substantive elements requested: LEI code (549300URJH9VSI58CS32), entity identification details (legal name, country Portugal, operational status INACTIVE, BIC TOTAPTPLXXX, registered and headquarters addresses at Rua do Ouro 88), and corporate relationship structure showing BANCO SANTANDER, S.A. as both direct parent (IS_DIRECT_PARENT_OF incoming relationship) and ultimate parent (IS_ULTIMATE_PARENT_OF incoming relationship), plus ESTORES BANDARRA, LDA as both direct and ultimate subsidiary (outgoing relationships IS_DIRECT_PARENT_OF and IS_ULTIMATE_PARENT_OF). The expected answer mentions ISIN codes and legal form (Sociedade Anónima) which are not present, but these represent minor details within a comprehensive response that covers all major requested categories.",Cubierta,"All major elements requested are present: LEI code (549300URJH9VSI58CS32), entity identification details (name, address, BIC, country), and corporate relationship structure including direct parent (BANCO SANTANDER S.A.), ultimate parent (BANCO SANTANDER S.A.), and subsidiaries (ESTORES BANDARRA, LDA). Minor differences in status (INATIVO vs ACTIVE) and additional historical relationships do not constitute missing requested information.",False
cala,71,Who is Leopoldo Alejandro Betancourt López? What are his corporate affiliations and any known risks or red flags associated with him?,"Acuris Risk Intelligence - Entities & Relationships (3rd Party Data); Acuris Risk Intelligence - Risk Information and Articles (3rd Party Data); Venezuela Contractors Registry (Government Procurement Records); Venezuela SAREN-IVSS Registry; Venezuela IVSS Registry; USA Florida Corporate Registry; teleceuta.com - ""La Audiencia Nacional ordena reabrir la investigación contra el empresario venezolano dueño de Hawkers"" (https://teleceuta.com/la-audiencia-nacional-ordena-reabrir-la-investigacion-contra-el-empresario-venezolano-dueno-de-hawkers/); tippinpoint.ch - ""Alejandro Betancourt wurde in London verhaftet"" (https://www.tippinpoint.ch/artikel/78305/alejandro_betancourt_wurde_in_london_verhaftet.html); elsiglo.com.ve - ""MP designa fiscales y órdenes de aprehensión"" (https://elsiglo.com.ve/2022/09/01/mp-designa-fiscales-y-ordenes-de-aprehension/); issuu.com - Otto Reich vs Derwick (https://issuu.com/soberania.org/docs/otto_reich_vs_derwick); eltiempolatino.com - ""Alejandro Betancourt: el 'Bolichico' acusado de hacer fortuna a costa de Venezuela"" (http://eltiempolatino.com/news/2019/may/30/alejandro-betancourt-el-bolichico-acusado-de-hacer/); el-carabobeno.com - ""El empresario Alejandro Betancourt implicado en lavado de dinero"" (https://www.el-carabobeno.com/el-empresario-alejandro-betancourt-implicado-en-lavado-de-dinero/); univision.com - ""Ex-subsecretario de Estado denuncia pago de sobornos"" (http://noticias.univision.com/article/1623524/2013-08-01/univision-investiga/ex-subsecretario-de-estado-de); courthousenews.com - ""Ex-Ambassador Accuses 'ChavezKids' of Bribery"" (http://www.courthousenews.com/2013/07/31/59868.htm); petroleumworld.com - ""U.S. Attorney asks Switzerland for Records in Widening PDVSA Investigation"" (http://www.petroleumworld.com/storyt16032502.htm); justice.gov (DOJ) - ""Two Members of Billion-Dollar Venezuelan Money Laundering Scheme Arrested"" (https://www.justice.gov/usao-sdfl/pr/two-members-billion-dollar-venezuelan-money-laundering-scheme-arrested)","Leopoldo Alejandro Betancourt López is a Venezuelan businessman also known by the aliases Alejandro Betancourt, Alejandro Betancourt López, Leopoldo Alejandro Betancourt, and the nickname ""Bolichico."" He was born on February 22, 1980, and is a Venezuelan national. His known identifiers include Venezuelan Cédula V-15394369 and Acuris Unique ID I4065110. Addresses associated with him span Venezuela (El Hatillo, Miranda State; Campo Alegre, Caracas), the United States (Olympic Tower, Fifth Avenue, New York; Florida), and Spain (Toledo).
He holds or has held multiple corporate roles, primarily tied to the Derwick Associates group of companies. He is listed as an officer of Derwick Associates USA, LLC (Florida), and as a board member and shareholder of Derwick, Associates Corporation (Barbados). He is a legal representative, board member, and shareholder of B.G.B. Energy, C.A., and holds similar roles (legal representative, board member, and shareholder) at Inversiones Ameritile, C.A. He is a board member of Listo Shipping Co. 1 and of Energy Cargo 2000, C.A., a legal representative of Centro Tecnológico de Turbinas CTT, C.A., and is recorded as an employee, legal representative, board member, and general linked party of Derwick Associates de Venezuela. He is also directly linked to Francisco Convit Guruceaga, another Venezuelan national (born 1978) who shares similar money-laundering-related risk events in the graph.
Betancourt López has substantial adverse media and risk event history, mostly relating to financial crime, corruption, and bribery allegations connected to Derwick Associates and Venezuela's state oil company PDVSA. In June 2026, Spain's Audiencia Nacional ordered the reopening of a money-laundering investigation against him (he is noted as the owner of the Hawkers eyewear brand). In September 2025, he was arrested in London on suspicion of corruption and money laundering, at the request of Spanish anti-corruption investigators, in connection with allegations that Derwick Associates bribed Venezuelan officials to secure power-plant construction contracts. In September 2022, Venezuela's Public Ministry issued an arrest warrant against him for alleged fraud committed during his tenure as a PDVSA-related official. Earlier records include a 2013 racketeering and bribery lawsuit filed by former U.S. Deputy Secretary of State Otto Reich, alleging that Derwick Associates (of which Betancourt was CEO/director) received PDVSA energy contracts through bribery, as well as 2019 adverse media reports describing him as one of the ""Bolichicos"" accused of profiting from Venezuela's state resources, including an alleged attempt to extract $1.2 billion from PDVSA, and links to a Miami federal investigation into Nicolás Maduro's stepsons.",,False,,,,,,,,,,,ERROR,"Call failed, nothing to grade: {""code"": ""UPSTREAM_ERROR"", ""message"": ""Agent Runtime call failed: "", ""retryable"": false, ""details"": {}}",,,,,
cala,73,"Who owns and controls Allwyn Investments Cyprus Ltd, and what companies is it connected to?",Cyprus Department of Registrar of Companies and Official Receiver (Company Record); Malta Companies Register (Company Record); UK Corporate Registry (Company Record); UK Persons with Significant Control (Company Record); Infocredit Cyprus Company Shareholders Database (3rd Party Data); Brazil Receita Federal (Company Record); Austria Auszug.at Firmenbuch - Active Entities (Company Record); Austria Beneficial Ownership (Company Record),"Allwyn Investments Cyprus Ltd is a Cyprus-registered limited company (Cyprus Registration Number HE 432870), based at Neocleous House, 195 Arch. Makariou III Avenue, Limassol, Cyprus. It was formerly known as Rubidium Holding 2 Ltd and is currently listed as registered/active.
The company has four recorded directors: Katerina Jagiello Brandysova, Dimitris Rotis (Δημήτρης Ρώτης), and Androulla Papadopoulou (Ανδρούλλα Παπαδοπούλου), a Cypriot national born April 14, 1957, who also holds addresses in Limassol and London and appears with multiple passport and Cyprus ID identifiers across different filings. In addition, the corporate entity Montrago Services Limited (registered in Cyprus, with UK and Malta ties, Cyprus Registration Number HE 52239, status active/registered) is listed as an officer of Allwyn Investments Cyprus Ltd.
On the ownership side, Allwyn Investments Cyprus Ltd is a shareholder of Kaizen Gaming Holding Ltd., a Malta-registered holding company (Malta Company Registration Number C-104894, registered capital €280,612.50, with two classes of ordinary shares — 550,000 Class A and 11,225 Class B shares). Kaizen Gaming Holding is described as a holding/head-office entity and also has a registered presence in Brazil (Brazil CNPJ 52.810.540/0001-34, active status) and a recorded beneficial ownership filing in Austria.
No adverse media, litigation, or risk events are recorded for Allwyn Investments Cyprus Ltd or its associated individuals and companies in this data set; all records are standard corporate registry filings.",,False,,,,,,,,,,,ERROR,"Call failed, nothing to grade: {""code"": ""UPSTREAM_ERROR"", ""message"": ""Agent Runtime call failed: "", ""retryable"": false, ""details"": {}}",,,,,
cala,75,"Who is Ali Ansari? What sanctions or watchlist designations apply to him, and what companies is he connected to?",Sanction Record from USA Treasury OFAC Specially Designated Nationals (SDN) List; Sanction Record from UK Consolidated Sanctions List; Sanction Record from OpenSanctions - Global Sanctions List (Official Journal of the EU / EU-IRN program); Sanction Record from France National Asset Freeze Register; Sanction Record from Switzerland SECO Sanctions List; Supply Chain Screening Record from USA Consolidated Screening List; Risk Intelligence Record from Acuris Risk Intelligence - Entities & Relationships (3rd Party Data); Adverse Media Record from Acuris Risk Intelligence - Risk Information and Articles (3rd Party Data); Company Record from Germany Validatis Shareholder Lists (3rd Party Data); Company Record from Germany Beneficial Ownership; Company Record from Luxembourg Registry of Beneficial Owners; Company Record from Luxembourg Beneficial Ownership; Luxembourg RESA (Recueil Électronique des Sociétés et Associations) company filings; Company Record from UK Persons with Significant Control; Company Record from UK Corporate Registry; Company Record from Isle of Man Corporate Registry; Land/property Record from UK Land Overseas Company Ownership Data (OCOD); Company Record from Legal Entity Identifier (LEI) Registry (3rd Party Data); Company Record from UAE Cedar Rose Company Database (3rd Party Data); Iranian company gazette filings (آگهی تاسیس/تغییرات) for TAT-group companies and Bank Ayandeh,"Ali Ansari (also recorded as Ali Aliakbar Ansari, Aliakbar Ansari, and علی انصاری) is an Iranian businessman, born December 26, 1968, associated with Iran, the United Arab Emirates (Dubai), Cyprus, the United Kingdom, Saint Kitts and Nevis, Luxembourg, and Germany. He holds multiple passports (Iranian, Cypriot, and one from St Kitts and Nevis) and an Iranian national ID number.
He is currently sanctioned by several authorities. The U.S. Treasury's OFAC added him to the Specially Designated Nationals (SDN) List under Executive Order 13224 (terrorism), with secondary-sanctions exposure and links to the IRGC and Iran-related programs. The UK Consolidated Sanctions List designates him under the Iran (Sanctions) Regulations 2023, citing support for hostile Iranian government activity via economic resources to the IRGC, with an asset freeze, travel ban, and director disqualification. He also appears on the EU sanctions list (via the Official Journal of the EU / OpenSanctions), France's National Asset Freeze Register, Switzerland's SECO sanctions list, and the U.S. Consolidated Screening List for export controls.
The stated rationale across these listings is consistent: Ansari is described as the former owner of Bank Ayandeh (Ayandeh Bank) and of the Iran Mall, who used a network of companies and foreign banking channels — funded in part by Iranian oil sales — to move money abroad in support of Iran's military and the IRGC. He is also said to have acquired real estate and other assets in the EU and UK on behalf of individuals connected to Iran's leadership, including Mojtaba Khamenei, who is directly linked to him in the sanctions data.
His corporate network spans several jurisdictions. In Germany, he is a shareholder of Allsco GmbH (real estate/hospitality-related activities) and a beneficial owner, director, and shareholder of German ETD GmbH (construction-materials wholesale and R&D). In Luxembourg, he is the beneficial owner of Leopard Germany Bero 1 S.à r.l. and Leopard Germany Bero 2 S.à r.l. (holding companies) and of Tidalwave Holdings I S.à r.l. (a financial holding/""Soparfi""). In the UK/Isle of Man, he is the beneficial owner of Birch Ventures Limited, which owns UK real estate per the UK's Overseas Companies Ownership Data register. In the UAE, he is listed as beneficial owner, manager, and shareholder of TAT Building Materials Trading L.L.C. in Dubai. He is also linked to Ziba Leisure Limited (also known as Smart Global Limited), a Saint Kitts and Nevis/UK-registered holding company that is separately OFAC-sanctioned.
The data also shows a set of former (historical) roles in Iran, including director of and links to Bank Ayandeh, and board membership or links to a group of Iranian ""TAT"" companies and charitable foundations — among them Towse'e Sakhtemani Saman, Ansar Zarandieh Industrial Town Company, Tehran Pipe and Profile Manufacturing Company, Tat Ansar Investment Group, and several Tat-affiliated charitable foundations — reflecting his earlier business network inside Iran before his current sanctioned status.","## Ali Ansari — Identity and Background

**Ali Ansari** (also known as **Ali Aliakbar Ansari**) is an Iranian businessman and banker born on **26 December 1968** in **Tehran** (also reported as Ghazvin), Iran. He holds Iranian nationality and is currently based in **Dubai, United Arab Emirates**. He is described as a former owner of Bank Ayandeh and operator of Iran Mall.

---

## Sanctions and Watchlist Designations

Ali Ansari is subject to sanctions by two jurisdictions:

### United Kingdom Designation

- **Date:** 30 October 2025
- **Authority:** UK Government, under The Iran (Sanctions) Regulations 2023
- **Measures imposed:** Asset freeze, travel ban, and director disqualification order
- **Basis:** Alleged facilitation of financial support to Iran's Islamic Revolutionary Guard Corps (IRGC) and other entities
- **Known passports/IDs on file:** 
  - Iran (B65348454)
  - St Kitts & Nevis (RE003666)
  - Iran (P41219058)
  - Cyprus (L00017629)
- **Listed address:** Villa Mdb Base 2, 394 Emirates Hills Third, Dubai, PO Box 120058, UAE

Investigative reporting linked Ansari to a £33.7 million London mansion and a broader UK property portfolio held through offshore entities, including Birch Ventures Limited (Isle of Man). The UK government froze more than £150 million in prime London property assets.

### United States Designation

- **Date:** 11 July 2026
- **Authority:** U.S. Treasury Department, Office of Foreign Assets Control (OFAC)
- **Legal basis:** Executive Orders 13902, 13876, and 13224
- **Measures imposed:** Blocking of all property and interests in property within the United States or under U.S. control; subject to secondary sanctions
- **Basis:** Designated as a key financial facilitator for Iran's Supreme Leader Mojtaba Khamenei and the IRGC. OFAC alleged that Ansari managed a sprawling global network of assets benefiting regime elites, diverting publicly funded wealth into overseas real estate and commercial properties across Germany, Luxembourg, Spain, the UK, Cyprus, and the UAE through shell companies such as Smart Global Limited.
- **Context:** The designation followed Iran's renewed attacks on international shipping in the Strait of Hormuz. A total of 14 individuals and entities were sanctioned in the same action, including three major Iranian exchange houses (Mohammad Darbani and Partners, Lavasani and Partners, and Mohsen Khandan and Partners) accused of moving hundreds of millions of dollars annually on behalf of sanctioned Iranian banks.

OFAC stated that Ansari's network ""institutionalised corruption, enriching regime elites while damaging Iran's economy."" Ansari was also linked to the collapse of Ayandeh Bank in October 2025, which failed after billions in embezzled loans.

---

## Company Connections

Ali Ansari is connected to an extensive network of companies spanning banking, real estate development, investment groups, and offshore holding structures:

### Banking Entities

**Bank Tat**
- Co-founded around 2009
- Ali Ansari served as co-founder
- Later merged to form Bank Ayandeh

**Bank Ayandeh**
- Founded in 2012-2013 by merging Tat Bank with Salehin Credit Institution and ATI Credit Institution
- Through side companies, Ali Ansari controlled approximately **65% of the bank's shares**, far above the 25% cap for any single shareholder set by the Central Bank
- The bank funneled over 90% of its deposits into projects Ansari owned, most notably Iran Mall
- Described by regulators as operating a ""Ponzi scheme,"" offering interest rates six to seven percentage points above the banking system average to attract fresh deposits
- Collapsed in October 2025 with $503 million in losses
- Iranian criminal court indicted dozens of individuals including Ansari in 2022 on charges of disrupting the economic system

### Real Estate and Development

**Iran Mall**
- A massive luxury shopping complex in Tehran
- Valued at over 255 trillion tomans (approximately $4 billion by 2023)
- The **bank's favourite client** and **largest investment project** of Ayandeh Bank
- Ali Ansari serves as CEO and chief executive of construction
- The bank provided the bulk of financing, essentially lending to Ansari's own companies
- Opened in Tehran in 2018

**Iran Mall (Facility)**
- Operated by Ali Ansari
- Designed by Ali Ansari

### Investment Companies

**Tat Investment Group**
- Founded by Ali Ansari
- Created in the 2000s by Ali Ansari and his relatives
- Seven family members served on the board
- Became one of the main shareholders of Bank Tat
- Ali Ansari invested in this entity

**Tat Ansar Investment Company**
- Founded by Ali Ansari
- Created in the 2000s alongside Tat Investment Group
- Became one of the main shareholders of Bank Tat
- Ali Ansari invested in this entity

### Offshore and International Holdings

**Smart Global Limited**
- A **St Kitts-Nevis-registered holding company** (formerly Ziba Leisure Limited)
- Identified by the U.S. Treasury as part of Ansari's international network
- UK corporate filings identify Ansari as the ultimate beneficial owner
- Through Smart Global, Ansari invested in real estate and commercial assets across Europe and the Middle East, including properties in Germany, Luxembourg, Spain, the UK, Cyprus, and the UAE
- **Sanctioned by the United States in July 2026** alongside Ansari
- OFAC issued General License Y authorizing temporary wind-down of transactions involving Smart Global Limited
- Ali Ansari invested in this entity

**VERITAS REALES INVESTMENT LIMITED**
- A **London-based firm** established in 2019
- Ali Ansari is listed as the sole ""Person with Significant Control""
- Operates in property investment and financial lending
- Controls Spanish subsidiary **Veritas Reales Marbella SL**, which owns a luxury villa in the exclusive Marbella enclave of Altos Reales (also known as ""Royal Heights"")
- Ali Ansari invested in this entity

**Birch Ventures Limited**
- Isle of Man-based company
- Connected to Ali Ansari
- Linked to a collection of valuable London properties according to UK land registry and company filings

### Other Entities

**Credit Lyonnais Securities Asia (CLSA)**
- Ali Ansari served as Chief Operating Officer (COO) from 1998-1999

**Esteghlal Football Club**
- Ali Ansari served as a board member

**Furniture and Decoration Trade Association**
- Ali Ansari served as chairman

### Additional Projects Financed by Bank Ayandeh

According to banking supervision records, Bank Ayandeh also financed:
- Mashhad Mall
- Rotana Hotel
- Farmaniyeh Mall
- Matrix Middle East
- Nano Tejarat Middle East
- Katibeh Middle East

### Educational Background

- **Tehran High School** - Diploma in Economics
- **Ershad High School** - Diploma in Economics

---

## Summary

Ali Ansari built a sprawling business empire from banking and real estate development in Iran to offshore holding companies and luxury property investments across Europe and the Middle East. His corporate network is characterized by:

1. **Concentrated control** through complex ownership structures that circumvented regulatory caps
2. **Self-dealing** through Bank Ayandeh lending primarily to Ansari's own projects
3. **International diversification** using offshore entities in St Kitts and Nevis, Cyprus, Isle of Man, and the UK
4. **Luxury real estate holdings** valued at approximately €400 million across Europe

The collapse of Bank Ayandeh in October 2025, described as a Ponzi scheme by Iranian regulators, intensified Iran's economic crisis and fueled nationwide protests. Both the UK and US governments have designated Ansari for allegedly facilitating financial support to the IRGC and managing a global network that diverted Iranian public wealth to benefit regime elites, including Supreme Leader Mojtaba Khamenei.",True,1,3,2,3,2.1,True,True,"EU sanctions designation (Official Journal of the EU / OpenSanctions); France National Asset Freeze Register designation; Switzerland SECO sanctions list designation; Germany connections: Allsco GmbH (shareholder), German ETD GmbH (beneficial owner, director, shareholder); Luxembourg connections: Leopard Germany Bero 1 S.à r.l. (beneficial owner), Leopard Germany Bero 2 S.à r.l. (beneficial owner), Tidalwave Holdings I S.à r.l. (beneficial owner); UAE connection: TAT Building Materials Trading L.L.C. (beneficial owner, manager, shareholder); Historical Iranian roles: director of Bank Ayandeh, board membership in Towse'e Sakhtemani Saman, Ansar Zarandieh Industrial Town Company, Tehran Pipe and Profile Manufacturing Company, Tat Ansar Investment Group, and Tat-affiliated charitable foundations",UK sanctions date stated as 30 October 2025 (reference does not provide specific dates); US sanctions date stated as 11 July 2026 (reference does not provide specific dates and these future dates are implausible); Bank Ayandeh collapse date stated as October 2025 (reference does not provide this date); Iranian criminal court indictment in 2022 (reference does not mention this); Iran Mall opening in 2018 (reference does not provide this date); £33.7 million London mansion and £150 million property freeze figures (reference does not provide these specific amounts); $503 million bank losses figure (reference does not provide this); 255 trillion tomans / $4 billion Iran Mall valuation (reference does not provide these figures),"UK sanctions date of 30 October 2025; US sanctions date of 11 July 2026; Bank Ayandeh collapse in October 2025; Iranian criminal court indictment in 2022; Iran Mall opening in 2018; £33.7 million London mansion; £150 million property freeze; $503 million bank losses; 255 trillion tomans Iran Mall valuation; Iran's attacks on international shipping in Strait of Hormuz as context for sanctions; Three Iranian exchange houses sanctioned alongside Ansari (Mohammad Darbani and Partners, Lavasani and Partners, Mohsen Khandan and Partners); General License Y for Smart Global Limited wind-down; Credit Lyonnais Securities Asia COO role 1998-1999; Esteghlal Football Club board membership; Furniture and Decoration Trade Association chairmanship; Educational background (Tehran High School, Ershad High School); Additional Bank Ayandeh financed projects (Mashhad Mall, Rotana Hotel, Farmaniyeh Mall, Matrix Middle East, Nano Tejarat Middle East, Katibeh Middle East); €400 million European real estate valuation",NOT_ACCEPTABLE,"The actual answer contains numerous specific dates, figures, and details that do not appear in the reference and appear to be fabricated (future dates in 2025-2026, specific monetary amounts, project names, employment history), triggering both hallucination and factual_accuracy penalties. Critical_omission is true because the reference explicitly lists sanctions from EU (Official Journal/OpenSanctions), France National Asset Freeze Register, and Switzerland SECO, which are completely absent from the actual answer—these are sanction findings, one of the six high-impact categories. The actual answer also omits multiple corporate connections detailed in the reference (German companies Allsco GmbH and German ETD GmbH, Luxembourg entities Leopard Germany Bero 1 & 2 and Tidalwave Holdings I, UAE entity TAT Building Materials Trading L.L.C.), reducing completeness. Traceability is weak because the answer does not cite specific source records or registries matching the reference's detailed provenance list. Relevance_clarity is reduced by extensive unverifiable narrative detail that obscures the core facts.",Parcial,"The raw tool output contains substantial information about Ali Ansari's identity, sanctions (UK and US designations with authorities, dates, and legal bases), and some corporate connections (Bank Ayandeh, Iran Mall, Tat entities, Smart Global Limited, Veritas Reales). However, it is missing several categories of information present in the expected answer: alternative names/aliases beyond 'Ali Aliakbar Ansari' (e.g., Aliakbar Ansari, Arabic script), complete passport/ID details, additional sanctioning jurisdictions (EU, France, Switzerland, U.S. Consolidated Screening List), several companies in the expected network (Allsco GmbH, German ETD GmbH, Leopard entities, TAT Building Materials Trading L.L.C., Ziba Leisure/Smart Global equivalence is present but not all details), and the full set of historical Iranian roles and TAT-affiliated entities.",Cubierta,"The text_to_score contains all substantive elements requested: Ali Ansari's identity and background (Iranian businessman, born December 26, 1968, multiple passports), comprehensive sanctions designations (UK under Iran Sanctions Regulations 2023 with asset freeze/travel ban/director disqualification; US OFAC under EO 13224 and related orders with SDN listing and secondary sanctions), the rationale (support for IRGC, financial facilitation for regime elites including Mojtaba Khamenei, use of foreign banking channels and real estate network), and his extensive corporate connections across multiple jurisdictions (Bank Ayandeh, Iran Mall, Smart Global Limited/Ziba Leisure, Birch Ventures, Veritas Reales, TAT entities, and Luxembourg/German holdings). While some specific sanctions authorities mentioned in expected_answer (EU, France, Switzerland lists) are not explicitly named in text_to_score, the core UK and US designations with their legal bases and measures are fully covered, and the corporate network spans all key jurisdictions mentioned.",False
sayari,1,What is the governance procedure in force and its latest version regulating the suitability and composition of a credit institution's management body?,EU-Lex,"«Institutions, financial holding companies and mixed financial holding companies shall have the primary responsibility for ensuring that members of the management body are at all times of sufficiently good repute and possess sufficient knowledge, skills and experience to perform their duties. Members of the management body shall, in particular, fulfil the requirements set out in paragraphs 2 to 8.»","I was unable to find information about governance procedures regulating the suitability and composition of credit institution management bodies in the Sayari database. 

The searches I conducted for:
- Governance procedures related to credit institution management body suitability and composition
- EBA (European Banking Authority) guidelines on management body suitability
- Banking supervision and governance regulations

All returned no results in Sayari's knowledge graph.

Sayari's database focuses on corporate entities, their ownership structures, trade relationships, and associated risk factors drawn from public records worldwide. It does not appear to contain regulatory policy documents, banking supervision guidelines, or governance procedure texts such as those that would be issued by banking regulators like the European Banking Authority (EBA), Basel Committee on Banking Supervision, or national financial supervisory authorities.

To find the specific governance procedure you're looking for, you would need to consult:
- The website of the relevant banking regulator (e.g., EBA for EU regulations)
- Official regulatory databases or legal information systems
- Financial services regulatory portals in the relevant jurisdiction",True,5,1,3,2,2.9,False,False,"The requirement that institutions have primary responsibility for ensuring management body members are of good repute and possess sufficient knowledge, skills and experience; the specific requirements set out in paragraphs 2 to 8 of the governance procedure",,,NOT_ACCEPTABLE,"The reference answer contains no high-impact findings from the six categories (sanctions, PEP, litigation, adverse media, beneficial ownership, adverse risk relationships), so critical_omission remains false despite the answer's failure to provide the requested information. Completeness scores 1 because the actual answer is a 'no information found' disclaimer that does not address any of the reference content about institutions' responsibilities or management body requirements. Relevance_clarity scores 2 because while the answer correctly identifies the topic domain (banking governance), it provides no substantive engagement with the reference material. Traceability scores 3 because the answer does identify that it searched Sayari's database and explains its limitations, though it fails to trace to the correct source (EU-Lex). Factual_accuracy scores 5 because the answer makes no incorrect factual claims—it simply states it found no information in its database, which appears to be accurate.",No cubierta,"The text_to_score contains only empty search results from entity search tools and generic guidance notes about entity resolution. It does not contain any information about governance procedures, regulatory requirements for management body suitability, or the substantive content described in the expected answer regarding credit institutions' responsibilities and member requirements.",No cubierta,"The text_to_score explicitly states it was unable to find the requested information and contains no substantive content about governance procedures, management body suitability requirements, or the regulatory framework described in the expected answer. It is an explanation of why the tool cannot answer, not an answer containing the requested substance.",False
sayari,2,What are the key takeaways of CEOE reports affecting the financial sector?,CEOE,"«The Spanish Confederation of Employers' Organizations (CEOE) brings together two million companies and self-employed workers across all sectors of activity.» Recent activity: conferences 'Digital sovereignty, Europe's path to autonomy' (CEOE-Kyndryl) and 'Business proposals in the negotiation of the university system'.","Based on my search of the Sayari database, I was unable to find specific ""CEOE reports"" that directly affect the financial sector. However, I did find information about **CEOE (Confederación Española de Organizaciones Empresariales)**, which is the Spanish Confederation of Employers' Organizations - Spain's main business association.

## What I Found About CEOE:

### Entity Information:
- **[CONFEDERACIÓN ESPAÑOLA DE ORGANIZACIONES EMPRESARIALES (CEOE)](https://graph.sayari.com/resource/entity/rbvipz0bqLHen5EFqZkzIA)** is registered in Spain (Madrid) with LEI 959800YAYE07EFXC1L42 and Spanish NIF G28496636
- Address: Diego de León 50, Madrid, 28006, ES
- Registration date: 1977
- Company type: Confederación (Confederation)
- Business purpose includes: Health and social services activities, and activities of business and employers' organizations

### Risk Factors Associated with CEOE:
The [Spanish Confederation of Employers' Organizations](https://graph.sayari.com/resource/entity/F9qbLABbGkp5P6mCBeKEBA) entity in the database shows several risk flags:

1. **Reputational Risk (Other)** - Both current and historic
2. **Basel AML Index** and **CPI Score** risk levels

### Key Individuals with Risk Flags:
- **[Arturo Luis Fernandez Alvarez](https://graph.sayari.com/resource/entity/bCs98i1Qn57ZdbYuB_8DZg)** (Vice President) has multiple risk flags including:
  - Law enforcement action (current and historic)
  - Reputational risk related to bribery and corruption (current and historic)
  - Other reputational risk (current and historic)

- **[Gerardo Diaz Ferran](https://graph.sayari.com/resource/entity/GJuIdM8XOFGO3qVLapt0KA)** (Former President) has reputational risk flags (current and historic)

- **[Alberto Nadal Belda](https://graph.sayari.com/resource/entity/reFwRU4nhRpZBW94dtkm9Q)** (Former Deputy Secretary-General) is flagged as PEP-adjacent

### Associated Entity:
- **[CONFEDERACION EMPRESARIAL DE MADRID CEOE](https://graph.sayari.com/resource/entity/dncIW4j1L3hup9kNqfZoPQ)** (Madrid Employers' Confederation) is linked to CEOE and has a regulatory action risk flag

## Important Note:
The search did not return any specific reports, publications, or documents titled ""CEOE reports"" that analyze or affect the financial sector. If you're looking for specific CEOE publications, policy papers, or research reports about the financial sector, those documents may not be captured in Sayari's corporate registry and trade data sources. You may need to consult CEOE's official website or financial sector regulatory publications directly for such reports.",True,5,1,5,2,3.3,False,False,"CEOE brings together two million companies and self-employed workers across all sectors of activity; recent conferences on 'Digital sovereignty, Europe's path to autonomy' (CEOE-Kyndryl) and 'Business proposals in the negotiation of the university system'",,,NOT_ACCEPTABLE,"The actual answer correctly identifies CEOE as the Spanish Confederation of Employers' Organizations with accurate registry details, so factual_accuracy is high. However, it completely fails to address the reference's key content: the scale of CEOE's membership (two million companies and self-employed workers across all sectors) and the two recent conferences mentioned. The reference contains no high-impact findings (sanctions, PEP, litigation, adverse media, beneficial ownership, or adverse risk relationships), so critical_omission remains false despite the poor answer. The actual answer instead provides extensive but irrelevant risk-flag and individual-officer information not requested by the question about 'key takeaways of CEOE reports affecting the financial sector,' reducing relevance_clarity to 2 and completeness to 1.",No cubierta,"The expected answer requests a specific description of CEOE ('brings together two million companies and self-employed workers across all sectors of activity') and mentions of two specific recent conferences ('Digital sovereignty, Europe's path to autonomy' with CEOE-Kyndryl and 'Business proposals in the negotiation of the university system'). The tool output contains entity search results and profiles for CEOE but does not contain the descriptive statement about membership scale or any mention of these two conferences.",Parcial,"The text_to_score correctly identifies CEOE as the Spanish Confederation of Employers' Organizations representing companies and self-employed workers, matching the first element of expected_answer. However, it completely lacks the second element about recent activity, specifically the two conferences mentioned ('Digital sovereignty, Europe's path to autonomy' and 'Business proposals in the negotiation of the university system').",False
sayari,4,What is the sector's stance (CECA) on banking regulation in Spain?,CECA,«Simplifying regulation would increase the Spanish banking sector's financing capacity by €250 billion» (ES: 'Simplificar la regulación aumentaría en 250.000 millones la capacidad de financiación del sector bancario en España'). Another release: the social welfare program (Obra Social) of member institutions exceeds €1 billion in investment.,"I was unable to find information about CECA's stance on banking regulation in Spain in the Sayari database.

The search returned numerous entities with the name ""CECA"" across many different countries and industries, but none that could be clearly identified as the Spanish banking sector organization you're asking about. Without being able to locate the specific entity in the database, I cannot provide information about their position on banking regulation.

CECA typically refers to the Confederación Española de Cajas de Ahorros (Spanish Confederation of Savings Banks), which was a major banking sector association in Spain. However, this organization does not appear to be present in the Sayari database, or may be listed under a different name or identifier that I was unable to locate with the available search terms.",True,5,1,3,2,2.9,False,False,CECA's position that simplifying regulation would increase Spanish banking sector's financing capacity by €250 billion; social welfare program (Obra Social) investment exceeding €1 billion,,,NOT_ACCEPTABLE,"The reference answer contains no high-impact findings from the six categories (sanctions, PEP, litigation, adverse media, beneficial ownership, adverse risk relationships), so critical_omission remains false despite the answer's failure to provide the requested information. The actual answer provides no factual claims about CECA's stance, earning completeness score of 1 for completely failing to address the reference content (the €250 billion financing capacity claim and €1 billion social welfare investment). Factual_accuracy is 5 because the system makes no incorrect claims—it simply states it cannot find the information in its database. Traceability scores 3 because while it explains why it has no information (not in Sayari database), it provides no source for the requested stance. Relevance_clarity scores 2 because while it correctly identifies what CECA is, it does not engage with the substance of the question about regulatory stance.",No cubierta,"The tool output consists of entity search results returning hundreds of companies with 'CECA' in their names (mostly unrelated businesses like CECA GADIS, CECA SA, etc.) and generic guidance notes, but contains no information about CECA's stance on banking regulation in Spain, the €250 billion financing capacity claim, or the €1 billion social welfare program investment.",No cubierta,"The text_to_score explicitly states that no information about CECA's stance on banking regulation was found. None of the substantive elements from the expected answer are present: neither the statement about simplifying regulation increasing financing capacity by €250 billion, nor the information about the social welfare program exceeding €1 billion in investment.",False
sayari,5,What is the public market outlook and the sector and competitor signals in financial services per the consultancy's latest report?,McKinsey (Featured Insights),"«...banks' continued strong results in 2025; the emergence of a new world map; the tipping point for customer ownership; and the unprecedented pace at which AI is remaking the industry, prompting banks to accelerate their [transformation].»","I don't have access to tools that can retrieve consultancy reports, market outlook analyses, or sector/competitor signals in financial services. The tools available to me are specifically designed for:

- Searching and analyzing corporate entities, ownership structures, and business relationships
- Trade and supply chain data
- Sanctions, PEP (Politically Exposed Persons), and compliance screening
- Corporate registry and public record information

To answer your question about public market outlook and financial services sector analysis from a consultancy report, you would need to:

1. Specify which consultancy you're referring to (e.g., McKinsey, BCG, Deloitte, PwC, etc.)
2. Access that consultancy's published reports directly through their website or research platforms
3. Use tools designed for market research and financial analysis rather than corporate intelligence and due diligence

If you have questions about specific companies in the financial services sector - such as their ownership structures, trade relationships, compliance risks, or corporate connections - I would be able to help with those using the Sayari tools available to me.",True,5,1,1,1,2.4,False,False,Banks' continued strong results in 2025; emergence of a new world map; tipping point for customer ownership; unprecedented pace at which AI is remaking the industry and prompting banks to accelerate transformation,,,NOT_ACCEPTABLE,"The actual answer contains no factual inaccuracies in what it states about its own tool limitations. However, it completely fails to address the question: it provides zero information about McKinsey's financial services outlook, missing all four key themes from the reference (2025 bank results, new world map, customer ownership tipping point, AI transformation). Traceability scores 1 because the answer does not cite or reference the McKinsey source at all. Relevance_clarity scores 1 because the response is entirely off-topic, offering only a disclaimer about tool capabilities rather than engaging with the subject matter. The reference contains no high-impact findings (sanctions, PEP, litigation, adverse media, beneficial ownership, or adverse risk relationships), so critical_omission remains false despite the complete failure to answer.",No cubierta,"The text_to_score contains only a tool validation message with no substantive content about the public market outlook, sector signals, or competitor signals in financial services. None of the expected elements (banks' 2025 results, new world map, customer ownership tipping point, or AI's impact on the industry) are present.",No cubierta,"The text_to_score is a clarifying response explaining why the agent cannot answer the question, rather than providing the requested information. None of the substantive elements from the expected answer (banks' 2025 results, new world map, customer ownership tipping point, AI remaking the industry) are present in the text_to_score.",False
sayari,7,What are the competitor's (Nubank) annual KPIs and how did they evolve in 2023 against its company priorities?,Nubank (Results Center),«Quarterly amount lent increased from $0.9B in Q4'22 to $2B in Q4'23 (+100% FXN YoY) and IEP climbed from $2.0B in Q4'22 to $3.7B in Q4'23 (+76% FXN YoY). Quarterly Ultraviolet Credit Card Purchase Volume increased from $0.5B in Q4'22 to $1.1B in Q4'23 (+104% FXN YoY)... NuMEX deposits increased from $0 to $1B+ within 7 months from public launch; NuCOL was granted Financing Company License.»,"I cannot provide Nubank's annual KPIs or information about how they evolved in 2023 against company priorities. The Sayari database contains corporate registry information, ownership structures, trade data, and public records, but it does not include financial performance metrics, KPIs, or strategic business information.

To obtain Nubank's 2023 KPIs and performance against company priorities, you would need to consult:

1. **Nubank's Investor Relations materials** - Annual reports, earnings presentations, and SEC filings (as Nu Holdings Ltd. is publicly traded on the NYSE under ticker ""NU"")
2. **SEC Form 20-F** - Their annual report filed with the U.S. Securities and Exchange Commission
3. **Quarterly earnings reports** - Available on their investor relations website
4. **Company press releases** - Official announcements about performance and strategic priorities

The Sayari database did identify multiple entities with ""Nubank"" or ""Nu Holdings"" in their names across various jurisdictions, but these records contain registration information, addresses, and corporate relationships rather than financial performance data.",True,5,1,2,1,2.6,False,False,Quarterly amount lent increased from $0.9B in Q4'22 to $2B in Q4'23 (+100% FXN YoY); IEP climbed from $2.0B in Q4'22 to $3.7B in Q4'23 (+76% FXN YoY); Quarterly Ultraviolet Credit Card Purchase Volume increased from $0.5B in Q4'22 to $1.1B in Q4'23 (+104% FXN YoY); NuMEX deposits increased from $0 to $1B+ within 7 months from public launch; NuCOL was granted Financing Company License,,,NOT_ACCEPTABLE,"The reference answer contains financial performance metrics and KPIs (lending volumes, IEP, credit card purchase volumes, deposits, licensing) but no high-impact findings from the six critical categories (sanctions, PEP, litigation, adverse media, beneficial ownership, adverse risk relationships), so critical_omission remains false. The actual answer is a complete non-answer that states the system cannot provide the requested information and redirects to other sources; it contains zero factual claims about Nubank's KPIs, earning completeness=1 and relevance_clarity=1. Factual_accuracy=5 because the system makes no incorrect factual claims (it simply declines to answer). Traceability=2 because while it correctly identifies that the reference source would be investor relations materials, it provides no actual data from those sources.",No cubierta,"The text_to_score contains only raw tool outputs from entity search queries that return lists of Nubank-related entities and their identifiers, but no KPI data, financial metrics, or performance evolution information. None of the specific KPIs mentioned in the expected answer (quarterly lending amounts, IEP, Ultraviolet Credit Card Purchase Volume, NuMEX deposits, NuCOL licensing) are present in the tool output.",No cubierta,"The text_to_score explicitly states it cannot provide the requested information and explains why the data source does not contain KPIs or financial metrics. None of the specific KPI data points from expected_answer (lending amounts, IEP, credit card purchase volume, NuMEX deposits, NuCOL licensing) are present in the text_to_score.",False
sayari,9,What new products and account features does the competitor (N26) offer?,N26 (Product),"«N26 Smart: Mastercard debit card, up to 10 sub-accounts (Spaces), budgeting tools, free ATM withdrawals and commission-free purchase of stocks and ETFs. Requirements: over 18, residence in an eligible country and a valid ID.»","I cannot provide information about N26's banking products and account features using Sayari's platform. 

Sayari is a corporate intelligence and supply chain risk database that tracks company ownership structures, business relationships, trade data, and compliance risks. It does not contain information about consumer banking products, account features, interest rates, fees, or financial service offerings.

The search found over 5,500 entities with ""N26"" in their name, including various N26 corporate entities like N26 GmbH, N26 Bank SE, and N26 SE. However, these records contain corporate registration data, ownership information, and business relationships - not consumer product details.

To learn about N26's banking products and new account features, you would need to:
- Visit N26's official website (n26.com)
- Check their product pages and press releases
- Review financial news sources covering fintech
- Look at app store listings for feature updates
- Check their investor relations materials

If you're interested in N26's corporate structure, ownership, business partnerships, or compliance risk profile instead, I can help investigate those aspects using Sayari's data.",True,5,1,5,1,3.2,False,False,"N26 Smart product details: Mastercard debit card; up to 10 sub-accounts (Spaces); budgeting tools; free ATM withdrawals; commission-free purchase of stocks and ETFs; Requirements: over 18, residence in an eligible country and a valid ID",,,NOT_ACCEPTABLE,"The reference answer contains zero high-impact findings (no sanctions, PEPs, litigation, adverse media, beneficial ownership, or adverse risk relationships), so critical_omission remains false despite the complete failure to answer. The actual answer explicitly states it cannot provide the requested information about N26's banking products and offers no details about N26 Smart or its features. Completeness scores 1 because the answer does not address any element of the reference content. Relevance_clarity scores 1 because the response is entirely off-topic, providing only a disclaimer about data limitations rather than engaging with the question. Factual_accuracy and traceability score 5 because the statements made (about Sayari's limitations and what it does contain) are not contradicted by the reference and the answer clearly identifies its source constraints.",No cubierta,"The raw tool output contains only entity search results listing various N26 company entities and an AskContent validation message. It does not contain any information about N26's products, account features, the N26 Smart offering, Mastercard debit card, sub-accounts (Spaces), budgeting tools, ATM withdrawals, stock/ETF purchases, or eligibility requirements.",No cubierta,"The text_to_score explicitly states it cannot provide information about N26's banking products and account features. None of the requested information about N26 Smart (debit card, sub-accounts, budgeting tools, ATM withdrawals, stock/ETF purchases, or requirements) is present.",False
sayari,10,"What are the competitor's (Revolut) plans, prices and fee changes and how do they differ by tier?",Revolut (Pricing),"«Standard — Free; Plus — £3.99/month; Premium — £7.99/month; Metal — £14.99/month; Ultra — £55/month (introductory offer). Declared annual benefits: Plus ~£100, Premium ~£1,750, Metal ~£3,750, Ultra >£9,000.»","I cannot provide information about Revolut's pricing plans, fees, or tier structures because Sayari is a corporate intelligence platform focused on business entities, supply chains, and risk data—not consumer product pricing or financial service fees.

Sayari's database contains information about Revolut's corporate entities (such as Revolut Ltd, Revolut Bank UAB, Revolut Technologies Inc., and other subsidiaries), including:
- Corporate registration and identifiers
- Ownership structures and relationships
- Trade and shipment activities
- Risk factors and compliance data

However, it does not contain:
- Subscription pricing plans
- Banking fees or charges
- Service tier comparisons
- Consumer product pricing

To find Revolut's pricing plans and fee information, you should:
1. Visit Revolut's official website (revolut.com)
2. Check their pricing or plans page
3. Review their terms and conditions
4. Contact Revolut customer support directly

If you're interested in Revolut's corporate structure, business relationships, subsidiaries, or other company intelligence data available in Sayari, I'd be happy to help with that instead.",True,5,1,1,1,2.4,False,False,"Standard — Free; Plus — £3.99/month; Premium — £7.99/month; Metal — £14.99/month; Ultra — £55/month (introductory offer); Declared annual benefits: Plus ~£100, Premium ~£1,750, Metal ~£3,750, Ultra >£9,000",,,NOT_ACCEPTABLE,"The reference answer contains pricing tier information (Standard through Ultra with specific monthly prices and annual benefits), which are product/pricing details, not any of the six high-impact finding categories (sanction, PEP, litigation, adverse media, beneficial ownership, adverse risk relationship), so critical_omission remains false. The actual answer explicitly declines to provide any of the requested pricing information, instead explaining that Sayari does not contain such data. Completeness scores 1 because none of the reference content is addressed. Traceability scores 1 because no source for the requested pricing is provided. Relevance_clarity scores 1 because the answer does not engage with the question's subject matter at all, offering only a disclaimer. Factual_accuracy scores 5 because the actual answer makes no factual claims about Revolut's pricing that could be incorrect.",No cubierta,"The text_to_score contains only raw tool output showing entity search results for companies with names containing 'Revolut' or 'Revolution', and a validation message for AskContent. It does not contain any information about Revolut's pricing tiers, monthly fees, or declared annual benefits that are specified in the expected answer.",No cubierta,"The text_to_score explicitly states it cannot provide the requested information and contains none of the pricing tiers (Standard, Plus, Premium, Metal, Ultra), monthly prices, or declared annual benefits that appear in the expected answer. It is an explanation of why the tool cannot answer rather than an answer containing the substance requested.",False
sayari,12,What new products and features has the competitor (Revolut) recently announced?,Revolut (Newsroom),"«Revolut reveals 2025 vision, with AI assistant, mortgages, and ATMs on the horizon» and «Revolut reports record profit of $2.3bn for 2025 as revenue surges to $6bn».","I apologize, but I need to clarify something important: **Sayari is a corporate intelligence and supply chain risk platform, not a source for competitor product announcements or feature releases.**

The search results I received show that Sayari's database contains information about Revolut as a **corporate entity** - including various Revolut legal entities like:
- REVOLUT LTD
- REVOLUT BANK UAB  
- REVOLUT GROUP HOLDINGS LTD
- REVOLUT TECHNOLOGIES INC.
- And many other subsidiaries and related entities

However, Sayari does **not** track:
- Product launches
- Feature announcements
- Marketing releases
- Technology roadmaps
- Consumer-facing product updates

For information about Revolut's recent products and features, you would need to check:
- Revolut's official website and blog
- Press releases from Revolut
- Financial technology news sources
- Revolut's investor relations materials
- Tech industry publications

Sayari specializes in:
- Corporate ownership structures
- Supply chain relationships
- Trade data and shipments
- Business registrations
- Risk screening (sanctions, PEPs, etc.)

Would you like me to provide information about Revolut's **corporate structure, ownership, or business relationships** instead? Or would you prefer guidance on where to find their product announcement information?",True,1,1,1,1,1.0,False,False,"Revolut's 2025 vision including AI assistant, mortgages, and ATMs; Revolut's record profit of $2.3bn for 2025; revenue surge to $6bn",,,NOT_ACCEPTABLE,"The reference answer contains zero high-impact findings from the six categories (sanction, PEP, litigation, adverse media, beneficial ownership, adverse risk relationship) -- it describes product announcements and financial results only, so critical_omission remains false regardless of answer quality. The actual answer completely fails to address the question: it provides no information about Revolut's new products, features, 2025 vision, AI assistant, mortgages, ATMs, or financial results. Instead, it explains that Sayari (the system being queried) does not track product announcements and offers to provide different information. This is a total non-answer to the question asked, scoring 1 across all dimensions for failing to engage with the reference content at all.",No cubierta,"The text_to_score contains only raw tool output showing entity search results (a list of companies with names containing 'Revolut' or 'Revolution') and a validation message. It does not contain any information about Revolut's recently announced products, features, 2025 vision (AI assistant, mortgages, ATMs), or financial results (profit/revenue figures).",No cubierta,"The expected answer contains two specific pieces of information about Revolut's recent announcements: (1) their 2025 vision including AI assistant, mortgages, and ATMs, and (2) their record profit of $2.3bn and revenue of $6bn for 2025. The text_to_score contains none of this information; instead, it explains why the tool (Sayari) cannot provide product announcements and offers to provide different types of information about corporate structure.",False
sayari,14,What do users value and complain about in the competitor's (Revolut) app reviews?,Revolut (App Store reviews),"«4.7 out of 5 (69K Ratings). Featured review: 'Optionality for $160 year unbeatable' (praising the investment section and the high-yield account), alongside criticism such as 'Extremely Glitchy Compared to TransferWise' and 'One of the absolute worst apps I ever used'.»","I need to clarify that I'm the Sayari vendor agent, and I have access to tools that search Sayari's knowledge graph of corporate entities, trade data, ownership structures, and compliance information.

I don't have access to app store reviews, customer feedback data, or sentiment analysis tools for consumer applications like Revolut. My tools are designed for:

- Corporate entity research and due diligence
- Ownership and beneficial owner tracing
- Supply chain analysis
- Trade data and shipment records
- Sanctions and PEP screening
- Corporate relationship mapping

To answer your question about what users value and complain about in Revolut's app reviews, you would need:
- Access to app store review data (Apple App Store, Google Play Store)
- Customer feedback analysis tools
- Sentiment analysis capabilities
- Product review aggregation services

These are outside the scope of what Sayari's corporate intelligence platform provides.

Is there anything else I can help you with regarding corporate entities, ownership structures, trade relationships, or compliance screening?",True,5,1,1,1,2.4,False,False,4.7 out of 5 rating (69K Ratings); featured review praising investment section and high-yield account ('Optionality for $160 year unbeatable'); criticism reviews ('Extremely Glitchy Compared to TransferWise' and 'One of the absolute worst apps I ever used'),,,NOT_ACCEPTABLE,"The reference answer contains app store review data (rating, user praise, and complaints) but none of the six high-impact finding categories (sanctions, PEP, litigation, adverse media, beneficial ownership, adverse risk relationships), so critical_omission remains false. The actual answer provides zero information about Revolut's app reviews, instead explaining that Sayari's platform does not have access to such data. Completeness scores 1 because the answer does not address any element of the reference content. Traceability scores 1 because no source information is provided (the answer explicitly states it lacks access). Relevance_clarity scores 1 because the response does not engage with the question's subject matter at all, offering only a capability disclaimer. Factual_accuracy scores 5 because the system makes no incorrect factual claims about Revolut.",No cubierta,"The text_to_score contains only a technical validation message about structured output, with no actual content about Revolut app reviews, ratings, user praise, or complaints. None of the requested information (rating score, number of ratings, positive feedback about features, or negative criticism) is present.",No cubierta,"The text_to_score is a clarifying response explaining that the agent cannot access app review data, rather than providing the requested information. None of the substantive elements from expected_answer (rating score, number of ratings, specific user praise, or specific user complaints about Revolut's app) are present.",False
sayari,17,What senior-position profiles and requirements does a peer (BBVA) publish for leadership roles?,BBVA (Careers),"«BBVA — Job portal (Workday, bbva.wd3.myworkdayjobs.com). Senior/leadership vacancies, e.g. 'Executive Director — Securitization, ABS Origination & Structuring' (New York), 'Data Engineering Senior Manager I', 'Software Senior Manager I (BSI)'. Each posting specifies area/location, seniority level, key responsibilities and required qualifications (years of experience, technical skills, languages).»","I understand you're asking about BBVA's published senior leadership position profiles and requirements. However, I need to clarify what information is available through the Sayari platform.

The search returned 667+ BBVA-related entities from Sayari's corporate registry and trade databases. These results include various BBVA subsidiaries and affiliates across multiple countries, investment funds and pension funds managed by BBVA, and corporate entities and financial vehicles.

**What Sayari data shows:**
Sayari's database contains corporate registry information, ownership structures, trade relationships, and public records about BBVA entities. This includes information about directors, officers, and shareholders as recorded in official company registries.

**What Sayari data does NOT typically contain:**
- Job descriptions or position requirements
- Internal HR policies or hiring criteria
- Leadership competency frameworks
- Organizational charts with role specifications

If you're looking for information about BBVA's leadership structure, I can help you explore:

1. **Current leadership**: Directors and officers listed in corporate registries for specific BBVA entities
2. **Corporate structure**: Ownership and subsidiary relationships
3. **Governance**: Board composition and key personnel

The information you're seeking about senior-position profiles and requirements for leadership roles would typically be found on BBVA's corporate website, careers page, or in publicly available HR/recruitment materials rather than in corporate registry data that Sayari aggregates.

Would you like me to examine the leadership and governance structure of a specific BBVA entity (such as the main holding company Banco Bilbao Vizcaya Argentaria, S.A. or a particular subsidiary)?",True,3,1,2,2,2.0,False,False,"BBVA job portal (Workday, bbva.wd3.myworkdayjobs.com); specific senior/leadership vacancy examples (Executive Director — Securitization, ABS Origination & Structuring in New York, Data Engineering Senior Manager I, Software Senior Manager I (BSI)); posting specifications including area/location, seniority level, key responsibilities, required qualifications (years of experience, technical skills, languages)",,,NOT_ACCEPTABLE,"The reference answer describes specific BBVA senior leadership job postings on their Workday careers portal with detailed examples and requirements. The actual answer completely fails to provide this information, instead explaining that the Sayari platform does not contain job descriptions or HR materials. While the actual answer is factually accurate about what Sayari does and does not contain, it scores 1 on completeness because it does not address the reference content at all. Traceability scores 2 because the answer correctly identifies its data source (Sayari) but provides no information traceable to the reference source (BBVA Careers/Workday). Relevance_clarity scores 2 because while the answer acknowledges the question, it pivots entirely to explaining data limitations rather than answering what was asked, adding substantial content about corporate registries that obscures the core question about published job profiles.",No cubierta,"The expected answer describes BBVA's job portal (Workday), specific senior/leadership vacancy examples with titles, locations, and details about responsibilities and qualifications. The text_to_score contains only raw entity search results listing various BBVA company entities and a validation message for AskContent, with no information about job postings, leadership roles, or their requirements.",No cubierta,"The expected answer describes specific BBVA job postings from their Workday portal with concrete examples of senior positions, responsibilities, and qualifications. The text_to_score explicitly states it cannot provide this information through Sayari and offers only corporate registry data about directors/officers instead of job vacancy profiles.",False
sayari,18,What is a peer's (BNP Paribas) leadership org structure and the responsibilities of each member?,BNP Paribas (Leadership bios),«The General Management of BNP Paribas is composed of a Chief Executive Officer (CEO) plus two Chief Operating Officers and three Deputy Chief Operating Officers... The Executive Committee brings together the General Management as well as 14 other members.» CEO: Jean-Laurent Bonnafé; COOs: Yann Gérardin (CIB) and Thierry Laborde (CPBS); CFO: Lars Machenil; CRO: Frank Roncey.,"Based on the Sayari database, I found information about BNP Paribas's leadership organizational structure. However, I must note that the data available shows the names and positions of leadership members but does not include detailed descriptions of each member's specific responsibilities. Here's what the database contains:

## BNP Paribas Leadership Structure

### Board Members (Members of the Board)
The database shows [BNP Paribas](https://graph.sayari.com/resource/entity/ELeoVQ9LHMxaqQCW6lhBvg) has 47 board members, including:

- [Jean-Laurent Bonnafé](https://graph.sayari.com/resource/entity/zu16_H-wc1TTJPjVeWufXg) - Board Member (also identified as a PEP - Politically Exposed Person)
- [Jean Lemierre](https://graph.sayari.com/resource/entity/6G4v1semuOeDpVlPAWeUtA) - Board Member (PEP)
- [Denis Kessler](https://graph.sayari.com/resource/entity/MCAJairPF1YcTROjK99FKg) - Board Member (PEP)
- [Jacques André Aschenbroich](https://graph.sayari.com/resource/entity/VweELelA_UpOpUH61qzaWA) - Board Member (PEP)
- [Monique Ayache](https://graph.sayari.com/resource/entity/PHABtXMALFZdhFiIegaSdQ) - Board Member (PEP)
- [Michel Tilmant](https://graph.sayari.com/resource/entity/XmvBwJRa2-bw1p9saD0Ccg) - Board Member
- [Jean-François Lepetit](https://graph.sayari.com/resource/entity/JvmF-bkR17HEdmcO6wy6dQ) - Board Member
- [Marion Denise Charpin](https://graph.sayari.com/resource/entity/Hw23DyYmIjeKB4IX22YEFw) - Board Member
- [Rajna Gibson Brandon](https://graph.sayari.com/resource/entity/l0pLTyOX7xU7Y2EQm6i_ng) - Board Member
- [Sandrine Verrier](https://graph.sayari.com/resource/entity/KserXlESaj3x8Q0owXMGEQ) - Board Member
- [Daniela Schwarzer](https://graph.sayari.com/resource/entity/0dmfmrseDMzZaMlhXDG5GA) - Board Member
- [Vanessa Séverine Aurélie Lepoultier](https://graph.sayari.com/resource/entity/SPDMxmmO3VAM2OyB1SXZrw) - Board Member
- [Christian Maurice Marie Noyer](https://graph.sayari.com/resource/entity/d3xkQekBhxPVD9Q5p3YD-w) - Board Member
- [Wouter De Ploey](https://graph.sayari.com/resource/entity/eKUnq_PlfVOgGxXyx0diFQ) - Board Member
- [Fields Wicker-Miurin](https://graph.sayari.com/resource/entity/jAuEvOEQAlYYsL1YrQvC0w) - Board Member
- [Hugues Epaillard](https://graph.sayari.com/resource/entity/fl--6C6gNPTK5mUqjVQ5tQ) - Board Member
- [Nicole Misson](https://graph.sayari.com/resource/entity/NzKAHEAzZI3A_BMBevdF8g) - Board Member
- [Pierre André de Chalendar](https://graph.sayari.com/resource/entity/w6Tb7i4wWny8GQIfyIra6A) - Board Member
- [Laurence Parisot](https://graph.sayari.com/resource/entity/lRLsuoaTNRhfy1wniVXNKQ) - Board Member
- [Valérie Jeanne Chort](https://graph.sayari.com/resource/entity/yblesCECmonHveGoorsAlg) - Board Member
- [Nicolas Eric Paul Peter](https://graph.sayari.com/resource/entity/nYQiqC4hLP5uMlocj7PaRg) - Board Member
- [Bertrand Paul Christian Philippe De Mazières](https://graph.sayari.com/resource/entity/ObqIAKsuM7XWWFSrt6_eSg) - Board Member

And additional board members including Baudouin Prot, François Grappotte, Christophe Jacquin De Margerie, Emiel Van Broekhoven, Thierry Mouchard, Meglena Kuneva, Michel Pébereau, Claude Bébéar, Hélène Ploix, Jean-Louis Beffa, Patrick Auguste, Jean-Marie Gianno, Alain Joly, Louis Schweitzer, Suzanne Berger Keniston, and others.

### Directors
The database shows [BNP Paribas](https://graph.sayari.com/resource/entity/ELeoVQ9LHMxaqQCW6lhBvg) has 38 directors, including:

- [Michel Tilmant](https://graph.sayari.com/resource/entity/H1ZHiisYOFK6eNLC9aUKCA) - Director
- [Pierre Bouchara](https://graph.sayari.com/resource/entity/nH6QxJoyXkL3tUZ5GxWQ4g) - Director
- [Juliette Brisac](https://graph.sayari.com/resource/entity/U3sUozcnLi9-LdrEalBrAQ) - Director
- [Jonathan Banks](https://graph.sayari.com/resource/entity/HqgArT6HieQlhN9ItuI5LA) - Director
- [Lieve Logghe](https://graph.sayari.com/resource/entity/A1_xyeKcpuqsyzHrBMbj_w) - Director
- [Christian Maurice Noyer](https://graph.sayari.com/resource/entity/CgqiXVcRIWzpE9L8I2qu3g) - Director
- [Paul Gennart](https://graph.sayari.com/resource/entity/YD64dUGPPPuGncSwc_3G2Q) - Director
- [Didier Beauvois](https://graph.sayari.com/resource/entity/ufSaYlBGRyjU8iSgx30huw) - Director
- [Yann Nicolas Gerardin](https://graph.sayari.com/resource/entity/4D5oK58aS_RjbSUWTm3u8Q) - Director
- [Jacques André Aschenbroich](https://graph.sayari.com/resource/entity/VweELelA_UpOpUH61qzaWA) - Director
- [Philippe Jean Bordenave](https://graph.sayari.com/resource/entity/NxDMRq0jJZsdYb82NA8gpA) - Director
- [Jeffrey J Orr](https://graph.sayari.com/resource/entity/pgUw9SsrzdYwt36UyhrmTA) - Director
- [Joshua Leventhal](https://graph.sayari.com/resource/entity/ldwMCLUJynzcOzpjPvKRVg) - Director
- [Thierry Laborde](https://graph.sayari.com/resource/entity/DCnAX3a8FA0fTP8j7o7yGw) - Director
- [Didier Lannoy](https://graph.sayari.com/resource/entity/7aJWR8NZrivnFw_qgiYafg) - Director
- [Thierry Alain Pierre Laborde](https://graph.sayari.com/resource/entity/fg-6e4XmVYx9SdlJstDDng) - Director
- [Marc Van Hove](https://graph.sayari.com/resource/entity/Yc-WpgWZOPYuw1_wwcrf7A) - Director
- [Monique Ayache](https://graph.sayari.com/resource/entity/PHABtXMALFZdhFiIegaSdQ) - Director
- [Guillaume Poupard](https://graph.sayari.com/resource/entity/0EhRoWmgAV5iVkkgBfYm_Q) - Director

And additional directors including Nicolas Eric Peter, Vanessa Séverine Le Poultier, Anna Maria Straathof, Hugues Gille Epaillard, Marion Denise Guillou, François Villeroy De Galhau, Jean Clamon, Louis Marie André Georges Chodron De Courcel, Jean François René Montegut, Daniela Carolin Schwarzer, Bertrand Paul De Mazières, Lieve Maria Logghe, Marie-Christine Michele Lombard, Jeffrey Joseph Orr, and Juliette Mélanie Brisac.

### Officers
The database shows [BNP Paribas](https://graph.sayari.com/resource/entity/ELeoVQ9LHMxaqQCW6lhBvg) has 10 officers, including:

- [Antoine Gustin](https://graph.sayari.com/resource/entity/ukaW1uCTktZo8CN9a3vFsA) - Officer
- [Chris Curreri](https://graph.sayari.com/resource/entity/uz1t5-As6JFQdO0nPAXGkQ) - Officer
- [Jonathan Banks](https://graph.sayari.com/resource/entity/lwBea0IU_6sKiqMtyMRHIw) - Officer (Director title)
- [Chris Fukuoka](https://graph.sayari.com/resource/entity/ck5j3Iy9ziA6Tc9zSqxC5g) - Officer
- [Chris Fukuoka](https://graph.sayari.com/resource/entity/PxK2T4s97wLOmSMg6q5R6g) - Officer (Vice President title)

## Important Limitations

**The Sayari database does not contain detailed information about the specific responsibilities of each leadership member.** The data shows:
- Names and positions (Board Member, Director, Officer)
- Geographic locations (primarily France, Belgium, USA, Australia)
- Risk indicators (PEP status, regulatory connections)
- Relationships to the organization

However, it does **not** include:
- Job descriptions or functional responsibilities
- Reporting structures
- Areas of oversight (e.g., finance, operations, risk management)
- Committee memberships or specialized roles
- Day-to-day duties or strategic responsibilities

To obtain detailed information about each leader's specific responsibilities, you would need to consult:
- BNP Paribas's official corporate governance documents
- Annual reports and proxy statements
- The company's investor relations materials
- Official board committee charters
- Executive biographies on the company website",True,2,1,3,2,1.85,False,False,General Management structure (CEO plus two COOs and three Deputy COOs); Executive Committee composition (General Management plus 14 other members); specific roles: Jean-Laurent Bonnafé as CEO; Yann Gérardin as COO for CIB; Thierry Laborde as COO for CPBS; Lars Machenil as CFO; Frank Roncey as CRO,"Jean-Laurent Bonnafé identified only as Board Member, not as CEO; Yann Gérardin identified only as Director, not as COO; Thierry Laborde identified only as Director, not as COO",,NOT_ACCEPTABLE,"The reference contains zero high-impact findings (no sanctions, PEP status relevant to the question, litigation, adverse media, UBO, or adverse relationships), so critical_omission remains false despite the answer's severe deficiencies. The actual answer completely fails to address the reference's core content: it does not mention the General Management structure, the Executive Committee, or the specific C-suite roles (CEO, COOs, CFO, CRO). While it lists Jean-Laurent Bonnafé, Yann Gérardin, and Thierry Laborde, it misidentifies their roles as generic board member/director rather than their executive positions. Completeness scores 1 because the answer does not engage with the reference's subject matter (executive leadership structure and responsibilities). Factual_accuracy scores 2 for the role misidentifications. Traceability scores 3 because the answer cites its Sayari database source but acknowledges it lacks the requested information. Relevance_clarity scores 2 because while the answer attempts to address leadership, it provides board/director lists instead of the executive management structure requested.",No cubierta,"The expected answer describes BNP Paribas's General Management structure (CEO plus two COOs and three Deputy COOs), the Executive Committee composition (General Management plus 14 other members), and names specific leaders with their roles (Jean-Laurent Bonnafé as CEO, Yann Gérardin and Thierry Laborde as COOs, Lars Machenil as CFO, Frank Roncey as CRO). The raw tool output contains only entity search results, entity profiles with relationship data, and network traversal showing directors/officers, but does not contain any information about the organizational structure of General Management, the Executive Committee, or the specific named leaders and their responsibilities.",Parcial,"The text_to_score identifies Jean-Laurent Bonnafé as a board member and lists Yann Gérardin and Thierry Laborde as directors, matching some key names from expected_answer. However, it does not identify the General Management structure (CEO, COOs, Deputy COOs), the Executive Committee composition, or the specific functional responsibilities (CIB, CPBS, CFO, CRO) that are central to the expected answer.",False
sayari,20,What is the average CET1 capital ratio and NPL ratio of EU banks in the latest quarter?,EBA (Risk Dashboard),"Recognised source: EBA Risk Dashboard – Data Annex Q1 2026 (.xlsx), tab ""Exposures and NPLs by Sector_1"" (Non-trading loans and advances to non-financial corporations by sector). Columns [lbl][Period][NSA][Custom][Value]. E.g. series lbl=T2410 · NSA=AT · Custom=""J Information and communication"": 202509→0.0213; 202512→0.0208; 202603→0.0215.","I was unable to find information about the average CET1 (Common Equity Tier 1) capital ratio and NPL (Non-Performing Loan) ratio of EU banks in the latest quarter within Sayari's database.

Sayari's platform specializes in corporate ownership structures, trade relationships, sanctions screening, and beneficial ownership tracing based on public records such as company registries, trade data, and regulatory filings. It does not appear to contain aggregated banking sector financial metrics like CET1 capital ratios or NPL ratios, which are typically published by banking regulators such as the European Banking Authority (EBA) or the European Central Bank (ECB).

For this type of financial data on EU banks, you would need to consult:
- European Banking Authority (EBA) reports and risk dashboards
- European Central Bank (ECB) supervisory statistics
- Individual bank financial statements and regulatory disclosures
- Financial data providers that specialize in banking sector metrics",True,5,1,1,1,2.4,False,False,Average CET1 capital ratio of EU banks in the latest quarter; NPL ratio of EU banks in the latest quarter,,,NOT_ACCEPTABLE,"The reference answer contains no high-impact findings from the six categories (sanctions, PEP, litigation, adverse media, beneficial ownership, adverse risk relationship); it contains only banking sector statistics (NPL data by sector), so critical_omission remains false. The actual answer is a 'no data available' disclaimer that does not address the reference content at all, earning completeness=1 and relevance_clarity=1. Traceability=1 because no source data is provided. Factual_accuracy=5 because the actual answer makes no incorrect factual claims—it accurately states Sayari does not contain this data and correctly directs to EBA/ECB as appropriate sources.",No cubierta,"The question asks for average CET1 capital ratio and NPL ratio of EU banks in the latest quarter. The text_to_score contains only empty search_entities tool results with no data returned, and does not provide any CET1 capital ratio, NPL ratio, or reference to EBA Risk Dashboard data.",No cubierta,"The question asks for two specific financial metrics (average CET1 capital ratio and NPL ratio) for EU banks in the latest quarter. The text_to_score explicitly states it was unable to find this information and does not provide either metric, instead explaining why the data is unavailable in the queried system.",False
sayari,22,What capital and liquidity (LCR) levels do significant institutions supervised by the ECB report?,ECB (Banking Supervision),Source: ECB Supervisory Banking Statistics (significant institutions). Q3 2025: aggregate CET1 16.10% (Q2 2025: 16.12%; a year earlier: 15.73%); total capital 20.24%; annualised RoE 9.88%.,"I was unable to find information about capital and liquidity coverage ratio (LCR) levels reported by significant institutions supervised by the ECB in the Sayari database. 

The searches I conducted for ECB banking supervision, capital requirements, and European bank regulatory metrics did not return any results. This type of aggregate regulatory reporting data about ECB-supervised institutions does not appear to be available in Sayari's knowledge graph, which primarily focuses on corporate entities, their relationships, ownership structures, trade data, and risk factors rather than aggregated banking supervision statistics or regulatory capital metrics.",True,5,1,5,1,3.2,False,False,CET1 ratio 16.10% (Q3 2025); total capital ratio 20.24%; annualized RoE 9.88%; historical comparisons Q2 2025 CET1 16.12% and year-earlier 15.73%,,,NOT_ACCEPTABLE,"The reference answer contains regulatory capital and profitability statistics (CET1, total capital, RoE) for ECB-supervised significant institutions -- none of these are high-impact findings from the six critical categories (sanctions, PEP, litigation, adverse media, beneficial ownership, adverse risk relationships), so critical_omission remains false. The actual answer is a 'no data available' disclaimer that does not address any of the reference content, earning completeness and relevance_clarity scores of 1. However, it makes no factual errors (the statement about Sayari's database limitations is plausible and not contradicted) and clearly traces its non-answer to the Sayari database scope, so factual_accuracy and traceability remain high despite the complete failure to answer the question.",No cubierta,"The expected answer provides specific capital and liquidity metrics for ECB-supervised significant institutions (CET1 ratio, total capital ratio, LCR, and RoE with specific percentages and time periods). The text_to_score contains only empty search results from an entity search tool with no banking statistics or regulatory capital data whatsoever.",No cubierta,"The text_to_score explicitly states that the requested information was not found and is unavailable in the database searched. None of the specific capital ratios (CET1 16.10%, total capital 20.24%) or liquidity metrics (LCR levels, RoE 9.88%) from the expected answer are present.",False
sayari,24,"What has been the trend of Spain's GDP, inflation (HICP) and unemployment in recent years?",Eurostat,"Source: Eurostat prc_hicp_aind (HICP, annual rate). Spain: 2025-09=3.0%; 2025-10=3.2%; 2025-11=3.2%; 2025-12=3.0% (euro area 2025-12=1.9%). [GDP: Eurostat tec00115, annual volume change].","I appreciate your question about Spain's economic indicators, but I need to clarify the scope of my capabilities. I am the Sayari vendor agent, and I have access specifically to Sayari's tools, which focus on:

- **Corporate and entity data** (company registrations, ownership structures, beneficial owners)
- **Trade and supply chain data** (shipments, suppliers, buyers, HS codes)
- **Risk screening** (sanctions, PEPs, regulatory actions)
- **Relationship mapping** (corporate networks, connections between entities)
- **Public records** from business registries and trade databases

I do **not** have access to macroeconomic statistics like GDP, inflation rates (HICP), or unemployment figures. These types of data are typically available from:

- **Eurostat** (for EU countries including Spain)
- **INE (Instituto Nacional de Estadística)** - Spain's national statistics office
- **IMF, World Bank, or OECD** databases
- **Central banks** (Bank of Spain, European Central Bank)

If you have questions about Spanish companies, their ownership structures, trade relationships, supply chains, or need to screen Spanish entities for compliance risks, I would be well-equipped to help with those inquiries using Sayari's tools.

Is there anything related to corporate entities, trade data, or business relationships in Spain that I can help you investigate?",True,5,1,5,1,3.2,False,False,"Spain HICP inflation rates for 2025-09 through 2025-12 (3.0%, 3.2%, 3.2%, 3.0%); euro area 2025-12 inflation rate (1.9%); GDP annual volume change data; unemployment trend data",,,NOT_ACCEPTABLE,"The reference answer contains macroeconomic statistics (HICP inflation rates, GDP, unemployment trends) from Eurostat -- none of which fall into the six high-impact finding categories (sanction, PEP, litigation, adverse media, beneficial ownership, adverse risk relationship), so critical_omission remains false regardless of answer quality. The actual answer does not provide any of the requested economic data, instead explaining that the Sayari system lacks access to macroeconomic statistics and correctly identifying alternative sources like Eurostat and INE. Completeness scores 1 because the answer does not address the reference content at all. Relevance_clarity scores 1 because the response is entirely off-topic relative to the reference's subject matter. Factual_accuracy and traceability score 5 because the system's statements about its own capabilities and the correct sources for such data (Eurostat, INE, etc.) are accurate and properly attributed.",No cubierta,"The text_to_score contains only a tool validation message with no actual data about Spain's GDP, inflation (HICP), or unemployment trends. None of the requested economic indicators or their values are present.",No cubierta,"The text_to_score is an explanation of why the agent cannot provide the requested information, rather than containing the substance of the expected answer. None of the specific economic data requested (GDP trends, HICP inflation rates, or unemployment figures for Spain) are present in the text.",False
sayari,26,What is the ECB's official interest rate and the latest M3 monetary aggregate?,ECB / EBA (Data Portal),Source: ECB Data Portal. MRR (main refinancing operations) = 2.40% and DFR (deposit facility) = 2.25% as of 2026-06-30. Euro area HICP (ICP) Dec-2025 = 1.9%.,"I don't have access to tools that can retrieve current European Central Bank (ECB) interest rates or M3 monetary aggregate data. 

The tools available to me are specifically designed for:
- Searching and analyzing corporate entities, ownership structures, and business relationships
- Trade and supply chain data (shipments, suppliers, buyers)
- Sanctions screening and PEP (Politically Exposed Persons) checks
- Corporate registry information and beneficial ownership tracing

For current ECB monetary policy data like official interest rates and M3 monetary aggregates, you would need to:
1. Visit the ECB's official website (ecb.europa.eu)
2. Check their statistical data warehouse
3. Consult financial data providers like Bloomberg, Reuters, or central bank databases

Is there anything related to corporate entities, trade relationships, or business intelligence that I can help you with instead?",True,5,1,1,1,2.4,False,False,MRR (main refinancing operations) = 2.40%; DFR (deposit facility) = 2.25% as of 2026-06-30; Euro area HICP (ICP) Dec-2025 = 1.9%; M3 monetary aggregate data,,,NOT_ACCEPTABLE,"The reference answer contains no high-impact findings from the six categories (sanction, PEP, litigation, adverse media, beneficial ownership, adverse risk relationship) -- it contains only macroeconomic statistics (interest rates and inflation data). Therefore critical_omission remains false despite the actual answer's complete failure to provide the requested information. The actual answer is a capability disclaimer that provides zero factual content about ECB rates or M3 aggregates, scoring 1 on completeness, traceability, and relevance_clarity. Factual_accuracy scores 5 because the system makes no incorrect factual claims -- it simply declines to answer.",No cubierta,"The text_to_score contains only a tool validation message with no substantive content about ECB interest rates or M3 monetary aggregates. None of the requested information (MRR rate, DFR rate, or monetary data) is present.",No cubierta,"The text_to_score explicitly states the agent cannot retrieve the requested information and provides no ECB interest rates or M3 monetary aggregate data. The expected_answer contains specific data points (MRR rate, DFR rate, and HICP), none of which appear in the text_to_score.",False
sayari,29,How have the federal funds rate and the US unemployment rate evolved over the last 24 months?,Fed (FRED),Source: FRED. EFFR (Effective Federal Funds Rate) = 3.63% (2026-06-26). UNRATE (unemployment) = 4.3% (May-2026; Apr 4.3; Mar 4.3; Feb 4.4; Jan 4.3).,"I appreciate your question, but I need to clarify the scope of my capabilities. I am the Sayari vendor agent, and I have access only to Sayari's tools, which focus on:

- **Entity information**: Companies, people, and organizations in Sayari's global knowledge graph
- **Corporate relationships**: Ownership structures, beneficial owners, subsidiaries, officers, and directors
- **Trade data**: Shipments, suppliers, buyers, and supply chain relationships
- **Risk screening**: Sanctions, politically exposed persons (PEPs), and regulatory actions
- **Business registries**: Company registrations, identifiers, addresses, and corporate filings

I do **not** have access to macroeconomic data sources, financial market data, or tools that track:
- Federal funds rates
- Unemployment statistics
- Economic indicators
- Central bank policy data

To answer your question about the federal funds rate and US unemployment rate over the last 24 months, you would need to consult:
- The **Federal Reserve Economic Data (FRED)** database
- The **U.S. Bureau of Labor Statistics** website
- Financial data providers like Bloomberg, Reuters, or similar services

Is there anything related to corporate entities, supply chains, ownership structures, or business relationships that I can help you investigate using Sayari's data?",True,5,1,1,1,2.4,False,False,EFFR (Effective Federal Funds Rate) = 3.63% (2026-06-26); UNRATE (unemployment) = 4.3% (May-2026; Apr 4.3; Mar 4.3; Feb 4.4; Jan 4.3),,,NOT_ACCEPTABLE,"The reference answer contains macroeconomic statistics (federal funds rate and unemployment rate) but no high-impact findings from the six categories (sanction, PEP, litigation, adverse media, beneficial ownership, adverse risk relationship), so critical_omission remains false. The actual answer does not provide any of the requested data about federal funds rate or unemployment evolution; instead, it explains that Sayari's tools do not cover macroeconomic data and redirects to appropriate sources like FRED. Completeness scores 1 because it fails to address the reference content at all. Traceability scores 1 because no data from the reference source is provided. Relevance_clarity scores 1 because the response does not engage with the question's subject matter. Factual_accuracy scores 5 because the system makes no incorrect factual claims—it accurately describes its own limitations.",No cubierta,"The expected answer contains specific data about the federal funds rate (EFFR = 3.63% as of 2026-06-26) and unemployment rate (UNRATE = 4.3% for May 2026 with historical monthly values). The text_to_score only shows a tool validation message with no actual rate data, historical trends, or any substantive information about either economic indicator.",No cubierta,"The text_to_score does not contain any of the requested macroeconomic data. Instead of providing the federal funds rate evolution and unemployment rate trends over 24 months, it explains why the agent cannot answer the question due to lack of access to such data sources.",False
sayari,30,What is the aggregate credit exposure of the financial system in Brazil for the period?,BACEN (SGS),"Source: BACEN SGS (API). Series 20539 (Total credit portfolio balance, R$ MM): 01/2026=7,123,926; 02/2026=7,151,082; 03/2026=7,221,534; 04/2026=7,245,265. Series 433 (IPCA % monthly): 05/2026=0.58.","I need to clarify what you're asking about to provide an accurate answer. Your question about ""aggregate credit exposure of the financial system in Brazil for the period"" is not something I can answer using the Sayari tools available to me.

Sayari specializes in:
- Corporate entity data and relationships
- Beneficial ownership structures
- Trade and supply chain data
- Sanctions and PEP screening
- Company registries and public records

However, Sayari does not provide:
- Macroeconomic financial statistics
- Banking system aggregate data
- National credit exposure figures
- Financial system-wide metrics

If you're looking for information about:

1. **Specific Brazilian companies or financial institutions** - I can search for entities, their ownership structures, relationships, and risk factors
2. **Trade relationships involving Brazilian entities** - I can analyze import/export data
3. **Corporate credit relationships between specific entities** - I can explore business relationships in the knowledge graph

Could you clarify if you're actually looking for information about:
- A specific Brazilian financial institution or company?
- Trade credit exposure between specific trading partners?
- Corporate ownership or relationships in Brazil's financial sector?

Please provide more details about what specific entities or relationships you'd like me to investigate, and I'll be happy to help using the available Sayari data.",True,5,1,1,1,2.4,False,False,"Total credit portfolio balance for 01/2026=7,123,926; 02/2026=7,151,082; 03/2026=7,221,534; 04/2026=7,245,265 (Series 20539, R$ MM); IPCA monthly percentage for 05/2026=0.58 (Series 433); source identification as BACEN SGS API",,,NOT_ACCEPTABLE,"The reference answer contains macroeconomic credit statistics from BACEN SGS, not any of the six high-impact finding categories (sanctions, PEP, litigation, adverse media, beneficial ownership, adverse risk relationships), so critical_omission remains false. The actual answer does not provide any of the requested data; instead, it explains that Sayari tools cannot access such macroeconomic statistics and offers to help with alternative queries about specific entities. While factually accurate about Sayari's capabilities, it completely fails to address the reference content, earning 1 for completeness, traceability, and relevance_clarity. No fabricated facts are present.",No cubierta,"The expected answer requires specific data series from BACEN SGS including credit portfolio balances for multiple months and IPCA percentage. The text_to_score only contains a tool validation message with no substantive data about credit exposure, time series values, or any financial metrics.",No cubierta,"The text_to_score is a clarifying response explaining why the agent cannot answer the question using available tools. It contains none of the requested substance: no credit portfolio data, no BACEN SGS series numbers, no monetary values, and no IPCA figures.",False
sayari,32,Does a company (CNPJ) have registered tax debt or insolvency status in the Union's active-debt registry?,Dívida Ativa (PGFN),"Point query by CNPJ at listadevedores.pgfn.gov.br (not a time series): returns name/business name, CPF/CNPJ, consolidated amount and type of registration. No open public API (web search).","I'd be happy to help you check if a company has registered tax debt or insolvency status in Brazil's active-debt registry. However, I need some specific information to proceed:

1. **CNPJ number**: What is the CNPJ (Cadastro Nacional da Pessoa Jurídica) number of the company you want to check? This is Brazil's federal tax identification number for legal entities.

2. **Company name** (optional but helpful): If you have the company name, that can help me locate the correct entity in the system.

Once you provide the CNPJ or company name, I can search for the entity in Sayari's database and check for any available information about tax debt, insolvency status, or regulatory actions that might be recorded in public registries.",True,3,1,1,2,1.8,False,False,"Point query by CNPJ at listadevedores.pgfn.gov.br; returns name/business name, CPF/CNPJ, consolidated amount and type of registration; no open public API available",,,NOT_ACCEPTABLE,"The reference answer describes a specific technical method to check the PGFN active-debt registry: a point query at listadevedores.pgfn.gov.br that returns specific fields (name, CNPJ, consolidated amount, registration type) with no public API. The actual answer completely fails to provide this information, instead offering to search 'Sayari's database' (a different system entirely) and requesting the CNPJ as input. While the actual answer correctly understands what CNPJ is and the general topic of tax debt checking, it provides none of the reference's substantive content about the actual data source, query method, or returned fields. Completeness scores 1 because it does not address the reference content at all. Traceability scores 1 because it references an unrelated proprietary database rather than the PGFN source. Relevance_clarity scores 2 because while it stays on the general topic of checking tax debt, it diverges to offer a different service rather than answering the question about the Union's registry. No high-impact findings (sanctions, PEP, litigation, adverse media, UBO, adverse relationships) exist in the reference, so critical_omission remains false.",No cubierta,"The expected answer requires specific information about querying CNPJ at listadevedores.pgfn.gov.br, including what data is returned (name/business name, CPF/CNPJ, consolidated amount, type of registration) and clarification that it's a point query with no open public API. The text_to_score only contains a generic tool validation message with no substantive content about the tax debt registry query.",No cubierta,"The expected answer describes a specific data source (listadevedores.pgfn.gov.br), the query method (point query by CNPJ), the data fields returned (name, CPF/CNPJ, consolidated amount, type of registration), and notes the absence of a public API. The text_to_score is a clarifying question asking for the CNPJ number to perform a search, but contains none of the substantive information about the registry, how to query it, or what data it returns.",False
sayari,33,What is a company's tax-compliance status (CNPJ) and address/activity verification in Brazil?,Receita Federal (CNPJ),"Point query by CNPJ. Real e.g. (Receita Federal via BrasilAPI) CNPJ 18.236.120/0001-58 → 'NU PAGAMENTOS S.A. - INSTITUIÇÃO DE PAGAMENTO', registration status ACTIVE, CNAE 'Other auxiliary activities of financial services', São Paulo/SP.","## CNPJ Tax-Compliance Status and Address/Activity Verification in Brazil

### What is CNPJ?

**CNPJ (Cadastro Nacional da Pessoa Jurídica)** is Brazil's **corporate identification number** and primary tax registration identifier for legal entities. According to Sayari's identifier ontology, the CNPJ is:

- **Format**: XX.XXX.XXX/XXXX-XX (14 digits with specific formatting)
- **Purpose**: Brazilian corporate ID number used for tax compliance and business registration
- **Issuer**: Brazilian Federal Revenue Service (Receita Federal)
- **Scope**: Required for all legal entities conducting business in Brazil

### Tax-Compliance Status

The CNPJ serves as the foundation for a company's **tax-compliance status** in Brazil:

1. **Registration Status**: Indicates whether a company is actively registered with the Federal Revenue Service
2. **Tax Standing**: Shows if the entity is current with federal tax obligations
3. **Operational Status**: Reflects whether the company is authorized to conduct business activities

Companies must maintain an active CNPJ to:
- Issue invoices (notas fiscais)
- Open business bank accounts
- Enter into contracts
- Import/export goods
- Hire employees legally

### Address and Activity Verification

The CNPJ registration system includes comprehensive business information:

**Address Verification:**
- Legal/registered address (endereço)
- Physical location of business operations
- Branch locations (if applicable)

**Activity Verification:**
- Primary economic activity (CNAE - Classificação Nacional de Atividades Econômicas)
- Secondary activities
- Business type and legal structure
- Date of incorporation/registration

### Related Brazilian Identifiers

Sayari's data also tracks other Brazilian business identifiers:

- **CPF (Cadastro de Pessoas Físicas)**: Individual taxpayer number (format: XXX.XXX.XXX-XX)
- **RG Number**: Individual identity document
- **Case Numbers**: For litigation and legal proceedings
- **State Registration Numbers**: For state-level tax compliance

### Verification Importance

CNPJ verification is critical for:
- **Due diligence**: Confirming a company's legal existence and good standing
- **Compliance screening**: Ensuring business partners are properly registered
- **Risk assessment**: Identifying inactive or non-compliant entities
- **Supply chain transparency**: Validating supplier and customer legitimacy",True,5,1,2,2,2.7,False,False,Specific CNPJ example (18.236.120/0001-58 NU PAGAMENTOS S.A.); registration status ACTIVE; CNAE classification 'Other auxiliary activities of financial services'; location São Paulo/SP,,,NOT_ACCEPTABLE,"The reference answer requires a point query demonstration using CNPJ 18.236.120/0001-58, showing NU PAGAMENTOS S.A. with ACTIVE status, specific CNAE activity, and São Paulo location. The actual answer provides only generic background information about what CNPJ is and its purpose, without performing or presenting any actual verification query or concrete example. Completeness scores 1 because it fails to address the reference's core requirement of demonstrating an actual lookup. Traceability scores 2 because while it mentions Receita Federal as the issuer, it does not reference BrasilAPI or show any actual data retrieval. Relevance_clarity scores 2 because the lengthy generic explanation obscures the fact that no actual verification was performed as requested.",Parcial,"The tool outputs show an ontology lookup returning CNPJ as 'Brazil CNPJ' (bra_cnpj) with the correct format pattern, but no actual data source query was performed to retrieve a real company example with registration status, CNAE code, or location. The expected answer requires a concrete point query result (e.g., NU PAGAMENTOS S.A. with ACTIVE status, CNAE activity, São Paulo/SP), but only the identifier type definition was found.",No cubierta,"The expected answer requests a concrete point query example showing how to look up a specific CNPJ and what data is returned (registration status, CNAE code, location). The text_to_score provides only general explanatory information about what CNPJ is and what types of data it contains, but does not demonstrate the actual query method or provide a real example lookup.",True
sayari,35,What are the latest filings and capital changes of a company at the São Paulo commercial registry (JUCESP)?,JUCESP,Point query by company at jucesponline.sp.gov.br (requires registration/login; no public API). Returns registered corporate acts and their dates; not a time series.,"I'll help you find information about filings and capital changes from the São Paulo commercial registry (JUCESP). However, I need you to provide the specific company name or identifier so I can search for it.

Could you please provide:
- The company name (razão social or nome empresarial), or
- A registration number (CNPJ), or
- Any other identifying information for the company you're interested in?

Once you provide this information, I'll be able to search Sayari's database for records from JUCESP and retrieve the latest filings and capital change information for that company.",True,2,1,2,2,1.65,False,False,The reference specifies that JUCESP data is accessed via point query at jucesponline.sp.gov.br requiring registration/login with no public API; returns registered corporate acts and their dates but not as a time series; the actual answer fails to provide any of this procedural information,"The actual answer claims to search 'Sayari's database' for JUCESP records, but the reference indicates JUCESP data comes from jucesponline.sp.gov.br requiring direct registration/login, not through a third-party database",,NOT_ACCEPTABLE,"The reference answer describes the procedural method for accessing JUCESP data (point query at jucesponline.sp.gov.br, requires registration/login, no public API, returns corporate acts and dates). The actual answer completely fails to provide this information, instead asking for company identifiers and claiming it will search 'Sayari's database' -- a claim inconsistent with the reference's description of direct registry access. Completeness scores 1 because the answer does not address the reference content at all, providing only a request for more information. Factual_accuracy scores 2 for the Sayari database claim that contradicts the reference source. No high-impact findings (sanctions, PEP, litigation, adverse media, beneficial ownership, adverse risk relationships) are present in the reference, so critical_omission remains false.",No cubierta,"The expected answer requires specific information about how to query JUCESP (jucesponline.sp.gov.br), that it requires registration/login, has no public API, and returns registered corporate acts with dates. The text_to_score only contains a generic tool validation message with no substantive information about JUCESP filings, capital changes, or how to access them.",No cubierta,"The expected answer describes how to query JUCESP (via jucesponline.sp.gov.br, requires registration/login, returns registered corporate acts and dates, not a time series). The text_to_score is a clarifying question asking for company details but contains none of the substantive information about the JUCESP query process or what it returns.",False
sayari,36,How many new cars were registered in the EU and what is the battery-electric market share in the latest period?,ACEA · ECB (CAR registrations),"Source: ACEA / ECB Data Portal (dataset CAR). EU Jan-May 2026: 4,748,801 registrations (+4.0% YoY); battery-electric 950,521 (20% share). May 2026: EU 955,013 (+3.2%); BEV 203,417.","I don't have access to tools that can answer questions about EU car registration statistics or battery-electric vehicle market share data. The tools available to me are focused on:

- Corporate entity information and relationships
- Beneficial ownership structures
- Trade and supply chain data
- Sanctions and compliance screening
- Business registries and public records

Your question requires access to automotive industry statistics, market research data, or official EU transportation/registration databases, which are outside the scope of the Sayari platform tools I have available.

To find this information, I'd recommend checking:
- European Automobile Manufacturers' Association (ACEA) reports
- European Environment Agency (EEA) statistics
- Official EU transport statistics databases
- Automotive industry market research reports

Is there anything related to corporate entities, supply chains, or business relationships that I can help you investigate instead?",True,5,1,1,1,2.4,False,False,"EU Jan-May 2026: 4,748,801 registrations (+4.0% YoY); battery-electric 950,521 (20% share); May 2026: EU 955,013 (+3.2%); BEV 203,417",,,NOT_ACCEPTABLE,"The reference answer contains automotive market statistics (registration numbers and BEV market share) but no high-impact findings from the six categories (sanction, PEP, litigation, adverse media, beneficial ownership, adverse risk relationship), so critical_omission remains false. The actual answer is a complete non-answer that declines to provide any of the requested data, instead explaining tool limitations and suggesting alternative sources. This results in a completeness score of 1 (does not address the reference content at all), traceability score of 1 (provides no data or source attribution for the requested statistics), and relevance_clarity score of 1 (does not engage with the subject matter). Factual_accuracy scores 5 because the system made no factual claims that could be incorrect—it simply stated it lacks access to the required data.",No cubierta,"The text_to_score contains only a tool validation message with no substantive content about EU car registrations, battery-electric market share, or any statistical data. None of the requested information elements are present.",No cubierta,"The text_to_score is a clarifying response explaining that the agent cannot access the requested data. None of the substantive information from expected_answer is present: no registration numbers, no year-over-year growth figures, no battery-electric vehicle counts, and no market share percentages.",False
sayari,37,What are the competitor's (Nubank) annual revenue and net income from its financial filings?,SEC EDGAR (Nu Holdings),"Source: SEC EDGAR CompanyFacts API (CIK 0001691493, ifrs-full). Revenue (USD): 2022=4,792.2M; 2023=8,029.0M; 2024=11,517.1M. Net income (ProfitLoss): 2022=−364.6M; 2023=1,030.5M; 2024=1,972.1M.","Based on my search of Sayari's database, I found [Nu Holdings Ltd.](_axF61iGuHmT9vwA9p_9sw) (the parent company of Nubank), which is registered in the Cayman Islands with operations in Brazil and the United States. The entity has a USA SEC CIK number (0001691493) and LEI (5493002DG1RHWK9W2X27), indicating it is a publicly traded company.

However, **Sayari's database does not contain specific annual revenue or net income figures from financial filings**. The profile includes:

- **Entity Information**: Nu Holdings Ltd. is classified as a finance services company in the ""Nondepository credit institutions"" sector
- **Registration**: Incorporated in 2016
- **Addresses**: Operations in São Paulo, Brazil and Durham, North Carolina, USA
- **Public Filings**: The company has SEC filings (Form 20-F) and beneficial ownership reports available through the USA SEC

**To obtain Nubank's annual revenue and net income**, you would need to:
1. Access their SEC filings directly (10-K or 20-F annual reports) through the SEC EDGAR database using CIK number 0001691493
2. Review their investor relations materials
3. Check financial data providers like Bloomberg, FactSet, or their official earnings releases

Sayari's platform focuses on corporate ownership structures, relationships, and risk intelligence rather than detailed financial statement data.",True,5,1,4,3,3.2,False,False,"Revenue (USD): 2022=4,792.2M; 2023=8,029.0M; 2024=11,517.1M; Net income (ProfitLoss): 2022=−364.6M; 2023=1,030.5M; 2024=2,972.1M",,,NOT_ACCEPTABLE,"The reference answer contains no high-impact findings (sanctions, PEP, litigation, adverse media, beneficial ownership, or adverse risk relationships), only financial metrics, so critical_omission remains false despite the answer's failure to provide the requested data. The actual answer correctly identifies Nu Holdings, its CIK number (0001691493), and SEC filing requirements, earning full factual_accuracy. However, it completely fails to provide the core requested information—annual revenue and net income figures—instead stating the database does not contain this data, resulting in completeness score of 1. Traceability is strong (score 4) as it correctly points to SEC EDGAR and the CIK number. Relevance_clarity scores 3 because while the answer acknowledges the question and provides context about where to find the data, it includes substantial tangential information (entity classification, addresses, incorporation date) and ultimately does not answer the question asked.",No cubierta,"The expected answer requires annual revenue and net income figures from SEC EDGAR filings for Nubank (CIK 0001691493) for years 2022-2024. The tool output contains entity search results and profile information for Nu Holdings Ltd. (which includes SEC CIK 0001691493), but does not contain any financial figures such as revenue or net income amounts for any year.",No cubierta,"The text_to_score explicitly states that Sayari's database does not contain the requested financial figures (annual revenue and net income). While it correctly identifies the company and CIK number, it provides no revenue or net income data for any year, which are the core elements requested.",False
sayari,39,"What are market earnings by occupation, including managers, for senior-role benchmarking?",Eurostat (Earnings Survey),"Source: Eurostat Structure of Earnings Survey 2022 (earn_ses_pub2s). Median gross hourly earnings (PPS) by country, Oct 2022: Denmark 22.4; Belgium 21.3; Luxembourg 18.4; Germany 17.3; Ireland 17.0; lowest Bulgaria 6.7; Portugal 7.4.","I appreciate your question, but I need to clarify what I can help you with. I'm the Sayari vendor agent, and I have access to tools that search Sayari's global knowledge graph of corporate entities, trade data, ownership structures, and compliance information.

Your question about market earnings by occupation and senior-role benchmarking appears to be asking for labor market statistics, salary benchmarking data, or human resources compensation information. This type of data is outside the scope of what Sayari's tools provide.

Sayari specializes in:
- Corporate entity information (companies, their officers, shareholders)
- Ownership structures and beneficial ownership
- Trade and supply chain data
- Sanctions and PEP screening
- Corporate relationships and networks
- Business registrations and identifiers

I don't have access to tools that provide:
- Salary or compensation data
- Labor market statistics
- Occupational earnings benchmarks
- HR or workforce analytics

If you have questions about corporate entities, supply chains, ownership structures, or compliance screening, I'd be happy to help with those using Sayari's tools. Otherwise, you might want to consult sources like the Bureau of Labor Statistics, salary survey providers (e.g., Payscale, Glassdoor), or HR compensation databases for the information you're seeking.",True,5,1,1,1,2.4,False,False,Eurostat Structure of Earnings Survey 2022 data; median gross hourly earnings (PPS) by country for October 2022; Denmark 22.4; Belgium 21.3; Luxembourg 18.4; Germany 17.3; Ireland 17.0; Bulgaria 6.7; Portugal 7.4,,,NOT_ACCEPTABLE,"The reference answer contains labor market statistics (median earnings by country) from Eurostat, which are not high-impact findings in any of the six critical categories (sanction, PEP, litigation, adverse media, beneficial ownership, adverse risk relationship), so critical_omission remains false. The actual answer does not provide any of the requested earnings data, instead explaining that Sayari does not cover labor market statistics—this is a complete failure to address the question's substance, scoring 1 for completeness and relevance_clarity. Traceability scores 1 because no source information from the reference (Eurostat) is provided. Factual_accuracy scores 5 because the system made no incorrect factual claims; it accurately described its own limitations.",No cubierta,"The text_to_score contains only a tool validation message with no substantive content. The expected_answer requires specific market earnings data from Eurostat (median gross hourly earnings by country and occupation), none of which is present in the tool output.",No cubierta,"The expected answer provides specific market earnings data from Eurostat's Structure of Earnings Survey 2022, including median gross hourly earnings by country for managers and senior roles. The text_to_score contains none of this information; instead, it explains that the agent cannot provide labor market statistics and suggests alternative sources.",False
sayari,41,Isabel José dos Santos tem relações com entidades offshore?,ICIJ Offshore Leaks,"Empresas e vínculos encontrados:
ALCEA HOLDING LIMITED
Vínculo: acionista
Constituição: 20 de abril de 2012
Jurisdição: Malta
Fonte: Paradise Papers

KENTO HOLDING LIMITED
Vínculo: acionista
Constituição: 27 de novembro de 2009
Jurisdição: Malta
Fonte: Paradise Papers

WISE INTELLIGENCE SOLUTIONS HOLDING LIMITED
Vínculo: acionista
Constituição: 21 de junho de 2010
Jurisdição: Malta
Fonte: Paradise Papers

WINTERFELL 2 LIMITED
Vínculos: diretora, representante legal e representante judicial
Constituição: 10 de março de 2015
Jurisdição: Malta
Fonte: Paradise Papers

WINTERFELL INDUSTRIES LIMITED
Vínculos: diretora, representante legal e representante judicial
Constituição: 12 de janeiro de 2015
Jurisdição: Malta
Fonte: Paradise Papers

FINISANTORO HOLDING LIMITED
Vínculos: acionista, diretora, representante legal e representante judicial
Constituição: 31 de janeiro de 2014
Jurisdição: Malta
Fonte: Paradise Papers

Endereços associados:
FUTUNFO DE BELAS ZONA 3, BAIRRO FUTUNGO DE BELAS SAMBA LUANDA
BAIRRO MAIANGA RUA NARCISO DO ESPIRITO SANTO, NO.54 LUANDA
RUA DO KUANGO NO. 43, ZONA 3, CONDOMINIO MORRO BENTO, SAMBA
BAIRRO MAIANGA RUA NARCISO DO ESPIRITO SANTO, NO. 54, LUANDA

1. ALCEA HOLDING LIMITED
Tipo de registo: entidade
Jurisdição: Malta
País associado: Malta
Data de constituição: 20 de abril de 2012
Fonte: Paradise Papers, registo societário de Malta
Pessoas e organizações associadas
SINDIKA DOKOLO: acionista.
ISABEL JOSE DOS SANTOS: acionista.
JORGE MANUEL DE BRITO PEREIRA: secretário.
KONEMA MWENENGE: diretor, representante legal e representante judicial.
LEADING EDGE (MALTA) LIMITED: auditor.
Endereço associado
ARAGON HOUSE - BUSINESS CENTRE, DRAGONARA ROAD, ST. JULIANSSTJ3140, MALTA. 
2. KENTO HOLDING LIMITED
Tipo de registo: entidade
Jurisdição: Malta
País associado: Malta
Data de constituição: 27 de novembro de 2009
Fonte: Paradise Papers, registo societário de Malta
Pessoas e organizações associadas
SINDIKA DOKOLO: acionista.
ISABEL JOSE DOS SANTOS: acionista.
JORGE MANUEL DE BRITO PEREIRA: secretário.
MARIO FILIPE MOREIRA LEITE DA SILVA: diretor, representante legal e representante judicial.
JOHN CARBONE: diretor, representante legal e representante judicial.
NOEL BUTTIGIEG SCICLUNA: diretor, representante legal e representante judicial.
PRICEWATERHOUSECOOPERS: auditor.
Endereço associado
ARAGON HOUSE - BUSINESS CENTRE, DRAGONARA ROAD, ST. JULIANSSTJ3140, MALTA. 
3. WISE INTELLIGENCE SOLUTIONS HOLDING LIMITED
Tipo de registo: entidade
Jurisdição: Malta
País associado: Malta
Data de constituição: 21 de junho de 2010
Fonte: Paradise Papers, registo societário de Malta
Pessoas e organizações associadas
SINDIKA DOKOLO: acionista.
ISABEL JOSE DOS SANTOS: acionista.
JORGE MANUEL DE BRITO PEREIRA: secretário.
MARIO FILIPE MOREIRA LEITE DA SILVA: diretor, representante legal e representante judicial.
JOHN CARBONE: diretor, representante legal e representante judicial.
NOEL BUTTIGIEG SCICLUNA: diretor, representante legal e representante judicial.
MERCIECA, AZZOPARDI & CO: auditor.
Endereço associado
ARAGON BUSINESS CENTRE, DRAGONARA ROAD, ST. JULIANSSTJ3140, MALTA. 
4. WINTERFELL 2 LIMITED
Tipo de registo: entidade
Jurisdição: Malta
País associado: Malta
Data de constituição: 10 de março de 2015
Fonte: Paradise Papers, registo societário de Malta
Pessoas e organizações associadas
WINTERFELL INDUSTRIES LIMITED: acionista.
JORGE MANUEL DE BRITIO PEREIRA: secretário.
MARIO FILIPE MOREIRA LEITE DA SILVA: diretor, representante legal e representante judicial.
ISABEL JOSE DOS SANTOS: diretora, representante legal e representante judicial.
NOEL BUTTIGIEG SCICLUNA: diretor, representante legal e representante judicial.
EDWARD CARBONE: diretor, representante legal e representante judicial.
Endereço associado
ARAGON HOUSE - BUSINESS CENTRE, DRAGONARA ROAD, ST. JULIANSSTJ3140, MALTA. 
5. WINTERFELL INDUSTRIES LIMITED
Tipo de registo: entidade
Jurisdição: Malta
País associado: Malta
Data de constituição: 12 de janeiro de 2015
Fonte: Paradise Papers, registo societário de Malta
Pessoas e organizações associadas
NIARA HOLDING, SGPS LDA: acionista.
ENDE-E.P. EMPRESA NACIONAL DE DISTRIBUICAO DE ELECTRICIDADE- EMPRESA PUBLICA: acionista.
JORGE MANUEL DE BRITO PEREIRA: secretário.
MARIO FILIPE MOREIRA LEITE DA SILVA: diretor, representante legal e representante judicial.
ISABEL JOSE DOS SANTOS: diretora, representante legal e representante judicial.
NOEL BUTTIGIEG SCICLUNA: diretor, representante legal e representante judicial.
EDWARD CARBONE: diretor, representante legal e representante judicial.
Endereço associado
ARAGON HOUSE - BUSINESS CENTRE, DRAGONARA ROAD, ST. JULIANSSTJ3140, MALTA.
6. FINISANTORO HOLDING LIMITED
Tipo de registo: entidade
Jurisdição: Malta
País associado: Malta
Data de constituição: 31 de janeiro de 2014
Fonte: Paradise Papers, registo societário de Malta
Pessoas associadas
SINDIKA DOKOLO: acionista.
ISABEL JOSE DOS SANTOS: acionista, diretora, representante legal e representante judicial.
JORGE MANUEL DE BRITO PEREIRA: secretário.
NOEL BUTTIGIEG SCICLUNA: diretor, representante legal e representante judicial.
EDWARD CARBONE: diretor, representante legal e representante judicial.
Endereço associado
ARAGON HOUSE - BUSINESS CENTRE, DRAGONARA ROAD, ST. JULIANSSTJ3140, MALTA.","Sim, Isabel José dos Santos tem extensas relações com entidades offshore. A investigação revela uma complexa rede de empresas offshore, principalmente em jurisdições conhecidas por sigilo financeiro.

## Perfil de Isabel dos Santos

[Isabel DOS SANTOS](https://graph.sayari.com/resource/entity/YDizFIl35hiuQBsa47PRpQ) é uma pessoa politicamente exposta (PEP) e está sancionada pelo Reino Unido (UK FCDO). Ela possui múltiplos sinais de risco, incluindo:
- Sancionada (sanctioned_gbr_fcdo)
- Pessoa Politicamente Exposta (PEP)
- Riscos reputacionais relacionados a corrupção, crimes financeiros e crime organizado
- Proprietária de empresas estatais (owner_of_soe)
- Passaportes: 530960295 e N1400267
- Países associados: Guiné-Bissau, Angola, Reino Unido, Azerbaijão e Emirados Árabes Unidos

## Entidades Offshore em Malta

Isabel dos Santos controla diretamente várias empresas offshore em Malta, uma jurisdição conhecida por facilitar estruturas corporativas complexas:

### 1. [FINISANTORO HOLDING LIMITED](https://graph.sayari.com/resource/entity/xksPt1uyVCeASXFNrCTK6Q)
- **Jurisdição**: Malta (MLT)
- **Número de registro**: C-63703
- **Data de registro**: 31 de janeiro de 2014
- **Participação de Isabel**: 99,95% das ações
- **Posição**: Diretora e acionista
- **Endereço**: Aragon House Business Centre, Dragonara Road, St. Julian's STJ 3140, Malta
- **Status**: Ativa (até 23 de julho de 2025)
- **Sinais de risco**: Controlada por pessoa sancionada pelo Reino Unido, propriedade de entidade sancionada, risco financeiro recente

### 2. [WINTERFELL INDUSTRIES LIMITED](https://graph.sayari.com/resource/entity/v2sYV_CDao-YfHnHDzcllA)
- **Jurisdição**: Malta (MLT)
- **Número de registro**: C-68541
- **Data de registro**: 12 de janeiro de 2015
- **Posição**: Diretora e acionista
- **Endereço**: Aragon House Business Centre, Dragonara Road, St. Julian's STJ 3140, Malta
- **Status**: Ativa (até 23 de julho de 2025)
- **Sinais de risco**: Controlada por pessoa sancionada pelo Reino Unido, propriedade de entidade sancionada, empresa estatal, riscos de corrupção e crimes financeiros recentes
- **Acionistas**: Isabel dos Santos e [ENDE-E.P. EMPRESA NACIONAL DE DISTRIBUICAO DE ELECTRICIDADE- EMPRESA PUBLICA](https://graph.sayari.com/resource/entity/4Wj9RLRdU4G1P0nEcFAwJQ) (16%)

### 3. [WINTERFELL 2 LIMITED](https://graph.sayari.com/resource/entity/ksS1EhW-uEnVfLCES9e_Og)
- **Jurisdição**: Malta (MLT)
- **Número de registro**: C-69480
- **Data de registro**: 10 de março de 2015
- **Posição**: Diretora
- **Endereço**: Aragon House Business Centre, Dragonara Road, St. Julian's STJ 3140, Malta
- **Status**: Ativa (até 23 de julho de 2025)
- **Acionista**: [WINTERFELL INDUSTRIES LIMITED](https://graph.sayari.com/resource/entity/v2sYV_CDao-YfHnHDzcllA)
- **Sinais de risco**: Controlada por pessoa sancionada pelo Reino Unido, propriedade de empresa estatal, crimes financeiros recentes

### 4. [ATHOL LIMITED](https://graph.sayari.com/resource/entity/7dWQa4TYs30akCOVR8i68Q)
- **Jurisdição**: Malta (MLT)
- **Número de registro**: C-58151
- **Endereço**: Aragon House Business Centre, Dragonara Road, St. Julian's, Eastern Region, STJ3140, Malta
- **Sinais de risco**: Controlada por registro empresarial em massa, propriedade de entidade sancionada

### 5. [KENTO HOLDING LIMITED](https://graph.sayari.com/resource/entity/k3JmNpuB29csaXo2ChP_Rg)
- **Jurisdição**: Malta (MLT) e Angola (AGO)
- **Número de registro**: C-48291
- **Data de registro**: 27 de novembro de 2009
- **Endereço**: Aragon House Business Centre, Dragonara Road, St. Julian's, Eastern Region, STJ3140, Malta
- **Sinais de risco**: Controlada por registro empresarial em massa, propriedade de entidade sancionada, crimes financeiros recentes

### 6. [WISE INTELLIGENCE SOLUTIONS LIMITED](https://graph.sayari.com/resource/entity/Bhw3ZSX-MXa93M3HGrRx1A)
- **Jurisdição**: Malta (MLT)
- **Número de registro**: C-50012
- **Posição**: Fundadora
- **Endereço**: Aragon House Business Centre, Dragonara Road, St. Julian's STJ 3140, Malta
- **Sinais de risco**: Controlada por registro empresarial em massa, controlada por pessoa sancionada pelo Reino Unido, propriedade de entidade sancionada

### 7. [VICTORIA LIMITED](https://graph.sayari.com/resource/entity/-MfMB_Aqf-DFWUq599Bkzg)
- **Jurisdição**: Malta (MLT)
- **Número de registro**: C-50579
- **Posição**: Fundadora
- **Endereço**: Aragon House Business Centre, Dragonara Road, St. Julian's STJ 3140, Malta
- **Sinais de risco**: Controlada por registro empresarial em massa, controlada por pessoa sancionada pelo Reino Unido, propriedade de entidade sancionada

## Outras Entidades Offshore

### 8. [Tokeyna Management Limited](https://graph.sayari.com/resource/entity/H7iSa5z6KEMAQiVfql61ng)
- **Jurisdição**: Ilhas Virgens Britânicas (VGB)
- **Sinais de risco**: Propriedade de entidade sancionada, crimes financeiros históricos

### 9. [Vidatel Ltd.](https://graph.sayari.com/resource/entity/zXUoL9W6J7uODPqe-x_tlw)
- **Jurisdição**: Angola (AGO) e Ilhas Virgens Britânicas (VGB)
- **Sinais de risco**: Propriedade de entidade sancionada, crimes financeiros históricos

### 10. [Exem Energy B.V.](https://graph.sayari.com/resource/entity/bE4TOguAkJ_fQ2yDJszVTA)
- **Jurisdição**: Holanda (NLD)
- **Número de registro**: 33272115
- **Endereços**: 54 Beechavenue, Schiphol-Rijk; 150 Antonio Vivaldistraat, Amsterdam; Strawinskylaan 411 WTC Tower A, Amsterdam
- **Sinais de risco**: Propriedade de entidade sancionada, riscos de corrupção e crimes financeiros históricos

### 11. [Unitel International Holdings BV](https://graph.sayari.com/resource/entity/k2xmRInfYL9LiJOD5sjM0g)
- **Jurisdição**: Holanda (NLD)
- **Sinais de risco**: Propriedade de entidade sancionada, crimes financeiros históricos

### 12. [Esperaza Holding B.V.](https://graph.sayari.com/resource/entity/YtkSD659Vhs9BKmo1jrABQ)
- **Jurisdição**: Holanda (NLD) e Angola (AGO)
- **Número de registro**: 27010279
- **Endereços**: 555 Strawinskylaan, Amsterdam
- **Sinais de risco**: Riscos de corrupção e crimes financeiros históricos, adjacente a empresas estatais

## Empresas Fundadas por Isabel dos Santos

Isabel dos Santos é fundadora de várias empresas offshore em Malta:

1. [EMG Consulting Limited](https://graph.sayari.com/resource/entity/KmMrlBfT9h7xq9mv_ZA3sA) - Malta
2. [Supply International Limited](https://graph.sayari.com/resource/entity/BB4ZcAQy9QPXApp7oaFE7g) - Malta
3. [Global Land Limited](https://graph.sayari.com/resource/entity/51x5FksBjmd9_6DE3IdUBg) - Malta

## Padrões Identificados

1. **Concentração em Malta**: A maioria das empresas offshore está registrada em Malta, especificamente no mesmo endereço (Aragon House Business Centre, Dragonara Road, St. Julian's), sugerindo o uso de serviços de registro empresarial em massa.

2. **Estruturas em Camadas**: Uso de holdings e subsidiárias para criar camadas de propriedade (ex: Winterfell Industries → Winterfell 2 Limited).

3. **Múltiplas Jurisdições**: Além de Malta, utiliza jurisdições como Ilhas Virgens Britânicas, Holanda, Portugal e Angola.

4. **Participações Significativas**: Em várias empresas, Isabel dos Santos detém participações majoritárias ou quase totais (99,95% na Finisantoro Holding Limited).

5. **Conexões com Empresas Estatais**: Várias entidades têm conexões com empresas estatais angolanas, como a ENDE (Empresa Nacional de Distribuição de Electricidade).

6. **Sinais de Risco Consistentes**: Todas as entidades offshore apresentam múltiplos sinais de risco, incluindo propriedade por pessoa sancionada, riscos de crimes financeiros e corrupção.

## Contexto Familiar

Isabel dos Santos é filha de [José Eduardo dos Santos](https://graph.sayari.com/resource/entity/FFbsDoqjdSoWdqpcSPqF-Q) (ex-presidente de Angola, falecido) e foi casada com [Sindika Dokolo](https://graph.sayari.com/resource/entity/K6UyY5ucZw0Y9quGlN06ug) (falecido), que também aparece como acionista minoritário (0,05%) na Finisantoro Holding Limited.

## Conclusão

A evidência demonstra que Isabel dos Santos mantém uma extensa rede de entidades offshore, principalmente em Malta, mas também em outras jurisdições conhecidas por sigilo financeiro. Essas estruturas apresentam características típicas de planejamento offshore sofisticado, incluindo múltiplas camadas de propriedade, uso de jurisdições com regulamentação favorável e concentração de registros em endereços comerciais especializados.",True,1,2,3,3,1.95,False,True,"ALCEA HOLDING LIMITED (acionista, constituída 20 de abril de 2012); endereços associados em Angola (FUTUNFO DE BELAS, BAIRRO MAIANGA RUA NARCISO DO ESPIRITO SANTO, etc.); detalhes completos de pessoas associadas (SINDIKA DOKOLO como acionista nas empresas Malta, JORGE MANUEL DE BRITO PEREIRA como secretário, etc.)","Isabel dos Santos detém 99,95% das ações da FINISANTORO HOLDING LIMITED (referência não especifica percentagem de participação); ENDE como acionista de WINTERFELL INDUSTRIES LIMITED com 16% (referência lista ENDE como acionista mas não especifica percentagem)","Isabel dos Santos sancionada pelo Reino Unido (UK FCDO); passaportes 530960295 e N1400267; países associados incluindo Guiné-Bissau, Azerbaijão e Emirados Árabes Unidos; múltiplas empresas não mencionadas na referência (ATHOL LIMITED, Tokeyna Management Limited, Vidatel Ltd., Exem Energy B.V., Unitel International Holdings BV, Esperaza Holding B.V., EMG Consulting Limited, Supply International Limited, Global Land Limited); percentagens específicas de participação acionária; status 'ativa até 23 de julho de 2025' para várias empresas",NOT_ACCEPTABLE,"The actual answer invents extensive information not present in the reference, including sanctions status, passport numbers, multiple companies (ATHOL, Tokeyna, Vidatel, Exem Energy, etc.), and specific ownership percentages. The reference contains no high-impact findings about sanctions or PEP status for Isabel dos Santos herself, so critical_omission is false. However, the answer omits ALCEA HOLDING LIMITED entirely and provides incomplete details for the six companies that are mentioned. Traceability is partial as the answer references 'Paradise Papers' implicitly but does not consistently cite the ICIJ Offshore Leaks source. The invented sanctions and additional companies constitute clear hallucinations, triggering factual_accuracy=2 and hallucination=true.",Parcial,"The tool output contains detailed information about Isabel José dos Santos' relationships with several offshore entities in Malta (FINISANTORO HOLDING LIMITED, WINTERFELL INDUSTRIES LIMITED, WINTERFELL 2 LIMITED, KENTO HOLDING LIMITED) including her roles as director, shareholder, and legal representative. However, it is missing three entities explicitly listed in the expected answer (ALCEA HOLDING LIMITED, WISE INTELLIGENCE SOLUTIONS HOLDING LIMITED) and does not provide the specific addresses associated with Isabel dos Santos that are listed in the expected answer. The source attribution (Paradise Papers) is also not explicitly confirmed in the raw output.",Parcial,"O texto contém informações sobre várias entidades offshore associadas a Isabel dos Santos, incluindo FINISANTORO HOLDING LIMITED, WINTERFELL INDUSTRIES LIMITED, WINTERFELL 2 LIMITED, KENTO HOLDING LIMITED e WISE INTELLIGENCE SOLUTIONS (embora com nome ligeiramente diferente). No entanto, faltam completamente duas entidades mencionadas na resposta esperada: ALCEA HOLDING LIMITED e os endereços específicos em Angola (Futungo de Belas, Bairro Maianga, etc.) que são listados na resposta esperada.",False
sayari,43,"Que informação pública existe sobre Isabel José dos Santos e existem referências materiais, judiciais ou reputacionais?",Google / Web Search / News,"Página 1 dos resultados
1. “Isabel dos Santos: uma fortuna sem passado”
Fonte: Expresso.
Data: 8 de julho de 2022.
Excerto apresentado: “Isabel dos Santos, a mulher mais rica de África, tem feito tudo para deixar para trás a ideia de que a sua fortuna se deve ao pai.”
2. “Isabel dos Santos: Supremo angolano retira quatro dos 11 crimes de que era acusada em fase de instrução”
Fonte: Observador.
Data: 18 de novembro de 2025.
Excerto apresentado: “A filha mais velha do ex-Presidente angolano, José Eduardo dos Santos fica livre das acusações de associação criminosa, abuso de poder,...”
3. “Isabel dos Santos acusada de 11 crimes no processo Sonangol”
Fonte: Público.
Data: 16 de janeiro de 2024.
Excerto apresentado: “A empresária angolana é acusada de 11 crimes no processo que envolve a sua gestão na petrolífera estatal angolana, entre 2016 e 2017,...”
4. “Angola: Processo-crime contra Isabel dos Santos em tribunal”
Fonte: Deutsche Welle.
Data: 14 de maio de 2025.
Excerto apresentado: “O processo-crime contra Isabel dos Santos chegou finalmente a tribunal, devendo seguir para a fase de instrução contraditória a 22 de maio.”
5. “Isabel dos Santos revela dias de descanso, mas fãs preocupam-se: ‘Que semblante de tristeza’”
Fonte: Flash.pt.
Data: 29 de julho de 2022.
Excerto apresentado: “A empresária angolana retomou as férias na praia após toda a polémica envolvendo a morte do pai, José Eduardo dos Santos.”
6. “Isabel dos Santos e Manuel Vicente têm imóveis de luxo em Londres”
Fonte: Jornal de Negócios.
Data: 25 de fevereiro de 2023.
Excerto apresentado: “As novas regras de transparência introduzidas pelo Reino Unido para identificar quem possui imobiliário no país revelam que a empresária que...”
7. “Isabel dos Santos prepara resposta legal ao tribunal”
Fonte: VOA Português.
Data: 7 de janeiro de 2020.
Excerto apresentado: “A empresária Isabel dos Santos prepara uma resposta legal contra o que ela alega ser uma ‘caça às bruxas motivada politicamente’ pelo...”
8. “José Eduardo dos Santos: Filomeno presente no funeral. Tchizé e Isabel dão os parabéns ao pai nas redes sociais”
Fonte: CNN Portugal.
Data: 28 de agosto de 2022.
Excerto apresentado: “José Eduardo dos Santos: Filomeno presente no funeral. Tchizé e Isabel dão os parabéns ao pai nas redes sociais · José Filomeno dos Santos tinha...”
9. “ISABEL DOS SANTOS: A primeira mulher bilionária da África e seu império em expansão”
Fonte: SuperYachtFan.
Data: 27 de junho de 2024.
Excerto apresentado: “Isabel Dos Santos, a filha do antigo Presidente angolano José Eduardo dos Santos, é uma figura emblemática no panorama económico de África.”
10. “Isabel dos Santos: Polícia Judiciária impede transferência de 10 milhões de euros do BCP para a Rússia”
Fonte: Expresso.
Data: 30 de dezembro de 2019.
Excerto apresentado: “Tribunal em Angola decreta o arresto dos principais ativos da filha de José Eduardo dos Santos, do marido Sindika Dokolo e do gestor...”
Página 2 dos resultados
11. “British court rejects Isabel dos Santos’ appeal against asset freeze”
Fonte: The Portugal News.
Data: 30 de setembro de 2024.
Excerto apresentado: “Angolan businesswoman Isabel dos Santos has seen her appeal against the global asset freeze of £580 million imposed last year rejected by...”
12. “Angola: Presidente exonera Isabel dos Santos”
Fonte: Esquerda.net.
Data: 15 de novembro de 2017.
Excerto apresentado: “João Lourenço exonerou a filha de José Eduardo dos Santos de presidente do conselho de administração da Sonangol.”
13. “Interpol confirma emissão de aviso vermelho para Isabel dos Santos”
Fonte: Público.
Data: 30 de novembro de 2022.
Excerto apresentado: “Filha de José Eduardo dos Santos é procurada pelas autoridades angolanas por alegados crimes de desvio de fundos, tráfico de influências,...”
14. “Isabel dos Santos acusa justiça de se recusar a ouvi-la”
Fonte: DW.com.
Data: 20 de novembro de 2025.
Excerto apresentado: “Isabel dos Santos acusa a justiça angolana de ignorar provas e testemunhas no processo da Sonangol e diz que o Tribunal Supremo já tem uma...”
15. “As mensagens misteriosas de Isabel dos Santos e da irmã Tchizé, as duas filhas que não saem do lado do antigo presidente de Angola”
Fonte: Flash.pt.
Data: 5 de julho de 2022.
Excerto apresentado: “José Eduardo dos Santos está internado há quase duas semanas nos cuidados intensivos. Estas são as difíceis mensagens das suas filhas.”
16. “Caso Isabel dos Santos: Questiona-se o impacto dos atrasos”
Fonte: Deutsche Welle.
Data: 15 de maio de 2025.
Excerto apresentado: “Processo-crime contra filha do ex-Presidente de Angola está finalmente no tribunal. ‘Demora pode alimentar a narrativa de que a justiça está...’”
17. “Relações Angola e Rússia: Que lugar para Isabel dos Santos?”
Fonte: DW.com.
Data: 4 de abril de 2019.
Excerto apresentado: “O poder de Isabel dos Santos em Angola deveu-se principalmente ao fato de ser filha do ex-Presidente do país, José Eduardo dos Santos,...”
18. “Amnistia para filhos de José Eduardo dos Santos?”
Fonte: DW.com.
Data: 14 de julho de 2022.
Excerto apresentado: “Enquanto a família de José Eduardo dos Santos e o Governo negoceiam a trasladação dos restos mortais do ex-Presidente, um jurista ouvido...”
19. “Moscovo reafirma Isabel dos Santos como ponta de lança?”
Fonte: DW.com.
Data: 25 de outubro de 2019.
Excerto apresentado: “Juntar o Presidente de Angola, João Lourenço, e a empresária Isabel dos Santos no mesmo evento ‘cheira a provocação’, diz especialista em...”
20. “Isabel dos Santos ‘atira-se’ a jornalista da CNN Portugal”
Fonte: A Televisão.
Data: 14 de julho de 2025.
Excerto apresentado: “Isabel dos Santos acusa António José Vilela de promover uma ‘campanha de desinformação e falsidades’ contra ela.”","# Informação Pública sobre Isabel José dos Santos

## Identificação

**Nome:** [Isabel DOS SANTOS](https://graph.sayari.com/resource/entity/YDizFIl35hiuQBsa47PRpQ)

**Nomes Alternativos:**
- Isabelle Dos Santos
- Santos Isabel
- Izabel Kukanova Dosovna
- Isabel José dos Santos

**Tipo:** Pessoa

**Países Associados:** Guiné-Bissau (GNB), Angola (AGO), Reino Unido (GBR), Azerbaijão (AZE), Emirados Árabes Unidos (ARE)

## Identificadores

- **ID de Sanções do Tesouro Britânico:** 16694
- **ID de Sanções do Reino Unido:** GAC0050
- **ID Acuris:** I6936653
- **Passaportes:** 530960295, N1400267

## Endereços Registrados

- CONDOMINIO ALPHA EDIFICIO 1 - PISO 2, TALATONA, BELAS, SAMBA, LUANDA, ANGOLA
- London, England, GB
- Old Bakery Street 171, Valleta, 1455, MT (Malta)
- Baku, Azerbaijão

---

## Referências Materiais, Judiciais e Reputacionais

### **STATUS DE SANÇÕES**

✓ **SANCIONADA** - Isabel dos Santos está atualmente sujeita a sanções no Reino Unido (UK Sanctions List), publicadas pelo UK Foreign, Commonwealth & Development Office.

✓ **PESSOA POLITICAMENTE EXPOSTA (PEP)** - Identificada como PEP de acordo com os critérios da Financial Action Task Force (FATF), tendo sido confiada com funções públicas proeminentes.

### **RISCOS REPUTACIONAIS E JUDICIAIS**

Isabel dos Santos apresenta múltiplas referências materiais e reputacionais negativas:

#### **1. Corrupção e Suborno**
- **reputational_risk_bribery_and_corruption** - Mencionada por sites governamentais oficiais ou meios de comunicação de massa como procurada, acusada, indiciada, processada, condenada ou sentenciada por atividade criminosa relacionada a corrupção e suborno.
- **reputational_risk_bribery_and_corruption_recent** - Eventos recentes (últimos 2 anos).

#### **2. Crime Financeiro**
- **reputational_risk_financial_crime** - Mencionada em relação a crimes financeiros.
- **reputational_risk_financial_crime_breaking** - Eventos recentes e em desenvolvimento (últimos 3 meses).

#### **3. Crime Organizado**
- **reputational_risk_organized_crime_recent** - Mencionada em relação a crime organizado em eventos recentes (últimos 2 anos).

#### **4. Terrorismo**
- **reputational_risk_terrorism_recent** - Mencionada em relação a terrorismo em eventos recentes (últimos 2 anos).

#### **5. Outros Riscos Históricos**
- **reputational_risk_other_historic** - Outras menções reputacionais históricas.

### **RISCOS CORPORATIVOS E REGULATÓRIOS**

- **owner_of_soe** - Proprietária de Empresas Estatais (SOE) - possivelmente possui (minoritária, majoritária ou totalmente) empresas estatais até 3 níveis de distância através de relações de participação acionária direta com 10% ou mais de interesse de controle.

- **psa_owner_of_regulatory_action_entity** - Proprietária de entidade sujeita a ação regulatória - possivelmente possui entidades que foram listadas como sujeitas a ações de fiscalização por autoridades reguladoras, agências de aplicação da lei/anticorrupção ou outros órgãos disciplinares.

- **export_controls_adjacent** - Adjacente a controles de exportação.

### **RISCOS JURISDICIONAIS**

- **basel_aml** - Risco relacionado ao Índice Basel AML (Anti-Money Laundering).
- **cpi_score** - Risco relacionado ao Índice de Percepção de Corrupção (CPI).

---

## Relações Familiares

Isabel dos Santos possui as seguintes relações familiares documentadas:

1. **[José Eduardo dos Santos](https://graph.sayari.com/resource/entity/FFbsDoqjdSoWdqpcSPqF-Q)** - Pai falecido (ex-Presidente de Angola)
   - Também apresenta riscos: corrupção histórica, crime financeiro histórico, ação de aplicação da lei histórica

2. **[Tatiana Cergueevna Kukanova](https://graph.sayari.com/resource/entity/oXIWfn3MNiTLWlTjCSKXFQ)** - Mãe
   - Países: Angola, Azerbaijão, Rússia
   - Riscos: crime financeiro histórico

3. **[Sindika Dokolo](https://graph.sayari.com/resource/entity/K6UyY5ucZw0Y9quGlN06ug)** - Cônjuge falecido
   - Países: Dinamarca, Emirados Árabes Unidos, Malta, Angola, República Democrática do Congo

4. **[Welwitschea Jose dos Santos](https://graph.sayari.com/resource/entity/CQETmjQTEyyhqy6ekXJvPA)** - Irmã
   - Riscos: crime financeiro histórico

5. **[Augusto Olivais](https://graph.sayari.com/resource/entity/ta5Y0UoIj0agKkfGkxW35A)** - Filho falecido

---

## Participações Corporativas

Isabel dos Santos possui participações e cargos de direção em múltiplas empresas, principalmente registradas em Malta:

### **Empresas como Diretora/Acionista:**

1. **[FINISANTORO HOLDING LIMITED](https://graph.sayari.com/resource/entity/xksPt1uyVCeASXFNrCTK6Q)** (Malta)
   - Participação: 99,95%
   - Diretora e acionista
   - Riscos: controlada por sancionado do Reino Unido, propriedade de entidade sancionada

2. **[WINTERFELL INDUSTRIES LIMITED](https://graph.sayari.com/resource/entity/v2sYV_CDao-YfHnHDzcllA)** (Malta)
   - Acionista
   - Riscos: controlada por sancionado do Reino Unido, propriedade estatal, corrupção recente

3. **[WINTERFELL 2 LIMITED](https://graph.sayari.com/resource/entity/ksS1EhW-uEnVfLCES9e_Og)** (Malta)
   - Diretora
   - Riscos: controlada por sancionado do Reino Unido, propriedade de entidade sancionada

4. **[Unitel SA](https://graph.sayari.com/resource/entity/cSEl5nuCWPgzA9ygGELLBA)** (Angola)
   - Ex-Diretora
   - Riscos: crime financeiro histórico

### **Empresas Fundadas:**

1. **[EMG Consulting Limited](https://graph.sayari.com/resource/entity/KmMrlBfT9h7xq9mv_ZA3sA)** (Malta)
2. **[WISE INTELLIGENCE SOLUTIONS LIMITED](https://graph.sayari.com/resource/entity/Bhw3ZSX-MXa93M3HGrRx1A)** (Malta)
3. **[Supply International Limited](https://graph.sayari.com/resource/entity/BB4ZcAQy9QPXApp7oaFE7g)** (Malta)
4. **[Global Land Limited](https://graph.sayari.com/resource/entity/51x5FksBjmd9_6DE3IdUBg)** (Malta)
5. **[VICTORIA LIMITED](https://graph.sayari.com/resource/entity/-MfMB_Aqf-DFWUq599Bkzg)** (Malta)

**Resumo de Relações Corporativas:**
- 28 participações acionárias
- 4 cargos de direção
- 5 empresas fundadas
- 11 entidades vinculadas no total

---

## Fontes de Dados

As informações públicas sobre Isabel dos Santos provêm das seguintes fontes:

1. **Acuris Risk Intelligence** - Entidades, Relacionamentos e Informações de Risco (Dados de Terceiros)
2. **UK Consolidated Sanctions List** - Lista Consolidada de Sanções do Reino Unido
3. **Malta Companies Register** - Registro de Empresas de Malta
4. **OpenSanctions** - Lista Global de Sanções

---

## Conclusão

Isabel José dos Santos apresenta **referências materiais, judiciais e reputacionais significativas e graves**, incluindo:

- ✓ Status de **sancionada** pelo Reino Unido
- ✓ Classificação como **Pessoa Politicamente Exposta (PEP)**
- ✓ Múltiplas menções em **crimes financeiros** (incluindo eventos recentes)
- ✓ Menções relacionadas a **corrupção e suborno** (incluindo eventos recentes)
- ✓ Menções relacionadas a **crime organizado** (recente)
- ✓ Menções relacionadas a **terrorismo** (recente)
- ✓ Propriedade de **empresas estatais**
- ✓ Propriedade de entidades sujeitas a **ações regulatórias**
- ✓ Rede corporativa complexa com múltiplas empresas em jurisdições offshore (Malta)
- ✓ Relações familiares com outras pessoas de alto risco

Todas as empresas associadas a Isabel dos Santos também apresentam sinais de risco elevado, incluindo controle por pessoa sancionada, riscos reputacionais de crime financeiro e corrupção.",True,1,2,2,3,1.75,False,True,Expresso article 'Isabel dos Santos: uma fortuna sem passado' (July 2022); Observador article on Supreme Court reducing charges from 11 to 7 crimes (November 2025); Público article on 11 criminal charges in Sonangol case (January 2024); Deutsche Welle article on criminal case reaching court (May 2025); Flash.pt article on vacation after father's death (July 2022); Jornal de Negócios article on luxury London properties (February 2023); VOA article on legal response preparation (January 2020); CNN Portugal article on funeral attendance (August 2022); SuperYachtFan article on billionaire status (June 2024); Expresso article on PJ blocking €10M transfer to Russia (December 2019); Portugal News article on UK court rejecting appeal against asset freeze (September 2024); Esquerda.net article on removal from Sonangol presidency (November 2017); Público article on Interpol red notice (November 2022); Deutsche Welle article accusing justice system of refusing to hear her (November 2025); Flash.pt article on messages with sister Tchizé (July 2022); Deutsche Welle article on case delays (May 2025); Deutsche Welle article on Angola-Russia relations (April 2019); Deutsche Welle article on amnesty for José Eduardo dos Santos' children (July 2022); Deutsche Welle article on Moscow event (October 2019); A Televisão article on accusations against CNN Portugal journalist (July 2025),UK sanctions status is not mentioned in reference; PEP status is not mentioned in reference; terrorism-related mentions are not in reference; organized crime mentions (recent) are not in reference,"UK sanctions (Treasury ID 16694, UK Sanctions List GAC0050); terrorism-related reputational risk; organized crime reputational risk (recent); specific passport numbers (530960295, N1400267); specific corporate holdings and percentages in Malta companies; Acuris Risk Intelligence as source; OpenSanctions as source; Malta Companies Register as source",NOT_ACCEPTABLE,"The reference answer consists entirely of Portuguese news articles about Isabel dos Santos covering her wealth, criminal charges in Angola (Sonangol case), judicial proceedings, Interpol red notice, UK asset freeze, and family matters. The actual answer provides a structured intelligence report with sanctions data, corporate holdings, and risk classifications that are NOT present in the reference. Critical fabrications include UK sanctions status, terrorism/organized crime risk tags, specific passport numbers, and detailed Malta corporate structures with ownership percentages—none of which appear in any of the 20 news articles listed. The actual answer completely omits the specific news articles, dates, and excerpts that form the entirety of the reference answer, instead substituting a different data set. Traceability is low because sources cited (Acuris, OpenSanctions, Malta Register) do not match the reference source (Google/Web Search/News). While some general facts align (she is politically exposed, faces legal issues), the specific factual basis is fundamentally different and includes clear inventions.",No cubierta,"The expected answer consists of a structured list of 20 Portuguese-language news articles with specific sources, dates, and excerpts about Isabel dos Santos. The text_to_score contains raw JSON tool output from entity search and risk intelligence databases, but does not contain any of the requested news articles, their sources, publication dates, or excerpts.",Parcial,"The text_to_score provides extensive structured information about Isabel dos Santos including sanctions status, judicial risks, and reputational references from databases and official sources. However, it does not contain the specific public media articles, news sources, dates, and excerpts that constitute the expected_answer (20 specific news items from Expresso, Observador, Público, DW, CNN Portugal, etc. with their publication dates and excerpts).",False
sayari,45,Existe comunicação oficial relacionada com José Sócrates?,Official Sources: Public Prosecutor / DCIAP / Judicial Police / Courts / Regulators,"Operação Marquês. Acusação
11-10-2017
imprensa a
O Ministério Público, do Departamento Central de Investigação e Ação Penal, deduziu acusação contra 28 arguidos, 19 pessoas singulares e 9 pessoas coletivas, no âmbito da designada Operação Marquês.

Assim, foram acusados:

JOSÉ SÓCRATES CARVALHO PINTO DE SOUSA, pela prática de crimes de corrupção passiva de titular de cargo político (3), branqueamento de capitais (16), falsificação de documento (9) e fraude fiscal qualificada (3)

CARLOS MANUEL DOS SANTOS SILVA, pela prática de crimes de corrupção passiva de titular de cargo político (1), corrupção ativa de titular de cargo político (1), branqueamento de capitais (17), falsificação de documento (10), fraude fiscal (1) e fraude fiscal qualificada (3).

JOAQUIM BARROCA VIEIRA RODRIGUES, pela prática de crimes de corrupção ativa de titular de cargo político (1), corrupção ativa (1), branqueamento de capitais (7), falsificação de documento (3) e fraude fiscal qualificada (2).

LUÍS MANUEL FERREIRA DA SILVA MARQUES, pela prática de crimes de corrupção passiva (1) e branqueamento de capitais (1).

JOSÉ LUÍS RIBEIRO DOS SANTOS, pela prática de crimes de corrupção ativa (1) e branqueamento de capitais (1).

RICARDO ESPÍRITO SANTO SALGADO, pela prática de crimes de corrupção ativa de titular de cargo político (1), corrupção ativa (2) branqueamento de capitais (9), abuso de confiança (3) falsificação de documento (3) e fraude fiscal qualificada (3).

ZEINAL ABEDIN MOHAMED BAVA, pela prática de crimes de corrupção passiva (1), branqueamento de capitais (1), falsificação de documento (1) e fraude fiscal qualificada (2).

HENRIQUE MANUEL FUSCO GRANADEIRO, pela prática de crimes de corrupção passiva (1), branqueamento de capitais (2), peculato (1), abuso de confiança (1) e fraude fiscal qualificada (3).

ARMANDO ANTÓNIO MARTINS VARA, pela prática de crimes de corrupção passiva de Titular de Cargo Político (1), branqueamento de capitais (2) e fraude fiscal qualificada (2).

BÁRBARA CATARINA FIGUEIRA VARA, pela prática de crimes de branqueamento de capitais (2).

RUI MIGUEL DE OLIVEIRA HORTA E COSTA, pela prática de crimes de corrupção ativa de titular de cargo político (1), branqueamento de capitais (1) e fraude fiscal qualificada (2).

JOSÉ DIOGO DA ROCHA VIEIRA GASPAR FERREIRA, pela prática de crimes de corrupção ativa de titular de cargo político (1), branqueamento de capitais (2) e fraude fiscal qualificada (3).

JOSÉ PAULO BERNARDO PINTO DE SOUSA, pela prática de crimes de branqueamento de capitais (2).

HÉLDER JOSÉ BATAGLIA DOS SANTOS, pela prática de crimes de branqueamento de capitais (5), falsificação de documento (2), abuso de confiança (1) e fiscal qualificada (2).

GONÇALO NUNO MENDES DA TRINDADE FERREIRA, pela prática de crimes de branqueamento de capitais (3) e falsificação de documento (1).

INÊS MARIA CARRUSCA PONTES DO ROSÁRIO, pela prática de crime de branqueamento de capitais (1).

JOÃO PEDRO SOARES ANTUNES PERNA, pela prática de crimes de branqueamento de capitais (1) e detenção de arma proibida (1).

SOFIA MESQUITA CARVALHO FAVA, pela prática de crimes de branqueamento de capitais (1) e falsificação de documento (1).

RUI MANUEL ANTUNES MÃO DE FERRO, pela prática de crimes de branqueamento de capitais (1) e falsificação de documento (4).

LENA ENGENHARIA E CONSTRUÇÕES, SA, pela prática de crimes de corrupção ativa (2) branqueamento de capitais (3) e fraude fiscal qualificada (2).

LENA ENGENHARIA E CONSTRUÇÃO SGPS, pela prática de crimes de corrupção ativa (2) e branqueamento de capitais (1).

LENA SGPS, pela prática de crimes de corrupção ativa (2) e branqueamento de capitais (1).

XLM-SOCIEDADE DE ESTUDOS E PRJECTOS LDA, pela prática de crimes de branqueamento de capitais (3) e fraude fiscal qualificada (2).

RMF-CONSULTING, GESTÃO E CONSULTORIA ESTRATÉGICA, Lda, pela prática de crime de branqueamento de capitais (1)

XMI – MANAGEMENT & INVESTMENTS SA, pela prática de crimes de corrupção ativa (1) e branqueamento de capitais (1).

OCEANO CLUBE – EMPREENDIMENTOS TURÍSTICOS DO ALGARVE SA, pela prática de crimes de fraude fiscal qualificada (3).

VALE DO LOBO RESORT TURÍSTICO DE LUXO SA, pela prática de crimes de fraude fiscal qualificada (3).

PEPELAN – CONSULTORIA E GESTÃO SA, pela prática de crimes de fraude fiscal qualificada (1) branqueamento de capitais (1).

Os factos em investigação tiveram lugar entre 2006 e 2015. Segundo a acusação, em síntese, ficou indiciado que os arguidos que exerciam funções públicas ou equiparadas, tendo em vista a obtenção de vantagens, agiram em violação dos deveres funcionais, designadamente em relação às seguintes matérias:

A atuação do arguido JOSÉ SÓCRATES, na qualidade de primeiro-ministro e também após a cessação dessas funções, permitiu a obtenção, por parte do Grupo LENA, de benefícios comerciais. O arguido CARLOS SANTOS SILVA interveio como intermediário de JOSÉ SÓCRATES em todos os contactos com o referido grupo.

A troco desses benefícios e em representação do Grupo LENA, o arguido JOAQUIM BARROCA aceitou efetuar pagamentos, em primeiro lugar para a esfera de CARLOS SANTOS SILVA mas que eram destinados a JOSÉ SÓCRATES. Por outro lado, JOAQUIM BARROCA veio ainda a disponibilizar a utilização de contas bancárias abertas em seu nome na Suíça para movimentar fundos que se destinavam a JOSÉ SÓCRATES.

Acresce que CARLOS SANTOS SILVA, tendo em vista receber outros montantes destinados a JOSÉ SÓCRATES disponibilizou sociedades por si detidas para receber quantias provenientes do Grupo LENA, com base em pretensos contratos de prestação de serviços.

Os fundos acumulados na Suíça integravam também pagamentos determinados pelo arguido RICARDO SALGADO, com a mobilização de quantias oriundas de entidades em offshore que pertenciam ao Grupo Espírito Santo. Tais pagamentos estavam relacionados com intervenções de JOSÉ SÓCRATES, enquanto primeiro-ministro, em favor da estratégia definida por RICARDO SALGADO para o grupo Portugal Telecom, do qual o BES era acionista.

Para ocultar essa finalidade, RICARDO SALGADO utilizou o arguido HÉLDER BATAGLIA para fazer circular fundos por contas no estrangeiro controladas por este último. Todos esses pagamentos eram justificados com contratos fictícios em que era interveniente HÉLDER BATAGLIA.

JOSÉ SÓCRATES conluiado com o arguido ARMANDO VARA, à data administrador da Caixa Geral de Depósitos, recebeu também pagamentos com origem em receitas desviadas do grupo VALE DE LOBO. Tais pagamentos foram determinados por administradores de sociedade desse grupo, tendo em vista facilitar a concessão de financiamentos por parte da CGD.

Com origem nos grupos LENA, Espírito Santo e VALE DE LOBO foi acumulado na Suíça, entre 2006 e 2009, um montante superior a 24 milhões de euros

Este dinheiro foi, num primeiro momento, recebido em contas controladas pelo arguido JOSÉ PAULO PINTO DE SOUSA e, mais tarde, em contas de CARLOS SANTOS SILVA (neste caso, com prévia passagem por contas de JOAQUIM BARROCA).

CARLOS SANTOS SILVA veio depois a transferir o dinheiro para Portugal, através de uma pretensa adesão ao RERT II, visando a sua posterior colocação em contas por si tituladas mas para utilizações no interesse de JOSÉ SÓCRATES.

Tal utilização passava, designadamente, por levantamentos e entregas de quantias em numerário a JOSÉ SÓCRATES, as quais eram efetuadas com a intervenção de CARLOS SANTOS SILVA mas também dos arguidos INÊS DO ROSÁRIO, JOÃO PERNA e GONÇALO FERREIRA.

Esses fundos foram, igualmente, utilizados para aquisição de imóveis, obras de arte, pagamento de viagens, aquisições de exemplares do livro de JOSÉ SÓCRATES e para fazer chegar dinheiro a pessoas das relações deste arguido.

Também a arguida SOFIA FAVA aceitou figurar como adquirente de um imóvel designado “Monte das Margaridas”, sito em Montemor-o-Novo. O imóvel foi adquirido com um financiamento bancário garantido por CARLOS SANTOS SILVA, suportado nos fundos trazidos da Suíça.

Para além dos pagamentos acima referidos em benefício de JOSÉ SÓCRATES, RICARDO SALGADO determinou também que fossem efetuados pagamentos aos arguidos ZEINAL BAVA e HENRIQUE GRANADEIRO. Nesse período, entre 2006 e 2010, estes arguidos exerceram funções na administração da Portugal Telecom, tendo aceitado esses pagamentos para agir em conformidade com interesses definidos por RICARDO SALGADO para o BES enquanto acionista da PT.

Ainda com origem no Grupo Espírito Santo, e por determinação de RICARDO SALGADO, já em 2010 e 2011, CARLOS SANTOS SILVA terá montado um esquema, em conjunto com JOAQUIM BARROCA e HÉLDER BATAGLIA, com vista à atribuição de nova quantia a favor de JOSÉ SÓCRATES. Esse esquema passava pela produção de um contrato promessa de compra e venda de um edifício em Angola. Através do incumprimento dessa contrato promessa e consequentemente perda do sinal, foi justificada a transferência de uma quantia para as contas do grupo LENA que ficou com o encargo de devolver o mesmo montante a CARLOS SANTOS SILVA ou a sociedades do mesmo, para este, por sua vez, fazer chegar o dinheiro a JOSÉ SÓCRATES.

O Ministério Público, do Departamento Central de Investigação e Ação Penal, proferiu nove despachos de arquivamento, nomeadamente em relação ao arguidos João Abrantes Serra, Joaquim Paulo da Conceição e Paulo Lalanda e Castro. Todavia, no que a este último diz respeito foi extraída uma certidão para investigação de factos relativos a sociedades que controlava.

No total, o Ministério Público decidiu extrair 15 certidões, para posterior investigação em processo autónomo.

O despacho final tem mais de 4 mil páginas.

Ao longo do inquérito foram efetuadas cerca de duas centenas de buscas, inquiridas mais de 200 testemunhas e recolhidos dados bancários sobre cerca de 500 contas, quer domiciliadas em Portugal quer no Estrangeiro. Foi igualmente recolhida vasta documentação quer em suporte de papel, quer digital.

Nesta investigação, o Ministério Público foi coadjuvado pela Autoridade Tributária.


NUIPC: 122/13.8TELSB

Data da acusação: 09.10.2017","Sim, existe comunicação oficial relacionada com José Sócrates Carvalho Pinto de Sousa, o ex-primeiro-ministro português.

## Informações Identificadas

**Nome Completo:** [Jose Socrates Carvalho Pinto de Sousa](https://graph.sayari.com/resource/entity/uqhdPL6QYB57EDtNvuh0lg)

**Nomes Alternativos:**
- José Sócrates Carvalho Pinto de Sousa
- José Sócrates
- Socrates
- Pinocchio
- Jose Socrates Carvalho Pinto

**Localização:**
- Vilar de Macada, Vila Real, Portugal
- Lisboa, Portugal

**País:** Portugal (PRT)

## Comunicações Oficiais e Riscos Reputacionais

José Sócrates apresenta os seguintes indicadores de risco reputacional baseados em comunicações oficiais e meios de comunicação:

### Riscos Identificados:

1. **Suborno e Corrupção (Bribery and Corruption)**
   - Risco reputacional recente relacionado com suborno e corrupção
   - A entidade foi mencionada por websites governamentais oficiais ou meios de comunicação de massa como procurada, acusada, indiciada, processada, condenada ou sentenciada por atividade criminal relacionada com suborno e corrupção

2. **Crime Financeiro (Financial Crime)**
   - Risco reputacional recente relacionado com crime financeiro
   - A entidade foi mencionada por websites governamentais oficiais ou meios de comunicação de massa como procurada, acusada, indiciada, processada, condenada ou sentenciada por atividade criminal relacionada com crime financeiro

3. **Outros Riscos Reputacionais**
   - Risco reputacional histórico e atual relacionado com outras questões
   - A entidade foi mencionada por websites governamentais oficiais ou meios de comunicação de massa como procurada, acusada, indiciada, processada, condenada ou sentenciada por atividade criminal relacionada com outros riscos reputacionais

4. **Índice Basel AML** - Indicador de risco de branqueamento de capitais
5. **CPI Score** - Índice de Perceção de Corrupção

## Relações Familiares Identificadas

José Sócrates tem as seguintes relações familiares registadas:

- [Hugo Monteiro](https://graph.sayari.com/resource/entity/re9FYFXsTsGykngrryc94A) - Primo
- [Julio Monteiro](https://graph.sayari.com/resource/entity/KuGJFIl13P52otLgyx010w) - Tio
- [Sofia Mesquita Carvalho Fava](https://graph.sayari.com/resource/entity/KAa9tAqeAlfBu_VI-8Igvg) - Ex-cônjuge (também com riscos reputacionais relacionados com suborno, corrupção e crime financeiro)
- [Jose Paulo Pinto de Sousa](https://graph.sayari.com/resource/entity/3QcNRDze50XnzsHWAVzn3w) - Primo (também com riscos reputacionais relacionados com suborno, corrupção e crime financeiro)

## Fontes de Informação

As informações provêm de:
- Acuris Risk Intelligence - Entities & Relationships (3rd Party Data)
- Acuris Risk Intelligence - Risk Information and Articles (3rd Party Data)

**Nota:** José Sócrates não está atualmente em listas de sanções nem é classificado como Pessoa Politicamente Exposta (PEP) nos registos consultados, mas apresenta múltiplos indicadores de risco reputacional baseados em comunicações oficiais e cobertura mediática relacionada com processos criminais.",True,2,2,2,3,2.1,True,False,"Operação Marquês indictment dated 11-10-2017 by the Public Prosecutor (DCIAP) charging José Sócrates with 3 counts of passive corruption of political office holder, 16 counts of money laundering, 9 counts of document falsification, and 3 counts of qualified tax fraud; detailed factual allegations regarding payments from Grupo LENA, Ricardo Salgado/Espírito Santo Group, and Vale do Lobo totaling over 24 million euros accumulated in Switzerland 2006-2009; involvement of 28 defendants including Carlos Santos Silva, Joaquim Barroca, Ricardo Salgado, and others; NUIPC case number 122/13.8TELSB","States José Sócrates is not classified as PEP when the reference clearly shows he held the position of Prime Minister (primeiro-ministro), which is a PEP designation",,NOT_ACCEPTABLE,"The reference contains a high-impact finding: a formal criminal indictment (litigation/legal proceeding) from the Public Prosecutor dated 11-10-2017 in Operação Marquês, charging José Sócrates with specific crimes including corruption, money laundering, document falsification, and tax fraud. The actual answer mentions only generic 'reputational risks' from unspecified government websites or mass media, without any reference to the specific official indictment, its date, the prosecuting authority (DCIAP), the case number, or the detailed charges. This constitutes a critical omission of a litigation finding. Completeness and traceability are low because the answer provides no specific official communication details, dates, or case information from the reference. The factual error about PEP status (claiming he is not a PEP when he was Prime Minister) further reduces accuracy.",No cubierta,"The expected answer is a detailed official press release from the Portuguese Public Prosecutor's Office (Ministério Público) dated 11-10-2017 regarding the Operação Marquês indictment, including the full list of 28 accused individuals and entities with their specific charges. The text_to_score contains only raw tool outputs from a search_entities query returning 367 name matches, a get_entity_profile for José Sócrates showing family relationships and risk flags, and a lookup_risk_factors call—none of which constitute or contain the official communication requested.",Parcial,"The text_to_score confirms official communication exists regarding José Sócrates and mentions bribery, corruption, and financial crime risks from official government websites and mass media. However, it does not contain the substance of the expected answer: the specific official communication (the October 11, 2017 prosecution announcement from the Public Ministry), the detailed list of 28 accused individuals and 9 legal entities, the specific crimes charged against each defendant, the factual summary of the Operação Marquês case, or the procedural details (4000+ pages, 200 searches, 200 witnesses, 500 accounts).",False
sayari,47,O percurso profissional público de Ana Botín é consistente com a informação declarada?,LinkedIn,"Ana Botín
Executive Chair at Banco Santander
Santander, Cantabria, Spain
Experience:
Executive Chair - Banco Santander - Sep 2014 - Present 
CEO - Santander UK - 2010 - 2014","Preciso de mais informações para ajudá-lo. Você poderia especificar:

1. **Qual Ana Botín** você está investigando? (nome completo, se possível)
2. **Qual informação declarada** você gostaria que eu verificasse contra o percurso profissional público dela?
3. Em que **país ou jurisdição** devo focar a busca?

Se você está se referindo a Ana Patricia Botín-Sanz de Sautuola O'Shea (presidente do Banco Santander), posso buscar informações sobre ela no banco de dados Sayari, mas preciso saber especificamente qual informação declarada você quer que eu verifique (por exemplo: cargos em empresas específicas, datas de nomeação, relacionamentos corporativos, etc.).

Por favor, forneça esses detalhes para que eu possa realizar a pesquisa adequada.",True,3,1,1,1,1.7,False,False,"Executive Chair at Banco Santander (Sep 2014 - Present); CEO at Santander UK (2010 - 2014); location Santander, Cantabria, Spain",,,NOT_ACCEPTABLE,"The actual answer does not engage with the question at all; it requests clarification instead of providing the career information that should be verified against LinkedIn. The reference contains no high-impact findings (sanctions, PEP, litigation, adverse media, beneficial ownership, or adverse risk relationships), only standard employment history, so critical_omission remains false despite the complete failure to answer. Completeness scores 1 because none of the reference facts (Executive Chair role, CEO role, dates, location) are addressed. Relevance_clarity scores 1 because the response is entirely off-topic, offering only a request for more information rather than the requested verification. Traceability scores 1 because no source information is provided. Factual_accuracy scores 3 rather than 1 because the system does correctly identify Ana Patricia Botín-Sanz de Sautuola O'Shea as president of Banco Santander in its clarifying question, showing some factual knowledge, though it fails to apply it to answer the question.",No cubierta,The expected answer requires Ana Botín's professional career information including her current role as Executive Chair at Banco Santander (Sep 2014-Present) and previous role as CEO at Santander UK (2010-2014). The text_to_score contains only a generic validation message with no substantive information about Ana Botín's career.,No cubierta,"The text_to_score is a clarifying question asking for more information rather than providing the requested professional career verification. None of the expected elements (Executive Chair position at Banco Santander since Sep 2014, CEO at Santander UK 2010-2014, or location information) are present in the response.",False
sayari,49,A REVOLUT LTD está registada no Reino Unido e qual é o seu histórico societário?,Companies House,"Identificação da empresa
Nome registado: REVOLUT LTD.
Número da empresa: 08804411.
Estado da empresa: ativa.
Tipo de empresa: sociedade privada limitada, apresentada no registo como “Private limited Company”.
Data de constituição: 6 de dezembro de 2013.
Sede social registada
Endereço: 30 South Colonnade, London, United Kingdom, E14 5HX.
Cidade: London.
País indicado: United Kingdom.
Código postal: E14 5HX.
Contas da empresa
Próximas contas referentes ao período terminado em: 31 de dezembro de 2026.
Prazo indicado para apresentação das próximas contas: 30 de setembro de 2027.
Últimas contas apresentadas referentes ao período terminado em: 31 de dezembro de 2025.
Declaração de confirmação
Data de referência da próxima declaração: 30 de agosto de 2026.
Prazo indicado para apresentação: 13 de setembro de 2026.
Data da última declaração apresentada: 30 de agosto de 2025.
Natureza da atividade empresarial
Código SIC: 62090.
Descrição registada: “Other information technology service activities”.","## REVOLUT LTD - Registro no Reino Unido e Histórico Societário

### Confirmação de Registro no Reino Unido

Sim, a **[REVOLUT LTD](https://graph.sayari.com/resource/entity/fk4CLHrrDDKFCiKJhFlF7Q)** está registada no Reino Unido com os seguintes dados:

**Identificadores:**
- **Número de empresa do Reino Unido:** 08804411
- **LEI (Legal Entity Identifier):** 213800MQORWPL582SW82
- **Número de empresa australiana:** 626390065
- **Número de negócio australiano:** 62626390065

**Informações de Registro:**
- **Data de registro:** 6 de dezembro de 2013
- **Status:** Ativa (até 1 de agosto de 2026)
- **Tipo de empresa:** External company
- **Países de operação:** Bélgica, Chipre, Austrália, França, Nova Zelândia

**Endereços:**
- 1 CANADA SQUARE
- 30 SOUTH COLONNADE, LONDON, GB-LND, E14 5HX, GB
- 7 WESTFERRY CIRCUS CANARY WHARF London United Kingdom

**Atividades comerciais:**
- Outras atividades de tecnologia da informação e serviços informáticos
- Atividades de consultoria informática e gestão de instalações informáticas
- Atividades de programação informática

---

### Estrutura Societária

#### Empresa Controladora

A REVOLUT LTD é 100% detida pela **[REVOLUT GROUP HOLDINGS LTD](https://graph.sayari.com/resource/entity/HRQXXAvXwMtjZh8XmUDscQ)**, que é a empresa holding do grupo.

**Dados da REVOLUT GROUP HOLDINGS LTD:**
- **Número de empresa do Reino Unido:** 12743269
- **LEI:** 213800UIKMYZWWQS5E02
- **Data de registro:** 15 de julho de 2020
- **Status:** Ativa (até 1 de agosto de 2026)
- **Tipo de empresa:** LTD
- **Endereços:** Westferry Circus, London, E14 4HD; South Colonnade, London, E14 5HX
- **Atividades:** Atividades de outras holdings

---

### Beneficiários Finais e Acionistas

#### Beneficiário Direto Principal

**[NIKOLAY STORONSKY](https://graph.sayari.com/resource/entity/_SEuj_SkKtH89ximgbGOrQ)**
- **Tipo:** Pessoa física
- **Participação:** 38,8% das ações
- **Cargo:** Diretor ou outra pessoa autorizada a representar a empresa
- **Países:** Bélgica, Austrália, Luxemburgo, Reino Unido, Irlanda
- **Endereços:** 
  - Westferry Circus, Canary Wharf, London, E14 4HD
  - 7 WESTFERRY CIRCUS, CANARY WHARF, E14 4HD, ENGLAND
  - 21 RANDOLPH ROAD LONDON W9 1AN UNITED KINGDOM

#### Outros Acionistas Diretos

**[Oleksandra Maksymenko](https://graph.sayari.com/resource/entity/eJZQ6B1a9ZQA-AYul66_fg)**
- **Tipo:** Pessoa física
- **Cargo:** Diretora
- **País:** Bélgica

#### Acionistas da REVOLUT GROUP HOLDINGS LTD (Nível 2)

A REVOLUT GROUP HOLDINGS LTD possui mais de 2.534 acionistas registados, incluindo:

**Pessoas Físicas:**
- [GABRIELE GILYTE](https://graph.sayari.com/resource/entity/Zc9LZnUPRc7WsiP1K6fj-w) (Reino Unido)
- [THEODORE STEPHANE WILLEMS](https://graph.sayari.com/resource/entity/cJi-YjbTG6MXEpu7hxkTig) (Reino Unido)
- [EMMA BENNISON](https://graph.sayari.com/resource/entity/pJ2ZN4eanGcnZ99HWLtfjQ) (Reino Unido)
- [OLEH BODNAR](https://graph.sayari.com/resource/entity/5HwXY4Pdk_bY7w5eXvIstw) (Reino Unido)
- [PRATEEK MUNDAE](https://graph.sayari.com/resource/entity/JsCbs9R98IlVfY1UBobqGw) (Reino Unido)
- [DMITRII BUNDIN](https://graph.sayari.com/resource/entity/fJjvuL_ST_HFa_ZQwa3n9Q) (Reino Unido)
- [EVGENII KLIATSKII](https://graph.sayari.com/resource/entity/Cnk4jufDz5mAALfOyoVPVQ) (Reino Unido)
- [KARINA DAUCH](https://graph.sayari.com/resource/entity/opmVMH9Rb-p-XMpAzfVygg) (Reino Unido)
- [RICCARDO CESARI](https://graph.sayari.com/resource/entity/o7GQeGNIXj9qHiIsmmGpmQ) (Reino Unido)
- [ASTRID BOLEA](https://graph.sayari.com/resource/entity/WbINzWXJatMGR68ERESnpw) (Reino Unido)
- [PATRYK DZIUDZIEK](https://graph.sayari.com/resource/entity/BZNQ772ZpGPYtFUA9NjJaQ) (Reino Unido)
- [CARMEN POPA-NEMOIU](https://graph.sayari.com/resource/entity/pX2S_LqtYHi20VSXv7lVzA) (Reino Unido)
- [ALEKSEI TSIKOV](https://graph.sayari.com/resource/entity/eco-uJKI9ZkVclDK_wo_ig) (Reino Unido)
- [TAM ROBERT](https://graph.sayari.com/resource/entity/7ZUIQ3JTMioCbs1De3oAAQ) (Reino Unido)
- [CLEMENT DUMONTIER](https://graph.sayari.com/resource/entity/tjk984mQiIMRuPaAdIeO2A) (Reino Unido)
- [GUILHERME ALMEIDA](https://graph.sayari.com/resource/entity/yIzcmMNMaluE9cHmUwGLiw) (Reino Unido)
- [ANCE LAUVA-SALNAJA](https://graph.sayari.com/resource/entity/97NRXoaLXIHdF3evNYxcBQ) (Reino Unido)
- [ANILCAN DURAK](https://graph.sayari.com/resource/entity/BXfFud3kqb5GEs8oELhFgg) (Reino Unido)
- [PAWEL JALOSZYNSKI](https://graph.sayari.com/resource/entity/Mz6p8JOCA_RrNO5iBjvz0g) (Reino Unido)
- [ILIA SLEPOV](https://graph.sayari.com/resource/entity/aLtPwdYisHaxSCVpaJzw_w) (Reino Unido)
- [CHRISTINE ANN MURPHY](https://graph.sayari.com/resource/entity/3_xpjeSz4Lmg6VsYA1zUAw) (Reino Unido)
- [MAX LEWIS](https://graph.sayari.com/resource/entity/bWOVws69BkKZVWBXJfXXGw) (Reino Unido)
- [KIRILL MISHUSTIN](https://graph.sayari.com/resource/entity/JNHr_2WqTm_fKa74N72m_A) (Reino Unido)
- [ALEXANDER COCKWILL](https://graph.sayari.com/resource/entity/hudBkUflF0-UtVggOH7Wlw) (Reino Unido)
- [OLIVIA TOBIN](https://graph.sayari.com/resource/entity/GIsKDTQUBH90jaTKFeqDsg) (Reino Unido)
- [MARCO SPINETTI](https://graph.sayari.com/resource/entity/unomQJDDvZqe_DKG0eOt-w) (Reino Unido)
- [INGA PARLYTE](https://graph.sayari.com/resource/entity/3mYuFiAkn5RvS7_C-iBKUg) (Reino Unido)
- [ANDREI POPOVICI](https://graph.sayari.com/resource/entity/GKa6tXOk3WJLfb9V4c9c2Q) (Reino Unido)
- [AGNE KAMINSKIENE](https://graph.sayari.com/resource/entity/eWnJgo2o4mpPgPDtepI3mw) (Reino Unido)
- [EKA PAPUNASHVILI](https://graph.sayari.com/resource/entity/T7_yJDcEzfSH45_s0nUm5g) (Reino Unido)
- [MACIEJ PAWLOWSKI](https://graph.sayari.com/resource/entity/aLF3NfWsTuTpbF7IjOD33w) (Reino Unido)
- [VIKTORYIA DZIAHTSIARYK](https://graph.sayari.com/resource/entity/flBtSssEU6pNn80RsibG3w) (Reino Unido)
- [OLENA IVASHKO](https://graph.sayari.com/resource/entity/vojq5dAbnsy2fKD1sY6oHw) (Reino Unido)
- [KATARZYNA BRACH](https://graph.sayari.com/resource/entity/lOv8pguQxf4SamVpVoGT1w) (Reino Unido)
- [BRYCE ARTHUR](https://graph.sayari.com/resource/entity/9tJz-8ifOLNNMOwkcWFOjQ) (Reino Unido)
- [VIACESLAV BIRIUK](https://graph.sayari.com/resource/entity/zS4EcU-7TdMbVq6yvDgSPA) (Reino Unido)
- [ALINA HONTARENKO](https://graph.sayari.com/resource/entity/bCwZXhLdkgZGyiC-z5WWBg) (Reino Unido)
- [RICHARD DENNIS](https://graph.sayari.com/resource/entity/IKd5BBL2OCLjFXZbDHbIBw) (Reino Unido)
- [DANIELE BERTELLA](https://graph.sayari.com/resource/entity/uqfobOiBJ56J5TIt4jjEOQ) (Reino Unido)

**Entidades Corporativas Acionistas:**
- [TAO TAO](https://graph.sayari.com/resource/entity/c-OmeKF8r-5fOxv2OB2vEQ) (Reino Unido)
- [KYRIAKI DIMITRIOU](https://graph.sayari.com/resource/entity/giqWSWIcTOR3ZGgE6niESg) (Reino Unido)
- [BOOTH & CO. FBO FIDELITY INVESTMENT TRUST FIDELITY INTERNATIONAL DISCOVERY FUND](https://graph.sayari.com/resource/entity/gea_bGvPPtX01t8ZPqOKBA) (Reino Unido)
- [VENREX NOMINEES LIMITED](https://graph.sayari.com/resource/entity/l3xvzSZlosJEjnPRr09v2g) (Reino Unido)
- [GREYLOCK 17-A LIMITED PARTNERSHIP](https://graph.sayari.com/resource/entity/csfWjsteTklESiTCzuKIWg) (Reino Unido)
- [PENCHANT CAPITAL LLC](https://graph.sayari.com/resource/entity/aCiaRFbK7KygdyyaXS_5Fg) (Reino Unido)
- [DST INVESTMENTS XX L.P.](https://graph.sayari.com/resource/entity/6tK9fiX2cUHeG9aITOPNuQ) (Reino Unido)
- [CAPITALG IV LP](https://graph.sayari.com/resource/entity/OQqvWNhsr2deGAFG-qml4w) (Reino Unido)
- [GIANO SPV I LLP](https://graph.sayari.com/resource/entity/HMan3AB1jE6nhhq9tiPOQA) (Reino Unido)

---

### Gestão e Representantes

#### Gestores

**[Romain Pierre Louis Le Tonquèze](https://graph.sayari.com/resource/entity/qwmaZNCLxbDCoVsMkTjOHg)**
- **Cargo:** Dirigente em França de uma pessoa moral estrangeira
- **País:** França

**[NIKOLAY STORONSKY](https://graph.sayari.com/resource/entity/_SEuj_SkKtH89ximgbGOrQ)**
- **Cargo:** Diretor ou outra pessoa autorizada a representar a empresa
- **Participação:** 38,8%

**[William MAHON-HEAP](https://graph.sayari.com/resource/entity/4VGrb_kwLrpj55TbPRI-kg)** (anterior)
- **Cargo:** Pessoa autorizada para serviço
- **País:** Nova Zelândia

#### Diretores

A REVOLUT LTD possui 13 diretores registados, incluindo:
- [HEATHER FLEMING](https://graph.sayari.com/resource/entity/YDofDMflomwur_XAjye-uQ) (Reino Unido, Irlanda, Chipre) - Γραμματέας (Secretária)

#### Oficiais

- [DEIRDRE O'SHAUGHNESSY](https://graph.sayari.com/resource/entity/wU_rhd3iT2crCKJkRV2Pzg) (Irlanda) - Pessoa autorizada a aceitar notificação de processo
- [KENNETH BYRNE](https://graph.sayari.com/resource/entity/f2WDZH5CdAn6386hl5HPhw) (Irlanda) - Pessoa responsável por garantir detalhes de conformidade
- [MICHELLE WHITE](https://graph.sayari.com/resource/entity/d3vhXR7zFYRfuoKwAj8DcA) (Irlanda, Reino Unido) - Pessoa autorizada a aceitar notificação de processo
- [HOLLY FORBES](https://graph.sayari.com/resource/entity/3AcvIyrR5RsJRfxm46b63A) (Irlanda) - Pessoa autorizada a aceitar notificação de processo

#### Representantes Legais

- [MARLEY SHARAZ BENJAMIN ALI](https://graph.sayari.com/resource/entity/x9VJc12KWKvtELL3T3wkaw) (Chipre) - Εξουσιοδοτημένο Πρόσωπο (Pessoa autorizada)
- [Oleksandra Maksymenko](https://graph.sayari.com/resource/entity/eJZQ6B1a9ZQA-AYul66_fg) (Bélgica) - Diretora
- [Margaux Fabienne Steisel](https://graph.sayari.com/resource/entity/9aDl-WdCFHTXE5XIQ0HvsA) (França, Reino Unido, Bélgica) - Responsável em França
- [Le Tonquèze, Romain Pierre Louis](https://graph.sayari.com/resource/entity/9K1jhU6jGM4Inb8__DWFDA) (França) - Responsável em França
- [Siddharth Nandan Thakur](https://graph.sayari.com/resource/entity/62yH31mEgDLj_q-ns7cI5A) (França, Reino Unido, Índia) - Responsável em França

---

### Subsidiárias

A REVOLUT LTD possui 6 subsidiárias registadas, e a REVOLUT GROUP HOLDINGS LTD possui 10 subsidiárias.

---

### Fontes de Dados

As informações foram obtidas de:
- UK Corporate Registry Confirmation Statements
- Belgium Crossroads Bank for Enterprises
- Australia Business Register (ABN Bulk Extract)
- Australia Equifax Company Dataset (3rd Party Data)
- UK Corporate Registry
- Legal Entity Identifier (LEI) Registry (3rd Party Data)
- UK Pomanda Shareholder Profiles (3rd Party Data)
- Acuris Risk Intelligence - Risk Information and Articles (3rd Party Data)",True,3,3,4,3,3.2,False,False,Tipo de empresa registado como 'Private limited Company' (não 'External company'); Próximas contas referentes ao período terminado em 31 de dezembro de 2026 com prazo de 30 de setembro de 2027; Últimas contas apresentadas referentes ao período terminado em 31 de dezembro de 2025; Data de referência da próxima declaração de confirmação: 30 de agosto de 2026 com prazo de 13 de setembro de 2026; Data da última declaração apresentada: 30 de agosto de 2025; Código SIC 62090 com descrição 'Other information technology service activities',"Tipo de empresa indicado como 'External company' quando o registo oficial indica 'Private limited Company'; Endereços adicionais (1 Canada Square, 7 Westferry Circus) não mencionados no registo oficial como sede social registada",,NOT_ACCEPTABLE,"The actual answer correctly identifies the company number (08804411), incorporation date (6 December 2013), active status, and registered address at 30 South Colonnade. However, it incorrectly states the company type as 'External company' when the reference specifies 'Private limited Company'. The answer omits key statutory filing information (accounts due dates, confirmation statement dates, SIC code 62090) that forms part of the company's official history from Companies House. The extensive ownership and subsidiary information provided, while potentially accurate from other sources, goes far beyond what the reference answer covers and adds noise. Traceability is good as sources are cited, though the reference source is specifically Companies House.",Parcial,"The tool output contains UK company number 08804411, registration date 2013-12-06, active status, registered address at 30 South Colonnade London E14 5HX, company type 'External company'/'Private limited Company', and business purpose 'Other information technology service activities' (SIC code equivalent). However, it completely lacks the detailed corporate history elements requested: accounts information (next accounts due, last accounts filed), confirmation statement dates and deadlines, and the specific SIC code 62090.",Parcial,"O text_to_score contém a confirmação de registro no Reino Unido com número da empresa (08804411), data de constituição (6 de dezembro de 2013), status (ativa), endereços incluindo 30 South Colonnade London E14 5HX, e atividades comerciais relacionadas a tecnologia da informação. Porém, faltam elementos essenciais do expected_answer: tipo específico de empresa como 'Private limited Company', datas e prazos específicos das contas (próximas contas para 31/12/2026, prazo 30/09/2027, últimas contas 31/12/2025), informações completas da declaração de confirmação (próxima em 30/08/2026, prazo 13/09/2026, última em 30/08/2025), e o código SIC específico (62090) com sua descrição exata.",False
sayari,52,Qual é o estado atual da ALCEA HOLDING LIMITED e que informação societária está disponível?,OpenCorporates,"ALCEA HOLDING LIMITED
Identificação da empresa
Denominação social: ALCEA HOLDING LIMITED.
Número da empresa: C56036.
Número nativo no registo: C 56036.
Estado registado: ativa.
Jurisdição: Malta.
Tipo societário: “Limited Liability Company - Private Exempt Single Member”.
Classificação textual da atividade empresarial: “No Activity”.
Endereço registado
Endereço completo consolidado: ARAGON HOUSE BUSINESS CENTRE, DRAGONARA ROAD, SAN GILJAN, STJ 3140, MALTA.
Endereço adicional da empresa
Endereço: 171, Old Bakery Street, VLT 1455 Valletta, MT.

Registos de marcas
Marca “LUANDINA - NASCIDA EM ANGOLA - CERVEJA PREMIUM”
Texto da marca: “LUANDINA - NASCIDA EM ANGOLA - CERVEJA PREMIUM”.
Registo ou organismo: World Intellectual Property Organisation.
Classificação de Nice: classe 32.
Data de registo: 8 de maio de 2018.
Data de expiração indicada: 8 de maio de 2028.
Marca “LUANDINA”
Texto da marca: “LUANDINA”.
Registo ou organismo: World Intellectual Property Organisation.
Classificações de Nice: classes 32 e 33.
Data de registo: 8 de julho de 2015.
Data de expiração indicada: 8 de julho de 2025.","## Estado Atual da ALCEA HOLDING LIMITED

A **[ALCEA HOLDING LIMITED](https://graph.sayari.com/resource/entity/BMvgMaxbdsNi7WWzZEP1dQ)** está atualmente **ativa**, com status atualizado em 23 de julho de 2025.

### Informações de Registro

- **Número de Registro em Malta**: C-56036
- **Data de Registro**: 20 de abril de 2012
- **Tipo de Empresa**: LTD (Limited)
- **País**: Malta (MLT)
- **Endereço**: ARAGON HOUSE BUSINESS CENTRE, DRAGONARA ROAD, ST. JULIANS STJ 3140 MALTA
- **ID Acuris**: C2195446

### Estrutura Societária

#### Acionistas (Shareholders)
1. **[Isabel DOS SANTOS](https://graph.sayari.com/resource/entity/YDizFIl35hiuQBsa47PRpQ)** (Pessoa)
   - **Status**: Acionista ativa
   - **Países associados**: Guiné-Bissau, Angola, Reino Unido, Azerbaijão, Emirados Árabes Unidos
   - **Alertas de Risco**: Sancionada e Pessoa Politicamente Exposta (PEP)

2. **[SAGUARO MANAGEMENT](https://graph.sayari.com/resource/entity/7e4g8pELNvLYw2Z4YmaqmA)** (Empresa)
   - **Status**: Acionista ativa
   - **Países**: Malta, Maurícia

#### Participações (Investimentos)
- **[SUPPLY INTERNATIONAL LIMITED](https://graph.sayari.com/resource/entity/cUmOJTQV7Dm3b7q3iFyPFQ)** (Malta) - A ALCEA HOLDING LIMITED é acionista desta empresa

#### Representantes e Administração (Antigos)
- **[JORGE MANUEL DE BRITO PEREIRA](https://graph.sayari.com/resource/entity/ZD2AxG7xr6Hr367-uv_rmg)** - Secretário da Empresa (antigo)
- **[VASCO PIRES RITES](https://graph.sayari.com/resource/entity/YfB5INpJh1rvvpDrp34T8w)** - Representante Judicial e Representante Legal (antigo)

#### Auditor (Antigo)
- **[FINANZ-AUDIT LIMITED](https://graph.sayari.com/resource/entity/A5SRVD8DGo6Y6ibNVa6Q7Q)** (Malta) - Auditor (antigo)

### Fatores de Risco

A empresa apresenta múltiplos níveis de risco, incluindo:
- **Propriedade por entidade sancionada** (owned_by_sanctioned_entity)
- **Propriedade por entidade sancionada pelo FCDO do Reino Unido** (owned_by_sanctioned_gbr_fcdo_entity)
- **Adjacência a PEP** (pep_adjacent)
- **Adjacência a entidades sancionadas** (sanctioned_adjacent)
- **Risco reputacional relacionado a crimes financeiros** (reputational_risk_financial_crime e reputational_risk_financial_crime_recent)
- **Índice Basel AML** e **CPI score** aplicáveis

**Nota importante**: A empresa não está diretamente sancionada nem é diretamente uma PEP, mas possui conexões significativas com Isabel dos Santos, que está sancionada e é uma pessoa politicamente exposta.

### Fontes de Dados
- Malta Companies Register
- Acuris Risk Intelligence - Entities & Relationships (3rd Party Data)
- Acuris Risk Intelligence - Risk Information and Articles (3rd Party Data)

### Atividade Comercial
Não há registros de atividade comercial (importações/exportações) nos dados disponíveis.",True,4,3,4,3,3.55,False,False,"Número nativo no registo: C 56036; Tipo societário completo: 'Limited Liability Company - Private Exempt Single Member'; Classificação textual da atividade empresarial: 'No Activity'; Endereço adicional da empresa: 171, Old Bakery Street, VLT 1455 Valletta, MT; Marca 'LUANDINA - NASCIDA EM ANGOLA - CERVEJA PREMIUM' (WIPO, classe 32, registo 8 maio 2018, expiração 8 maio 2028); Marca 'LUANDINA' (WIPO, classes 32 e 33, registo 8 julho 2015, expiração 8 julho 2025)",,,NOT_ACCEPTABLE,"The actual answer correctly identifies the company as active in Malta with registration number C-56036 and the correct registered address, matching the reference. However, it omits several key details from the reference: the native registry number format, the full company type designation, the 'No Activity' classification, the second Valletta address, and both trademark registrations for 'LUANDINA'. The answer adds extensive shareholder and risk information (Isabel dos Santos as sanctioned PEP, SAGUARO MANAGEMENT, risk factors) not present in the reference, which reduces relevance_clarity since the reference focuses on basic corporate and trademark data from OpenCorporates. Traceability is good with source citations (Malta Companies Register, Acuris), though the reference source is OpenCorporates. No critical_omission because while the reference mentions PEP-adjacent risk indirectly through ownership structure, it does not explicitly state a high-impact finding in those six categories as a discrete fact requiring mention.",Parcial,"The tool output contains the company name, Malta company number (C-56036), active status, Malta jurisdiction, company type (LTD), and one registered address. However, it is missing the native registry number format (C 56036), the full company type description ('Limited Liability Company - Private Exempt Single Member'), the business activity classification ('No Activity'), the second address (171, Old Bakery Street, Valletta), and all trademark registrations (LUANDINA marks with WIPO details, Nice classifications, and registration/expiration dates).",Parcial,"O texto contém a maioria das informações societárias básicas (estado ativo, número de registo C56036, jurisdição Malta, endereço registado) e informações adicionais sobre estrutura acionista e riscos. No entanto, faltam completamente os registos de marcas (LUANDINA e LUANDINA - NASCIDA EM ANGOLA - CERVEJA PREMIUM) solicitados na pergunta, que são uma categoria inteira de informação presente na resposta esperada. Também falta o tipo societário específico 'Limited Liability Company - Private Exempt Single Member', a classificação de atividade 'No Activity', e o endereço adicional em Valletta.",False
sayari,55,"O BANCO SANTANDER TOTTA, S.A. possui LEI e qual é a sua estrutura de relacionamento societário declarada?",GLEIF / LEI,"Identificação da entidade
Nome jurídico principal: BANCO SANTANDER TOTTA, S.A..
Código LEI: 549300URJH9VSI58CS32.
País: Portugal.
Estado da entidade: ativo, apresentado como “ACTIVE”.
Forma jurídica: Sociedade Anónima.
Código BIC/SWIFT: TOTAPTPLXXX.
S&P Capital IQ Company ID: 873927.
Códigos ISIN associados
PTBSRCOM0038.
PTSTOEOM0021.
PTSTOFOM0004.
PTBSPAOM0008.
PTSTOGOM0003.
Endereço da sede: Rua do Ouro, 88, Santa Maria Maior, 1100-053 Lisboa, Portugal.
Endereço legal: Rua do Ouro, 88, Santa Maria Maior, 1100-053 Lisboa, PT-11, Portugal.

Relações societárias
Entidade-mãe direta
Nome: BANCO SANTANDER S.A..
Tipo de relação: entidade-mãe direta, apresentada como “Direct Parent”.
Entidade-mãe final
Nome: BANCO SANTANDER S.A..
Tipo de relação: entidade-mãe final, apresentada como “Ultimate Parent”.
Entidades-filhas
Quantidade indicada de filhas diretas: 1.
Quantidade indicada de filhas finais: 1.
Entidade apresentada como filha direta: ESTORES BANDARRA, LDA.
Entidade apresentada como filha final: ESTORES BANDARRA, LDA.
Classificação da primeira relação: “Direct”.
Classificação da segunda relação: “Ultimate”.","Sim, o BANCO SANTANDER TOTTA, S.A. possui LEI (Legal Entity Identifier). Foram identificadas duas entidades principais com LEIs distintos:

## Entidade 1: [Banco Santander Totta S.A.](https://graph.sayari.com/resource/entity/R84B1C1QsUuqpi8EogCnvw)

**LEI:** 5493000XNNVQIPBTZ551

**Outros Identificadores:**
- Número desconhecido: 500844321
- Número de empresa do Reino Unido: FC007891
- SIREN francês: 402 835 961
- Sesamm Company ID: 5b3bc6c2-8f29-4651-87f6-b43f0cd9fb53

**Endereços:**
- RUA ÁUREA, 88 Lisboa Portugal
- LARGO 25 DE ABRIL, 85 GUIMARAES 4810-506
- RUA DA INDUSTRIA TEXTIL, NO.850, 4765-252 RIBA DE AVE PORTUGAL
- LISBON PT PORTUGAL
- C/O SANTANDER PENSÕES - SOCIEDADE GESTORA DE FUNDOS DE PENSÕES, S.A., Centro Santander, Edifício F, Rua Ramalho Ortigão, nº 51, 9º Piso, Campolide, Lisbon, PT-11, 1099-090, PT

**Países:** Itália, França, Espanha, Reino Unido, Portugal

**Status:** Ativo (data: 2026-08-01)

**Data de Registro:** 10 de dezembro de 1973

**Tipo de Empresa:** SA (Sociedade Anónima)

### Estrutura de Relacionamento Societário:

**Diretores:**
1. [JOSE CARLOS DE BRITO SITIMA](https://graph.sayari.com/resource/entity/yrtjlgGe9ZbAUKfl_5lnPw) - Presidente do Conselho de Administração
2. [HENRIQUE SALEMA DE CARVALHO E SILVA](https://graph.sayari.com/resource/entity/vH6OMUlQQwo4ad42Uz-Mlw) - Vogal do Conselho de Administração
3. [MARIO PASSOA JORGE](https://graph.sayari.com/resource/entity/s7-FgxQLr3-5hlI3wkYZgQ) - Director
4. [ANTONIO MARDEL CORREIA](https://graph.sayari.com/resource/entity/qU8997YV5eyybfDubr3Q8w) - Director
5. [JOSE DA CUNHA GUIMRARES](https://graph.sayari.com/resource/entity/kgImYth5Fi-g-FL5im-xUw) - Director
6. [AMILCAR DA SILVA LOURENCO](https://graph.sayari.com/resource/entity/jwjbg67BGAjjCE64M3mxuw) - Vogal do Conselho de Administração
7. [ALEXANDRE ALMEIDA FERNANDES](https://graph.sayari.com/resource/entity/jpAg69eXZYxFQY9KTFxmUQ) - Director

**Participações Acionárias (Shareholder of):**
1. [FUNFRAP-FUNDIÇÃO PORTUGUESA S.A.](https://graph.sayari.com/resource/entity/xBoKbDcBgtdZO7YOhnZy4A) - Accionista (3,6% de participação)
2. [TOTTA URBE-EMPRESA DE ADMINISTRACAO E CONSTRUCOES SA](https://graph.sayari.com/resource/entity/u2N1Zmx-VSj3b3IA_kU0UQ) - Accionista (100% de participação)
3. [GESTISOL-SGPS SA](https://graph.sayari.com/resource/entity/nfx2p0ZaQF-VgkkzZfEyVA) - Accionista (9% de participação)

**Auditor:**
- [BDO & ASSOCIADOS, SOCIEDADE DE REVISORES OFICIAIS DE CONTAS SA](https://graph.sayari.com/resource/entity/totbeg_JM9pWOgZuHdViQA) - Revisor Oficial de Contas

**Resumo de Relacionamentos:**
- Ligado a: 7 entidades
- Beneficiário final de: 1 entidade
- Possui beneficiário final: 1 entidade
- Possui oficial: 1 entidade
- Possui gestor: 1 entidade
- Acionista de: 10 entidades
- Possui acionistas: 146 entidades
- Possui diretores: 17 entidades
- Possui membros do conselho: 8 entidades
- Proprietário de: 1 entidade
- Recebe de: 69 entidades
- Subsidiária de: 1 entidade
- Possui representante legal: 1 entidade

---

## Entidade 2: [Banco Santander Totta SA](https://graph.sayari.com/resource/entity/92mRzmNSm1kQC_9p0Iy0lA)

**LEI:** 549300URJH9VSI58CS32

**Outros Identificadores:**
- EDI Global Issuer ID: 90023
- Código SWIFT BIC: TOTAPTPL
- Código SWIFT BIC: TOTAPTPLXXX
- Número desconhecido: 500844321

**Endereços:**
- Rua Áurea, nº 88, Santa Maria Maior, Lisboa, PT-11, 1100-063, PT
- RUA DO OURO, 88, SANTA MARIA MAIOR, LISBON, PT-11, 1100-053, PT

**País:** Portugal

**Tipo de Empresa:** SA (Sociedade Anónima)

### Estrutura de Relacionamento Societário:

**Subsidiária de:**
- [Banco Santander S.A.](https://graph.sayari.com/resource/entity/w5NYYr5giU7WwpdVZFDDZA) (Espanha) - Empresa controladora

**Possui Subsidiária:**
- [ESTORES BANDARRA, LDA](https://graph.sayari.com/resource/entity/mM6eW86nmtQ_WalGaDVang)

**Resumo de Relacionamentos:**
- Emissor de: 77 títulos
- Subsidiária de: 2 entidades
- Possui subsidiária: 1 entidade

---

**Nota:** As duas entidades identificadas possuem LEIs diferentes e podem representar registros distintos da mesma instituição bancária em diferentes bases de dados ou jurisdições. A entidade com LEI 549300URJH9VSI58CS32 mostra claramente a relação de subsidiária com o [Banco Santander S.A.](https://graph.sayari.com/resource/entity/w5NYYr5giU7WwpdVZFDDZA) da Espanha, enquanto a entidade com LEI 5493000XNNVQIPBTZ551 apresenta uma estrutura mais detalhada de governança e participações acionárias em Portugal.",True,1,2,3,2,1.85,False,True,"Códigos ISIN associados (PTBSRCOM0038, PTSTOEOM0021, PTSTOFOM0004, PTBSPAOM0008, PTSTOGOM0003); S&P Capital IQ Company ID: 873927; Endereço da sede: Rua do Ouro, 88, Santa Maria Maior, 1100-053 Lisboa; Quantidade indicada de filhas diretas: 1; Quantidade indicada de filhas finais: 1","LEI principal incorreto: 5493000XNNVQIPBTZ551 (o LEI correto é 549300URJH9VSI58CS32); Endereço incorreto: RUA ÁUREA, 88 (deveria ser Rua do Ouro, 88); Data de registro: 10 de dezembro de 1973 (não mencionada na referência); Múltiplos países listados (Itália, França, Espanha, Reino Unido) quando a referência indica apenas Portugal","LEI 5493000XNNVQIPBTZ551 como identificador principal; Número desconhecido: 500844321; Número de empresa do Reino Unido: FC007891; SIREN francês: 402 835 961; Sesamm Company ID: 5b3bc6c2-8f29-4651-87f6-b43f0cd9fb53; Data de registro: 10 de dezembro de 1973; Diretores nomeados (JOSE CARLOS DE BRITO SITIMA, HENRIQUE SALEMA DE CARVALHO E SILVA, etc.); Participações acionárias em FUNFRAP-FUNDIÇÃO PORTUGUESA S.A. (3,6%), TOTTA URBE (100%), GESTISOL-SGPS SA (9%); Auditor BDO & ASSOCIADOS; Múltiplos endereços não mencionados na referência",NOT_ACCEPTABLE,"The actual answer presents a fundamentally incorrect LEI (5493000XNNVQIPBTZ551) as the primary identifier for 'Entidade 1', when the reference clearly states the correct LEI is 549300URJH9VSI58CS32. This constitutes a critical hallucination. The answer also invents extensive corporate governance details (directors, shareholdings, auditor) and multiple identifiers with no basis in the reference. While the answer does correctly identify the LEI 549300URJH9VSI58CS32 for 'Entidade 2' and captures the parent-subsidiary relationships with Banco Santander S.A. and ESTORES BANDARRA, LDA, the presentation of two separate entities with different LEIs creates confusion and contradicts the reference's single-entity structure. The answer omits several reference details (ISIN codes, S&P ID) but includes the correct subsidiary relationship, earning partial completeness credit.",Parcial,"The text_to_score contains the LEI (549300URJH9VSI58CS32), country (Portugal), addresses, SWIFT/BIC codes, and corporate structure relationships (parent: Banco Santander S.A., subsidiary: ESTORES BANDARRA, LDA). However, it is missing several key elements from the expected answer: the legal form (Sociedade Anónima), entity status (ACTIVE), S&P Capital IQ Company ID (873927), and all five ISIN codes (PTBSRCOM0038, PTSTOEOM0021, PTSTOFOM0004, PTBSPAOM0008, PTSTOGOM0003).",Parcial,"O text_to_score identifica corretamente o LEI 549300URJH9VSI58CS32 e a estrutura societária básica (entidade-mãe Banco Santander S.A. e filha ESTORES BANDARRA, LDA), mas apresenta também um LEI incorreto (5493000XNNVQIPBTZ551) como pertencente à mesma entidade. Faltam elementos essenciais da identificação completa: códigos ISIN, S&P Capital IQ Company ID, forma jurídica explícita, estado 'ACTIVE', e a distinção clara entre entidade-mãe direta vs. final.",False
sayari,71,Who is Leopoldo Alejandro Betancourt López? What are his corporate affiliations and any known risks or red flags associated with him?,"Acuris Risk Intelligence - Entities & Relationships (3rd Party Data); Acuris Risk Intelligence - Risk Information and Articles (3rd Party Data); Venezuela Contractors Registry (Government Procurement Records); Venezuela SAREN-IVSS Registry; Venezuela IVSS Registry; USA Florida Corporate Registry; teleceuta.com - ""La Audiencia Nacional ordena reabrir la investigación contra el empresario venezolano dueño de Hawkers"" (https://teleceuta.com/la-audiencia-nacional-ordena-reabrir-la-investigacion-contra-el-empresario-venezolano-dueno-de-hawkers/); tippinpoint.ch - ""Alejandro Betancourt wurde in London verhaftet"" (https://www.tippinpoint.ch/artikel/78305/alejandro_betancourt_wurde_in_london_verhaftet.html); elsiglo.com.ve - ""MP designa fiscales y órdenes de aprehensión"" (https://elsiglo.com.ve/2022/09/01/mp-designa-fiscales-y-ordenes-de-aprehension/); issuu.com - Otto Reich vs Derwick (https://issuu.com/soberania.org/docs/otto_reich_vs_derwick); eltiempolatino.com - ""Alejandro Betancourt: el 'Bolichico' acusado de hacer fortuna a costa de Venezuela"" (http://eltiempolatino.com/news/2019/may/30/alejandro-betancourt-el-bolichico-acusado-de-hacer/); el-carabobeno.com - ""El empresario Alejandro Betancourt implicado en lavado de dinero"" (https://www.el-carabobeno.com/el-empresario-alejandro-betancourt-implicado-en-lavado-de-dinero/); univision.com - ""Ex-subsecretario de Estado denuncia pago de sobornos"" (http://noticias.univision.com/article/1623524/2013-08-01/univision-investiga/ex-subsecretario-de-estado-de); courthousenews.com - ""Ex-Ambassador Accuses 'ChavezKids' of Bribery"" (http://www.courthousenews.com/2013/07/31/59868.htm); petroleumworld.com - ""U.S. Attorney asks Switzerland for Records in Widening PDVSA Investigation"" (http://www.petroleumworld.com/storyt16032502.htm); justice.gov (DOJ) - ""Two Members of Billion-Dollar Venezuelan Money Laundering Scheme Arrested"" (https://www.justice.gov/usao-sdfl/pr/two-members-billion-dollar-venezuelan-money-laundering-scheme-arrested)","Leopoldo Alejandro Betancourt López is a Venezuelan businessman also known by the aliases Alejandro Betancourt, Alejandro Betancourt López, Leopoldo Alejandro Betancourt, and the nickname ""Bolichico."" He was born on February 22, 1980, and is a Venezuelan national. His known identifiers include Venezuelan Cédula V-15394369 and Acuris Unique ID I4065110. Addresses associated with him span Venezuela (El Hatillo, Miranda State; Campo Alegre, Caracas), the United States (Olympic Tower, Fifth Avenue, New York; Florida), and Spain (Toledo).
He holds or has held multiple corporate roles, primarily tied to the Derwick Associates group of companies. He is listed as an officer of Derwick Associates USA, LLC (Florida), and as a board member and shareholder of Derwick, Associates Corporation (Barbados). He is a legal representative, board member, and shareholder of B.G.B. Energy, C.A., and holds similar roles (legal representative, board member, and shareholder) at Inversiones Ameritile, C.A. He is a board member of Listo Shipping Co. 1 and of Energy Cargo 2000, C.A., a legal representative of Centro Tecnológico de Turbinas CTT, C.A., and is recorded as an employee, legal representative, board member, and general linked party of Derwick Associates de Venezuela. He is also directly linked to Francisco Convit Guruceaga, another Venezuelan national (born 1978) who shares similar money-laundering-related risk events in the graph.
Betancourt López has substantial adverse media and risk event history, mostly relating to financial crime, corruption, and bribery allegations connected to Derwick Associates and Venezuela's state oil company PDVSA. In June 2026, Spain's Audiencia Nacional ordered the reopening of a money-laundering investigation against him (he is noted as the owner of the Hawkers eyewear brand). In September 2025, he was arrested in London on suspicion of corruption and money laundering, at the request of Spanish anti-corruption investigators, in connection with allegations that Derwick Associates bribed Venezuelan officials to secure power-plant construction contracts. In September 2022, Venezuela's Public Ministry issued an arrest warrant against him for alleged fraud committed during his tenure as a PDVSA-related official. Earlier records include a 2013 racketeering and bribery lawsuit filed by former U.S. Deputy Secretary of State Otto Reich, alleging that Derwick Associates (of which Betancourt was CEO/director) received PDVSA energy contracts through bribery, as well as 2019 adverse media reports describing him as one of the ""Bolichicos"" accused of profiting from Venezuela's state resources, including an alleged attempt to extract $1.2 billion from PDVSA, and links to a Miami federal investigation into Nicolás Maduro's stepsons.","## Leopoldo Alejandro Betancourt López - Profile Summary

Leopoldo Alejandro Betancourt López is a Venezuelan businessman with multiple entity records across different jurisdictions. The data shows several distinct but potentially related profiles:

### Primary Identity (Venezuela/USA/Spain)

**[BETANCOURT LOPEZ LEOPOLDO ALEJANDRO](https://graph.sayari.com/resource/entity/1WSfANvLAEVT7JOtExUXkw)** - Person

**Identifiers:**
- Venezuelan Cédula Number: V-15394369
- Partial Cédula: 15394369
- Unknown National ID: V-15.394.369
- Acuris ID: I4065110

**Known Aliases:**
- Alejandro Betancourt
- Bolichico
- Betancourt, Leopolodo Alejandro
- BETANCOURT LOPEZ, LEOPOLDO
- Leopoldo Alejandro Betancourt

**Addresses:**
- Av. Fco de Miranda Torre Kyra PH1 Campo Alegre, Caracas, 1060, VE
- El Hatillo, Miranda State, VE
- Olympic Tower 641 Fifth Avenue Penthouse 1, New York, New York, 10022, US
- Toledo, ES
- Florida, US

**Countries:** Venezuela, Spain, USA

---

## Corporate Affiliations

### Current Positions

1. **[DERWICK ASSOCIATES USA, LLC](https://graph.sayari.com/resource/entity/4SoccGADKlFZRI1lhPY20w)** (USA)
   - Position: Chairman / CEO
   - Status: Current

### Former Positions & Shareholdings

2. **[Derwick, Associates Corporation](https://graph.sayari.com/resource/entity/sFE3KB0hpN7vjstTizeLxA)** (Venezuela/Barbados)
   - Roles: Board Member, Shareholder
   - Ownership: 50%
   - Status: Former

3. **[B.G.B. ENERGY, C.A.](https://graph.sayari.com/resource/entity/VXFmdW37dQ3tiMUX_7xVrw)** (Venezuela)
   - Roles: Board Member, Shareholder, Legal Representative
   - Ownership: 30%
   - Status: Former

4. **[INVERSIONES AMERITILE C.A.](https://graph.sayari.com/resource/entity/-u0czqcSs3OpnKwSDvdTWA)** (Venezuela)
   - Roles: Board Member, Shareholder, Legal Representative
   - Ownership: 50%
   - Status: Former

5. **[DERWICK ASSOCIATES DE VENEZUELA](https://graph.sayari.com/resource/entity/DmWFST29kDBMaZq3SZ0w5A)** (Venezuela)
   - Roles: Official Contact, Board Member, Legal Representative, Employee
   - Status: Former

6. **[LISTO SHIPPING CO. 1](https://graph.sayari.com/resource/entity/RQWiGD1iYW7IzImg2hLVwg)** (Venezuela)
   - Role: Board Member
   - Status: Former

7. **[ENERGY CARGO 2000, C. A.](https://graph.sayari.com/resource/entity/-5RJOEBby96HfdzZ2LEqNQ)** (Venezuela)
   - Role: Board Member
   - Status: Former

8. **[CENTRO TECNOLOGICO DE TURBINAS CTT, C.A.](https://graph.sayari.com/resource/entity/FzSf8w-Yq_jZFE2vQAQz6w)** (Venezuela)
   - Role: Legal Representative
   - Status: Former

### Luxembourg Holdings

**[BETANCOURT LOPEZ, Leopoldo Alejandro](https://graph.sayari.com/resource/entity/Pdto1Gk5rJF6rQTAAI13hg)** (Luxembourg/UK/Italy/Venezuela profile)

This entity record shows beneficial ownership of Luxembourg-based companies:

9. **[Gainsboro Developments](https://graph.sayari.com/resource/entity/psUTJ7oxhFyJ_Y-r5TQYxw)** (Luxembourg/Portugal)
   - Role: Beneficial Owner
   - Ownership: 100%
   - Status: Current

10. **[Latin America Ventures S.à.r.l.](https://graph.sayari.com/resource/entity/lc_-t29eg4Uimv5fYl7OVw)** (Luxembourg)
    - Role: Beneficial Owner
    - Status: Current

11. **[Ming International](https://graph.sayari.com/resource/entity/Sin-mN9VKy_5pxr5-N_Ntg)** (Luxembourg)
    - Role: Beneficial Owner
    - Ownership: 100%
    - Status: Current

12. **[O'Hara Financial S.A.](https://graph.sayari.com/resource/entity/znDKfWzPmTv0KAM9laIrBg)** (Luxembourg)
    - Role: Beneficial Owner
    - Ownership: 100%
    - Status: Former

### UK Holdings

**[LEOPOLDO ALEJANDRO BETANCOURT LOPEZ](https://graph.sayari.com/resource/entity/Zrpgr4pyjCBzsCtzdWA_EA)** (UK/Italy profile)

13. **[HOMEK LIMITED](https://graph.sayari.com/resource/entity/D3QIDCDYqHI6IYTzSqfqiQ)** (UK)
    - Roles: Beneficial Owner, Director
    - Position: Has right to appoint and remove directors
    - Status: Former

**Addresses for UK profile:**
- 41 MONKS DRIVE, W3 0EB, ENGLAND
- Monks Drive, London, W3 0EB
- Kingsway, London, WC2B 6AH
- 70 KINGSWAY, WC2B 6AH, UNITED KINGDOM

### Canadian Holdings

**[Betancourt Lopez, Leopoldo Alejandro](https://graph.sayari.com/resource/entity/D-XLYbYnpzjIevBWqjbWKA)** (Canada profile)

14. **[Frontera Energy Corporation](https://graph.sayari.com/resource/entity/gNy4O9bXJfCsQVwJSwMU_w)** (Canada/Mexico/USA/Brazil)
    - Roles: Beneficial Owner, Director, Shareholder
    - Status: Current

### Known Associates

- **[Francisco Convit Guruceaga](https://graph.sayari.com/resource/entity/TPwvlnRJOYCsPgdy1iZz7Q)** (Venezuela) - Listed as an associate

---

## Risk Factors and Red Flags

### Direct Risk Flags (Primary Profile)

The primary Venezuelan/USA/Spain profile carries **10 distinct risk flags**:

1. **Law Enforcement Action** - The entity has been mentioned by official government websites or mass media outlets as wanted, charged, indicted, prosecuted, convicted, or sentenced in relation to a law enforcement action.

2. **Law Enforcement Action (Historic)** - Historic law enforcement mentions occurring more than 2 years ago.

3. **Reputational Risk - Financial Crime** - Mentioned in connection with financial crime-related criminal activity.

4. **Reputational Risk - Financial Crime (Recent)** - Recent mentions (within last 2 years but more than 3 months ago) indicating active or ongoing risk.

5. **Reputational Risk - Bribery and Corruption (Historic)** - Historic mentions (more than 2 years ago) related to bribery and corruption charges.

6. **Reputational Risk - Other** - Mentioned in connection with other reputational risk criminal activity.

7. **Reputational Risk - Other (Historic)** - Historic mentions of other reputational risks.

8. **Procurement Activity in High-Risk Jurisdiction (MEU List Contractors)** - Appears in government procurement records in Venezuela, a jurisdiction subject to U.S. export controls under §744.21 of the Export Administration Regulations (EAR).

9. **Basel AML Index** - Associated with countries that have elevated money laundering and terrorist financing risk.

10. **Corruption Perceptions Index (CPI Score)** - Associated with countries that have elevated corruption risk.

### Associated Entity Risk Flags

**Francisco Convit Guruceaga** (associate) carries similar risk flags including:
- Law Enforcement Action (current and historic)
- Reputational Risk - Bribery and Corruption (current and historic)
- Reputational Risk - Financial Crime (current and historic)
- Reputational Risk - Other (current and historic)
- Basel AML Index
- CPI Score

### Corporate Risk Flags

Multiple affiliated companies carry the **MEU List Contractors** flag, indicating procurement activity in high-risk jurisdictions (Venezuela):
- Derwick, Associates Corporation
- B.G.B. ENERGY, C.A.
- DERWICK ASSOCIATES DE VENEZUELA
- LISTO SHIPPING CO. 1
- INVERSIONES AMERITILE C.A.
- ENERGY CARGO 2000, C. A.
- CENTRO TECNOLOGICO DE TURBINAS CTT, C.A.

**Derwick, Associates Corporation** also carries an **EU High-Risk Third Country** flag.

### Luxembourg Holdings Risk

The Luxembourg beneficial ownership entities carry **Mass Address Usage** flags:
- Gainsboro Developments
- Latin America Ventures S.à.r.l.
- Ming International

This indicates registration at addresses shared by an unusually large number (>1000) of distinct entities, which can indicate use of mail-drops, registered agents, or shell-company addresses.

### Canadian Holdings Risk

**[Frontera Energy Corporation](https://graph.sayari.com/resource/entity/gNy4O9bXJfCsQVwJSwMU_w)** carries:
- **Regulatory Action** - Listed as subject to enforcement action by regulatory authorities
- **Owned by Entity Subject to Regulatory Action (PSA path)** - Network risk through ownership connections

The Canadian profile itself carries:
- **Owner of Entity Subject to Regulatory Action**
- **Owner of Entity Subject to Regulatory Action (May Include PSA Path)**

### Sanctions and PEP Status

**Important:** Leopoldo Alejandro Betancourt López is **NOT sanctioned** and is **NOT classified as a Politically Exposed Person (PEP)** in any of the entity records.

---

## Data Quality Notes

- The primary Venezuelan/USA/Spain profile has the most comprehensive identifier set and is marked with a ""risky"" quality flag.
- Multiple entity records exist across different jurisdictions (Venezuela, Luxembourg, UK, Canada), which may represent the same individual or different individuals with the same name.
- Several profiles are marked with ""sparse_identifiers"" quality flags, indicating limited identifying information.
- The Luxembourg and UK profiles show addresses in Caracas, Venezuela, suggesting potential connection to the primary Venezuelan profile.
- Data sources include: Venezuela IVSS Registry, Venezuela Contractors Registry, Venezuela SAREN-IVSS Registry, Acuris Risk Intelligence, Luxembourg Registry of Beneficial Owners, UK Persons with Significant Control, UK Corporate Registry, and Canada Securities Administrators Database.",True,2,2,3,4,2.4,True,False,June 2026 Spain Audiencia Nacional reopening of money-laundering investigation (adverse media); September 2025 arrest in London on suspicion of corruption and money laundering at request of Spanish anti-corruption investigators (law enforcement action); September 2022 Venezuela Public Ministry arrest warrant for alleged fraud as PDVSA-related official (law enforcement action); 2013 Otto Reich racketeering and bribery lawsuit alleging Derwick Associates received PDVSA contracts through bribery (litigation); 2019 adverse media reports describing him as 'Bolichico' accused of profiting from Venezuela including alleged $1.2 billion extraction attempt from PDVSA and links to Miami federal investigation into Maduro's stepsons (adverse media); Francisco Convit Guruceaga relationship context (money-laundering-related risk events),"Listed as Chairman/CEO of Derwick Associates USA, LLC as 'Current' position when reference does not specify current status; ownership percentages (50% Derwick Associates Corporation, 30% B.G.B. Energy, 50% Inversiones Ameritile) not mentioned in reference; Luxembourg, UK, and Canadian corporate affiliations (Gainsboro Developments, Latin America Ventures, Ming International, O'Hara Financial, HOMEK LIMITED, Frontera Energy Corporation) not mentioned in reference",,NOT_ACCEPTABLE,"The actual answer correctly identifies basic biographical information (birth date, nationality, cédula, aliases including 'Bolichico') and most core corporate affiliations with Derwick-related entities. However, it completely omits all specific adverse media events and litigation detailed in the reference: the 2026 Spanish investigation reopening, the 2025 London arrest, the 2022 Venezuelan arrest warrant, the 2013 Otto Reich lawsuit, and the 2019 media reports linking him to alleged PDVSA extraction schemes and the Maduro stepsons investigation. These constitute multiple instances of law enforcement action, litigation, and adverse media—all high-impact finding categories—triggering critical_omission. The actual answer provides only generic risk flags ('Law Enforcement Action,' 'Reputational Risk - Financial Crime') without the specific events. Factual_accuracy is penalized for asserting corporate relationships (Luxembourg/UK/Canadian holdings, specific ownership percentages) not present in the reference, though these may be plausible rather than fabricated. Completeness suffers significantly from the missing adverse events that form the core risk narrative in the reference.",Parcial,"The tool output provides substantial information about Betancourt López's identity (aliases, identifiers, addresses, countries), corporate affiliations (Derwick Associates entities, B.G.B. Energy, Inversiones Ameritile, etc.), and risk flags (law enforcement action, financial crime, bribery and corruption). However, it is missing the specific adverse media events and timeline details that constitute the 'known risks': the June 2026 Spanish money-laundering investigation reopening, September 2025 London arrest, September 2022 Venezuelan arrest warrant, 2013 Otto Reich lawsuit, 2019 'Bolichicos' reports, and the $1.2 billion PDVSA extraction allegation. The risk_levels arrays indicate categories of risk but do not contain the concrete events themselves.",Parcial,"The text_to_score contains comprehensive information about Betancourt López's identity, aliases, identifiers, addresses, and corporate affiliations, and includes detailed risk flags covering financial crime, bribery, corruption, and law enforcement action. However, it lacks the specific adverse media events and timeline details present in the expected answer: the June 2026 Spanish money-laundering investigation reopening, the September 2025 London arrest, the September 2022 Venezuelan arrest warrant, the 2013 Otto Reich lawsuit details, and the 2019 'Bolichicos' media reports with the $1.2 billion PDVSA allegation.",False
sayari,73,"Who owns and controls Allwyn Investments Cyprus Ltd, and what companies is it connected to?",Cyprus Department of Registrar of Companies and Official Receiver (Company Record); Malta Companies Register (Company Record); UK Corporate Registry (Company Record); UK Persons with Significant Control (Company Record); Infocredit Cyprus Company Shareholders Database (3rd Party Data); Brazil Receita Federal (Company Record); Austria Auszug.at Firmenbuch - Active Entities (Company Record); Austria Beneficial Ownership (Company Record),"Allwyn Investments Cyprus Ltd is a Cyprus-registered limited company (Cyprus Registration Number HE 432870), based at Neocleous House, 195 Arch. Makariou III Avenue, Limassol, Cyprus. It was formerly known as Rubidium Holding 2 Ltd and is currently listed as registered/active.
The company has four recorded directors: Katerina Jagiello Brandysova, Dimitris Rotis (Δημήτρης Ρώτης), and Androulla Papadopoulou (Ανδρούλλα Παπαδοπούλου), a Cypriot national born April 14, 1957, who also holds addresses in Limassol and London and appears with multiple passport and Cyprus ID identifiers across different filings. In addition, the corporate entity Montrago Services Limited (registered in Cyprus, with UK and Malta ties, Cyprus Registration Number HE 52239, status active/registered) is listed as an officer of Allwyn Investments Cyprus Ltd.
On the ownership side, Allwyn Investments Cyprus Ltd is a shareholder of Kaizen Gaming Holding Ltd., a Malta-registered holding company (Malta Company Registration Number C-104894, registered capital €280,612.50, with two classes of ordinary shares — 550,000 Class A and 11,225 Class B shares). Kaizen Gaming Holding is described as a holding/head-office entity and also has a registered presence in Brazil (Brazil CNPJ 52.810.540/0001-34, active status) and a recorded beneficial ownership filing in Austria.
No adverse media, litigation, or risk events are recorded for Allwyn Investments Cyprus Ltd or its associated individuals and companies in this data set; all records are standard corporate registry filings.","# Allwyn Investments Cyprus Ltd - Ownership, Control & Connections

## Company Overview
**[Allwyn Investments Cyprus Ltd](https://graph.sayari.com/resource/entity/C6rnBrdnhCmQSWVAH1Y67Q)** is a Cyprus-registered company with the following details:

- **Registration Number**: HE 432870
- **Registration Date**: April 5, 2022
- **Company Type**: LTD (Limited Company)
- **Former Name**: RUBIDIUM HOLDING 2 LTD
- **Address**: ARCH MAKARIOU III, 195, NEOCLEOUS HOUSE, 303 CYPRUS (also listed in Greek: Αρχ. Μακαρίου ΙΙΙ, 195, NEOCLEOUS HOUSE, 3030, Λεμεσός, Κύπρος)
- **Countries of Operation**: Cyprus (CYP), Malta (MLT)

## Risk Profile
The company has several risk flags:
- Basel AML Index risk
- CPI Score risk
- Owner of regulatory action entity
- PSA owner of regulatory action entity

The company is **not sanctioned** and has **no PEP (Politically Exposed Person) connections**.

## Directors (Control)
Allwyn Investments Cyprus Ltd is controlled by three directors:

1. **[KATERINA JAGIELLO BRANDYSOVA](https://graph.sayari.com/resource/entity/ziPjk9FQOTQeseroWywnEg)** - Διευθυντής (Director)
   - Country: Cyprus

2. **[ΔΗΜΗΤΡΗΣ ΡΟΤΗΣ](https://graph.sayari.com/resource/entity/fmnREtYxuirYkLz4Cm2FVw)** (DIMITRIS ROTIS) - Διευθυντής (Director)
   - Country: Cyprus

3. **[ΑΝΔΡΟΥΛΛΑ ΠΑΠΑΔΟΠΟΥΛΟΥ](https://graph.sayari.com/resource/entity/KGbZphtGAT848c3uY5QC7Q)** (ANDROULLA PAPADOPOULOU) - Διευθυντής (Director)
   - Countries: Cyprus, United Kingdom, Malta
   - Risk flags: Basel AML, CPI score, mass address usage, mass business registration

## Corporate Secretary
**[MONTRAGO SERVICES LIMITED](https://graph.sayari.com/resource/entity/RlxbSSfi7OB5t_UZO3rqlQ)** - Γραμματέας (Secretary)
- Countries: Cyprus, United Kingdom, Malta
- Risk flags: Basel AML, controlled by mass business registration, CPI score, mass address usage, mass business registration

## Ownership Structure
Allwyn Investments Cyprus Ltd does **not have identifiable upstream beneficial owners** in the available data. However, the company itself is a **shareholder** in:

### Direct Investment
**[KAIZEN GAMING HOLDING LTD.](https://graph.sayari.com/resource/entity/tuY3C-EQhO7pb3cfJ3m_Eg)** - **36.75% shareholding**
- Countries: Malta, Austria, Brazil
- Risk flags: Basel AML, controlled by mass business registration, CPI score, owner of regulatory action entity, PEP adjacent, PSA owner of regulatory action entity

## Connected Companies (Downstream Network)
Through its shareholding in Kaizen Gaming Holding Ltd., Allwyn Investments Cyprus Ltd is indirectly connected to an extensive network of companies. Key downstream entities include:

### Gaming & Sports Betting Operations
1. **[KAIZEN GAMING BRASIL LTDA.](https://graph.sayari.com/resource/entity/3YgG36mZdKF_1VPJPVViSg)** (Brazil)
   - CNPJ: 46.786.961/0001-74
   - Multiple addresses in São Paulo

2. **[KAIZEN GAMING CZ LIMITED](https://graph.sayari.com/resource/entity/pm96BGVSU7hHDnXhRo4MaA)** (Malta)
   - Company Number: C-99016

3. **[Betkick, Sportwettenservice GmbH](https://graph.sayari.com/resource/entity/ro-cYcSuOfB2C8DAvCQLJg)** (Austria)
   - Firmenbuch No: 298896d
   - National Bank No: 8229767

4. **[KAIZEN GAMING INTERNATIONAL LIMITED](https://graph.sayari.com/resource/entity/gqIeobKPg02SvZZ4CzTsmw)** (Malta, Mexico, Australia, UK, Canada)
   - Risk flags: Regulatory action, reputational risk (financial crime), PEP adjacent

5. **[STOIXIMAN LTD](https://graph.sayari.com/resource/entity/dsJWmnp9WO2tNIzV5c8Lqg)** (Cyprus, Malta)
   - Cyprus Registration: AE 3438
   - Malta Company Number: C-95597
   - Risk flags: PEP adjacent, reputational risk (financial crime)

6. **[DIGIFY INTERNATIONAL LIMITED](https://graph.sayari.com/resource/entity/2RXPFCrAteNjaq7CPvyQXg)** (Malta)
   - Company Number: C-82335

7. **[INSIPIA LTD](https://graph.sayari.com/resource/entity/5h-lJTcL7sVM8xlmaxhJvg)** (Malta)
   - Company Number: C-90252
   - Risk flags: Owned by regulatory action entity

8. **[KAIZEN GAMING BRASIL HOLDING LTDA](https://graph.sayari.com/resource/entity/7VZIU3uO_FdZIGPmB9SErA)** (Brazil)

### Additional Connected Entities
The network extends to **644+ connected entities** within 2 degrees of separation, including numerous Cyprus-based holding companies, trading companies, and service providers. Many of these entities share the same address at Neocleous House in Limassol, Cyprus, suggesting they are part of a corporate services structure.

## Data Sources
Information sourced from:
- Cyprus Department of Registrar of Companies and Official Receiver
- Malta Companies Register

## Summary
Allwyn Investments Cyprus Ltd is a Cyprus holding company that owns a significant 36.75% stake in Kaizen Gaming Holding Ltd., which operates a large gaming and sports betting network across multiple jurisdictions including Brazil, Malta, Austria, and Cyprus. The company is controlled by three directors and has a corporate secretary, all based in Cyprus or with Cyprus connections. While the ultimate beneficial owners are not identified in the available data, the company is part of an extensive corporate network with over 600 connected entities.",True,1,3,4,3,2.5,False,True,"Androulla Papadopoulou's date of birth (April 14, 1957) and multiple passport/ID identifiers; Montrago Services Limited listed as officer rather than secretary; Kaizen Gaming Holding Ltd's registered capital (€280,612.50) and share class details (550,000 Class A and 11,225 Class B shares); Brazil CNPJ for Kaizen Gaming Holding (52.810.540/0001-34); statement that no adverse media, litigation, or risk events are recorded",Montrago Services Limited described as 'Secretary' when reference states it is listed as an 'officer'; Allwyn Investments Cyprus Ltd described as owning 36.75% of Kaizen Gaming Holding Ltd when reference only states it is 'a shareholder' without specifying percentage,"36.75% shareholding in Kaizen Gaming Holding Ltd; registration date of April 5, 2022; extensive risk flags (Basel AML Index, CPI Score, regulatory action entities, PEP adjacent) for Allwyn Investments Cyprus Ltd and connected entities; 644+ connected entities within 2 degrees of separation; specific downstream companies and their details beyond what reference mentions",NOT_ACCEPTABLE,"The actual answer invents a specific 36.75% shareholding figure that does not appear in the reference, which only states Allwyn is 'a shareholder' of Kaizen Gaming Holding. It also fabricates numerous risk flags and regulatory concerns for Allwyn and connected entities, while the reference explicitly states 'No adverse media, litigation, or risk events are recorded.' The answer incorrectly describes Montrago as 'Secretary' when the reference says 'officer,' and adds an unverified registration date. While the answer covers core facts about directors, address, and the Kaizen Gaming connection, the invented shareholding percentage and fabricated risk profile constitute clear hallucinations that contradict the reference's clean bill of health.",Cubierta,"The raw tool output contains all substantive elements requested: Cyprus registration number HE 432870, former name RUBIDIUM HOLDING 2 LTD, address at Neocleous House/Arch Makariou III, three directors (KATERINA JAGIELLO BRANDYSOVA, ΔΗΜΗΤΡΗΣ ΡΩΤΗΣ, ΑΝΔΡΟΥΛΛΑ ΠΑΠΑΔΟΠΟΥΛΟΥ), officer MONTRAGO SERVICES LIMITED, and shareholder relationship to KAIZEN GAMING HOLDING LTD. (Malta-registered). Minor details like specific birth dates, passport IDs, and exact share capital figures are not present in this raw output, but these are granular data points of the correct type; the core ownership and control structure is fully represented.",Cubierta,"All substantive elements are present: Cyprus registration (HE 432870), former name (Rubidium Holding 2 Ltd), registered address at Neocleous House, the three individual directors (Katerina Jagiello Brandysova, Dimitris Rotis, Androulla Papadopoulou), Montrago Services Limited as corporate officer (labeled 'Secretary' vs 'officer' is not a material difference), and shareholding in Kaizen Gaming Holding Ltd with Malta registration and Brazil presence. Minor differences in detail level (e.g., Androulla's birth date and some passport details absent, exact share class breakdown simplified) do not constitute missing categories of information.",False
sayari,75,"Who is Ali Ansari? What sanctions or watchlist designations apply to him, and what companies is he connected to?",Sanction Record from USA Treasury OFAC Specially Designated Nationals (SDN) List; Sanction Record from UK Consolidated Sanctions List; Sanction Record from OpenSanctions - Global Sanctions List (Official Journal of the EU / EU-IRN program); Sanction Record from France National Asset Freeze Register; Sanction Record from Switzerland SECO Sanctions List; Supply Chain Screening Record from USA Consolidated Screening List; Risk Intelligence Record from Acuris Risk Intelligence - Entities & Relationships (3rd Party Data); Adverse Media Record from Acuris Risk Intelligence - Risk Information and Articles (3rd Party Data); Company Record from Germany Validatis Shareholder Lists (3rd Party Data); Company Record from Germany Beneficial Ownership; Company Record from Luxembourg Registry of Beneficial Owners; Company Record from Luxembourg Beneficial Ownership; Luxembourg RESA (Recueil Électronique des Sociétés et Associations) company filings; Company Record from UK Persons with Significant Control; Company Record from UK Corporate Registry; Company Record from Isle of Man Corporate Registry; Land/property Record from UK Land Overseas Company Ownership Data (OCOD); Company Record from Legal Entity Identifier (LEI) Registry (3rd Party Data); Company Record from UAE Cedar Rose Company Database (3rd Party Data); Iranian company gazette filings (آگهی تاسیس/تغییرات) for TAT-group companies and Bank Ayandeh,"Ali Ansari (also recorded as Ali Aliakbar Ansari, Aliakbar Ansari, and علی انصاری) is an Iranian businessman, born December 26, 1968, associated with Iran, the United Arab Emirates (Dubai), Cyprus, the United Kingdom, Saint Kitts and Nevis, Luxembourg, and Germany. He holds multiple passports (Iranian, Cypriot, and one from St Kitts and Nevis) and an Iranian national ID number.
He is currently sanctioned by several authorities. The U.S. Treasury's OFAC added him to the Specially Designated Nationals (SDN) List under Executive Order 13224 (terrorism), with secondary-sanctions exposure and links to the IRGC and Iran-related programs. The UK Consolidated Sanctions List designates him under the Iran (Sanctions) Regulations 2023, citing support for hostile Iranian government activity via economic resources to the IRGC, with an asset freeze, travel ban, and director disqualification. He also appears on the EU sanctions list (via the Official Journal of the EU / OpenSanctions), France's National Asset Freeze Register, Switzerland's SECO sanctions list, and the U.S. Consolidated Screening List for export controls.
The stated rationale across these listings is consistent: Ansari is described as the former owner of Bank Ayandeh (Ayandeh Bank) and of the Iran Mall, who used a network of companies and foreign banking channels — funded in part by Iranian oil sales — to move money abroad in support of Iran's military and the IRGC. He is also said to have acquired real estate and other assets in the EU and UK on behalf of individuals connected to Iran's leadership, including Mojtaba Khamenei, who is directly linked to him in the sanctions data.
His corporate network spans several jurisdictions. In Germany, he is a shareholder of Allsco GmbH (real estate/hospitality-related activities) and a beneficial owner, director, and shareholder of German ETD GmbH (construction-materials wholesale and R&D). In Luxembourg, he is the beneficial owner of Leopard Germany Bero 1 S.à r.l. and Leopard Germany Bero 2 S.à r.l. (holding companies) and of Tidalwave Holdings I S.à r.l. (a financial holding/""Soparfi""). In the UK/Isle of Man, he is the beneficial owner of Birch Ventures Limited, which owns UK real estate per the UK's Overseas Companies Ownership Data register. In the UAE, he is listed as beneficial owner, manager, and shareholder of TAT Building Materials Trading L.L.C. in Dubai. He is also linked to Ziba Leisure Limited (also known as Smart Global Limited), a Saint Kitts and Nevis/UK-registered holding company that is separately OFAC-sanctioned.
The data also shows a set of former (historical) roles in Iran, including director of and links to Bank Ayandeh, and board membership or links to a group of Iranian ""TAT"" companies and charitable foundations — among them Towse'e Sakhtemani Saman, Ansar Zarandieh Industrial Town Company, Tehran Pipe and Profile Manufacturing Company, Tat Ansar Investment Group, and several Tat-affiliated charitable foundations — reflecting his earlier business network inside Iran before his current sanctioned status.","# Ali Ansari - Sanctions and Watchlist Profile

## Identity

[Ali Ansari](https://graph.sayari.com/resource/entity/9Ecv5KcN6_BsR7gicQMeYw) is a sanctioned individual with multiple aliases and international connections. 

**Alternative Names:**
- علی انصاری (Persian script)
- Aliakbar Ansari
- Ali Akbar ANSARI
- Ali Aliakbar ANSARI
- علی انصاری دارای کدملی (Persian script)

**Identifiers:**
- Iranian National ID: 4320705718
- Passports: B65348454, L00017629, P41219058, RE003666

**Addresses:**
- Villa Mdb Base 2, 394 Emirates Hills Third PO Box 120058, Dubai, United Arab Emirates
- Ghazvin, Iran

**Associated Countries:**
- United Arab Emirates (ARE)
- Luxembourg (LUX)
- United Kingdom (GBR)
- Saint Kitts and Nevis (KNA)
- Germany (DEU)

---

## Sanctions and Watchlist Designations

Ali Ansari is subject to **extensive international sanctions** across multiple jurisdictions:

### Primary Sanctions:

1. **USA OFAC SDN List** - Specially Designated Nationals and Blocked Persons List by the U.S. Department of the Treasury, Office of Foreign Assets Control (OFAC)

2. **Specially Designated Global Terrorist (SDGT)** - Designated by the U.S. Department of Treasury for engaging in terrorist activity that threatens U.S. national security. This designation includes:
   - Asset freezing
   - Prohibition of transactions with U.S. persons
   - Financial system restrictions

3. **EU Restrictive Measures** - Subject to targeted restrictive measures imposed by the Council of the European Union, including asset freezes, travel bans, and other economic restrictions

4. **UK Sanctions List** - Subject to sanctions by the UK Foreign, Commonwealth & Development Office, including financial, immigration, trade, aircraft, and shipping sanctions

5. **Switzerland SECO Sanctions List** - Subject to financial, trade, travel, diplomatic, cultural, and air traffic sanctions imposed by Switzerland

6. **France National Asset Freeze Register** - Subject to asset freezing measures in force on French territory

7. **Export Control Lists** - Subject to trade restrictions per the U.S. Consolidated Screening List, with restrictions on certain exports, reexports, or transfers of items

### Additional Risk Flags:
- Owner of export-controlled entities
- Owner of OFAC SDGT sanctioned entities
- Owner of sanctioned entities across multiple jurisdictions
- PEP adjacent (Politically Exposed Person adjacent)

---

## Company Connections

Ali Ansari has ownership, management, and directorship roles in multiple companies across several jurisdictions:

### Direct Ownership/Shareholding:

1. **[Allsco GmbH](https://graph.sayari.com/resource/entity/xdjQD-CrnxCWs0TNtgFBKg)** (Germany)
   - Ownership: 5.2%
   - Status: Active

2. **[Smart Global Limited](https://graph.sayari.com/resource/entity/ww0vcOmf84WSApPj5i7YEw)** (UK, Saint Kitts and Nevis, Australia, South Africa)
   - **SANCTIONED** - USA OFAC SDN List
   - Position: Linked to Smart Global Limited
   - Status: Active

3. **[GERMAN ETD GMBH](https://graph.sayari.com/resource/entity/te80wsSDijaYzKtC-W-5Qw)** (Germany, Italy)
   - Ownership: 100%
   - Position: Managing Director
   - Status: Active
   - Risk: Controlled by EU sanctioned, OFAC SDGT sanctioned, OFAC SDN, and UK sanctioned entities; subject to EU 50% rule, OFAC 50% rule, and UK 50% rule

4. **[TAT BUILDING MATERIALS TRADING L.L.C](https://graph.sayari.com/resource/entity/OMf0ad_PTuSLxtiD8xE-6A)** (United Arab Emirates)
   - Ownership: 46%
   - Position: Manager
   - Status: Active
   - Risk: Controlled by EU sanctioned, OFAC SDGT sanctioned, OFAC SDN, and UK sanctioned entities

### Beneficial Ownership:

1. **[GERMAN ETD GMBH](https://graph.sayari.com/resource/entity/te80wsSDijaYzKtC-W-5Qw)** (Germany, Italy)
   - 100% beneficial ownership
   - Managing Director

2. **[Leopard Germany Bero 1 S.àr.l.](https://graph.sayari.com/resource/entity/dq02U1hWB3yAKohgjxx1MA)** (Luxembourg)
   - 55% beneficial ownership
   - Risk: Controlled by mass business registration, mass address usage

3. **[Tidalwave Holdings I S.à r.l.](https://graph.sayari.com/resource/entity/Pd8hITdRHtGt4G0GAwr4Lw)** (Luxembourg)
   - 55% beneficial ownership
   - Risk: Controlled by mass business registration, mass address usage

4. **[TAT BUILDING MATERIALS TRADING L.L.C](https://graph.sayari.com/resource/entity/OMf0ad_PTuSLxtiD8xE-6A)** (United Arab Emirates)
   - 46% beneficial ownership

5. **[Leopard Germany Bero 2 S.àr.l.](https://graph.sayari.com/resource/entity/GeFDExXFxLhwWFUB_JJwhA)** (Luxembourg)
   - 47% beneficial ownership
   - Risk: Controlled by mass business registration, mass address usage

6. **[BIRCH VENTURES LIMITED](https://graph.sayari.com/resource/entity/1l1hng9W2NI5X4glgAQ_rg)** (UK, Isle of Man)
   - Beneficial owner
   - Risk: Mass address usage

### Directorships:

1. **[GERMAN ETD GMBH](https://graph.sayari.com/resource/entity/te80wsSDijaYzKtC-W-5Qw)** (Germany, Italy)
   - Managing Director (current)

2. **[بانک آینده / Ayandeh Bank](https://graph.sayari.com/resource/entity/pErB_CAmpZ-GvK4DoOi8_g)** (Iran)
   - **SANCTIONED** - USA OFAC SDN List
   - Former Director
   - Additional risks: Regulatory action, reputational risk, SOE adjacent, PEP adjacent

### Management Roles:

1. **[TAT BUILDING MATERIALS TRADING L.L.C](https://graph.sayari.com/resource/entity/OMf0ad_PTuSLxtiD8xE-6A)** (United Arab Emirates)
   - Manager (current)

### Board Memberships (Former):

1. **[شرکت توسعه ساختمانی سامان](https://graph.sayari.com/resource/entity/mw7bs24xCCH07umA3QC75w)** (Iran)
   - Former Vice President of the Board

2. **[10320780362](https://graph.sayari.com/resource/entity/ffAY-YRGMJ_ViAoJgBRUqw)** (Iran)
   - Former President of the Board

3. **[10103271390](https://graph.sayari.com/resource/entity/V_DDqvuzAptZQo4OikrDDA)** (Iran)
   - Former Board Member

---

## Summary

Ali Ansari is a heavily sanctioned individual with:
- **13 total company connections**
- **6 beneficial ownership positions**
- **4 shareholding positions**
- **2 directorships** (1 current, 1 former)
- **1 management position**
- **3 former board memberships**

His network spans multiple jurisdictions including Germany, Luxembourg, United Arab Emirates, United Kingdom, Iran, and others. Several of his connected entities are themselves sanctioned or subject to significant risk flags, including being controlled by sanctioned individuals and subject to the 50% ownership rules under OFAC, EU, and UK sanctions regimes.

**Data Sources:** USA Treasury OFAC SDN List, Acuris Risk Intelligence, Germany Beneficial Ownership, Iran Rooznameh Gazette",True,5,4,5,5,4.65,False,False,"Date of birth (December 26, 1968); specific Executive Order 13224 (terrorism) designation basis; UK Iran (Sanctions) Regulations 2023 citation; rationale describing him as former owner of Bank Ayandeh and Iran Mall who used networks to move money for IRGC; connection to Mojtaba Khamenei; Ziba Leisure Limited (also known as Smart Global Limited) as a separately sanctioned entity; historical roles in Iranian TAT companies and charitable foundations including Ansar Zarandieh Industrial Town Company, Tehran Pipe and Profile Manufacturing Company, Tat Ansar Investment Group",,,ACCEPTABLE,"The actual answer correctly identifies Ali Ansari's sanctions across all major jurisdictions (OFAC SDN, UK, EU, France, Switzerland, US Consolidated Screening List), his multiple passports and Iranian national ID, and his corporate network spanning Germany (Allsco GmbH, German ETD GmbH), Luxembourg (Leopard Germany Bero 1 & 2, Tidalwave Holdings I), UAE (TAT Building Materials Trading), UK/Isle of Man (Birch Ventures), and his former directorship of Bank Ayandeh. All factual claims are accurate and consistent with the reference. The answer omits some contextual details: his date of birth, the specific terrorism-related Executive Order 13224 basis, the detailed rationale about funding IRGC through oil sales and acquiring assets for Iranian leadership including Mojtaba Khamenei, the Ziba Leisure Limited alternative name for Smart Global Limited, and several historical Iranian company affiliations (Ansar Zarandieh, Tehran Pipe, Tat Ansar Investment Group). However, all core sanctions and company connections are present. Traceability is excellent with explicit source citations throughout. No high-impact findings are completely absent—sanctions, beneficial ownership, and corporate relationships are all covered, so critical_omission remains false despite the contextual gaps.",Parcial,"The tool output identifies the correct sanctioned Iranian Ali Ansari (entity_id 9Ecv5KcN6_BsR7gicQMeYw) with multiple sanctions (OFAC SDN, EU, UK, Switzerland, France) and lists several connected companies (Allsco GmbH, German ETD GmbH, TAT Building Materials Trading L.L.C, Smart Global Limited/Ziba Leisure, and Luxembourg holding companies). However, critical biographical details are missing: no birth date (December 26, 1968), no mention of former ownership of Bank Ayandeh or Iran Mall, no reference to the IRGC connection or Executive Order 13224 rationale, no mention of Mojtaba Khamenei, no UK Overseas Companies register data for Birch Ventures Limited, and no historical Iranian TAT-affiliated roles or charitable foundations.",Cubierta,"The text_to_score contains all substantive elements requested: Ali Ansari's identity (with aliases, birth date implied through ID numbers, nationalities via passports and addresses), comprehensive sanctions listings (OFAC SDN, UK, EU, France, Switzerland, U.S. Consolidated Screening List) with rationale linking him to IRGC and Iranian government support, and his corporate network across Germany (Allsco GmbH, German ETD GmbH), Luxembourg (Leopard Germany Bero 1 & 2, Tidalwave Holdings), UAE (TAT Building Materials), UK/Isle of Man (Birch Ventures), and historical Iranian roles (Ayandeh Bank director, board memberships). Minor differences in specific percentages, exact regulatory citations, or detailed narrative about Mojtaba Khamenei do not constitute missing substance—the core facts are present.",False
